{"stats":{"minecraft:used":{"farmersdelight:cabbage":2,"minecraft:torch":10,"mowziesmobs:umvuthana_mask_bliss":3,"minecraft:dirt":3,"minecraft:mutton":3,"toughasnails:empty_canteen":4,"minecraft:wooden_axe":6,"minecraft:mangrove_log":38,"minecraft:iron_axe":4,"mowziesmobs:umvuthana_mask_rage":1,"minecraft:mangrove_roots":6,"minecraft:furnace":4,"minecraft:mangrove_slab":26,"minecraft:cooked_beef":10,"minecraft:acacia_planks":22,"minecraft:mangrove_boat":1,"minecraft:wheat_seeds":13,"minecraft:cooked_mutton":7,"minecraft:glass_bottle":34,"minecraft:stone_pickaxe":81,"minecraft:mangrove_planks":14,"minecraft:oak_planks":1,"minecraft:wooden_pickaxe":4,"minecraft:sandstone":9,"toughasnails:water_canteen":31,"minecraft:sand":44,"minecraft:crafting_table":7,"minecraft:white_bed":5,"minecraft:shears":175,"minecraft:mangrove_door":1,"minecraft:iron_pickaxe":30,"minecraft:leather_helmet":1,"minecraft:acacia_fence_gate":1,"minecraft:stone_axe":111,"minecraft:cobblestone":19,"minecraft:potion":31,"toughasnails:purified_water_canteen":4},"minecraft:crafted":{"minecraft:oak_planks":12,"minecraft:furnace":2,"minecraft:mangrove_boat":1,"toughasnails:leaf_leggings":8,"minecraft:cooked_mutton":6,"minecraft:glass":8,"minecraft:iron_axe":1,"minecraft:stone_pickaxe":1,"toughasnails:leaf_helmet":3,"minecraft:cooked_beef":17,"minecraft:glass_bottle":3,"toughasnails:leaf_boots":8,"minecraft:crafting_table":2,"toughasnails:leaf_chestplate":7,"minecraft:wooden_pickaxe":2,"minecraft:mangrove_door":3,"create:zinc_nugget":18,"minecraft:mangrove_planks":44,"minecraft:stone_axe":1,"minecraft:air":0,"minecraft:stick":16,"minecraft:iron_ingot":22,"minecraft:iron_pickaxe":1,"minecraft:wooden_axe":1,"minecraft:white_bed":1,"minecraft:acacia_planks":36,"minecraft:torch":4,"create:zinc_ingot":9,"minecraft:mangrove_slab":24,"toughasnails:empty_canteen":1},"minecraft:killed_by":{"mowziesmobs:umvuthana_follower_raptor":1,"sanitydim:rotting_stalker":1,"man:managgresive":1},"minecraft:broken":{"minecraft:leather_helmet":1,"toughasnails:water_canteen":1,"toughasnails:purified_water_canteen":1},"minecraft:mined":{"create:zinc_ore":9,"minecraft:white_bed":4,"minecraft:mangrove_roots":9,"minecraft:acacia_log":2,"minecraft:grass_block":1,"farmersdelight:wild_cabbages":7,"minecraft:moss_block":2,"minecraft:tall_seagrass":4,"minecraft:redstone_ore":1,"minecraft:furnace":4,"minecraft:iron_ore":1,"minecraft:big_dripleaf_stem":1,"minecraft:vine":3,"minecraft:azalea":1,"minecraft:stone":41,"create:white_seat":1,"minecraft:clay":1,"minecraft:crafting_table":8,"minecraft:torch":4,"minecraft:copper_ore":8,"minecraft:cobblestone":1,"minecraft:lapis_ore":2,"minecraft:oak_planks":14,"minecraft:wall_torch":4,"farmersdelight:sandy_shrub":1,"minecraft:mud":1,"minecraft:wheat":1,"minecraft:mangrove_planks":2,"minecraft:mangrove_leaves":161,"minecraft:grass":98,"minecraft:mangrove_slab":2,"minecraft:oak_log":6,"minecraft:coal_ore":10,"minecraft:sand":12,"minecraft:dirt":2,"minecraft:mangrove_log":40,"minecraft:gold_ore":3,"minecraft:oak_leaves":27},"minecraft:dropped":{"minecraft:cooked_beef":3,"minecraft:acacia_log":1,"toughasnails:leaf_boots":5,"minecraft:potion":3,"toughasnails:leaf_helmet":3,"minecraft:mud":1,"toughasnails:leaf_leggings":6,"minecraft:acacia_planks":14,"minecraft:redstone":5,"minecraft:stone_axe":3,"minecraft:moss_carpet":1,"toughasnails:leaf_chestplate":6,"minecraft:mangrove_roots":1,"minecraft:rotten_flesh":1,"toughasnails:purified_water_bottle":1,"minecraft:glass":5},"minecraft:custom":{"minecraft:mob_kills":32,"minecraft:interact_with_crafting_table":50,"minecraft:damage_dealt_resisted":18,"minecraft:leave_game":19,"minecraft:time_since_death":6230,"minecraft:climb_one_cm":2597,"minecraft:sprint_one_cm":284729,"minecraft:walk_one_cm":285305,"minecraft:drop":48,"minecraft:talked_to_villager":3,"minecraft:play_time":128609,"minecraft:sneak_time":9373,"minecraft:deaths":9,"minecraft:walk_under_water_one_cm":15765,"minecraft:boat_one_cm":665549,"minecraft:jump":2237,"minecraft:walk_on_water_one_cm":30472,"minecraft:total_world_time":128609,"minecraft:interact_with_furnace":64,"minecraft:sleep_in_bed":14,"minecraft:time_since_rest":6258,"minecraft:damage_taken":3029,"minecraft:damage_dealt":4162,"minecraft:swim_one_cm":58527,"minecraft:player_kills":1,"minecraft:fly_one_cm":429741,"minecraft:open_chest":19,"minecraft:crouch_one_cm":24748,"minecraft:fall_one_cm":65385},"minecraft:picked_up":{"toughasnails:leaf_leggings":1,"minecraft:mud":1,"minecraft:crafting_table":14,"minecraft:wooden_pickaxe":10,"minecraft:potion":4,"mowziesmobs:spear":1,"minecraft:moss_carpet":1,"minecraft:raw_copper":207,"minecraft:iron_axe":1,"minecraft:wooden_sword":1,"farmersdelight:cabbage":2,"minecraft:beef":17,"minecraft:acacia_fence_gate":1,"create:white_seat":1,"minecraft:iron_pickaxe":1,"minecraft:sugar_cane":10,"minecraft:mangrove_log":64,"farmersdelight:cabbage_seeds":8,"minecraft:furnace":4,"minecraft:egg":5,"minecraft:stick":28,"minecraft:raw_iron":1,"minecraft:sandstone":18,"minecraft:big_dripleaf":4,"minecraft:torch":30,"minecraft:bowl":5,"minecraft:acacia_log":12,"minecraft:vine":2,"minecraft:redstone":5,"minecraft:rotten_flesh":7,"minecraft:arrow":23,"minecraft:mangrove_stairs":5,"minecraft:beetroot_seeds":10,"farmersdelight:onion":4,"minecraft:shears":2,"mowziesmobs:umvuthana_mask_bliss":3,"farmersdelight:rope":17,"minecraft:mangrove_roots":9,"minecraft:white_terracotta":1,"minecraft:glow_berries":1,"minecraft:mutton":9,"minecraft:white_wool":6,"minecraft:cobblestone":53,"minecraft:feather":37,"minecraft:cooked_beef":2,"minecraft:leather":13,"minecraft:potato":7,"minecraft:filled_map":1,"create:raw_zinc":9,"minecraft:oak_log":6,"minecraft:gunpowder":18,"minecraft:acacia_boat":1,"minecraft:paper":12,"minecraft:lapis_lazuli":14,"farmersdelight:flint_knife":1,"minecraft:mangrove_slab":17,"minecraft:dirt":3,"man:cassette_1safetyinstructions":1,"minecraft:cooked_mutton":2,"minecraft:bone":13,"minecraft:acacia_planks":37,"mowziesmobs:umvuthana_mask_rage":1,"minecraft:bow":4,"minecraft:wheat_seeds":15,"minecraft:raw_gold":6,"minecraft:stone_pickaxe":7,"minecraft:glass_bottle":4,"minecraft:moss_block":5,"minecraft:mangrove_planks":13,"mowziesmobs:umvuthana_mask_misery":1,"minecraft:oak_planks":14,"toughasnails:leaf_chestplate":2,"toughasnails:purified_water_canteen":2,"minecraft:sand":84,"minecraft:white_bed":4,"minecraft:leather_helmet":2,"minecraft:mangrove_leaves":134,"toughasnails:water_canteen":2,"minecraft:stone_axe":10,"minecraft:bread":7,"minecraft:mangrove_propagule":8,"minecraft:coal":40,"minecraft:oak_leaves":25},"minecraft:killed":{"minecraft:spider":1,"minecraft:skeleton":2,"minecraft:drowned":1,"minecraft:zombie_villager":1,"mowziesmobs:umvuthana_follower_raptor":12,"minecraft:creeper":3,"minecraft:sheep":3,"minecraft:zombie":4,"mowziesmobs:umvuthana_raptor":1,"minecraft:cow":4}},"DataVersion":3465}