{"stats":{"minecraft:killed_by":{"minecraft:enderman":1,"mowziesmobs:umvuthana_follower_raptor":1,"sanitydim:rotting_stalker":1,"man:managgresive":2},"minecraft:mined":{"create:zinc_ore":9,"minecraft:white_bed":4,"create:andesite_casing":1,"minecraft:mangrove_roots":9,"minecraft:acacia_log":2,"minecraft:grass_block":69,"minecraft:jungle_planks":4,"farmersdelight:tomatoes":3,"farmersdelight:wild_cabbages":7,"minecraft:moss_block":2,"minecraft:tall_seagrass":17,"minecraft:redstone_ore":1,"minecraft:furnace":6,"farmersdelight:wild_rice":7,"minecraft:iron_ore":1,"minecraft:pumpkin":2,"minecraft:big_dripleaf_stem":1,"minecraft:vine":3,"farmersdelight:rope":2,"minecraft:stripped_oak_log":2,"farmersdelight:rice_panicles":2,"minecraft:azalea":1,"minecraft:stone":41,"farmersdelight:cooking_pot":1,"create:white_seat":2,"minecraft:acacia_leaves":13,"toughasnails:water_purifier":1,"minecraft:dandelion":2,"minecraft:clay":1,"minecraft:torch":4,"minecraft:crafting_table":9,"minecraft:poppy":1,"minecraft:dead_bush":1,"farmersdelight:cabbages":2,"minecraft:copper_ore":8,"minecraft:cobblestone":1,"farmersdelight:wild_tomatoes":14,"minecraft:lapis_ore":2,"minecraft:oak_planks":15,"minecraft:bricks":29,"minecraft:wall_torch":4,"minecraft:seagrass":3,"create:schematic_table":1,"farmersdelight:sandy_shrub":1,"minecraft:mud":1,"minecraft:wheat":46,"minecraft:mangrove_planks":2,"minecraft:tnt":1,"minecraft:mangrove_leaves":161,"minecraft:grass":144,"minecraft:mangrove_slab":2,"minecraft:coal_ore":10,"minecraft:oak_log":70,"minecraft:sand":136,"minecraft:dirt":16,"minecraft:mangrove_log":40,"minecraft:gold_ore":3,"minecraft:oak_leaves":27},"minecraft:dropped":{"farmersdelight:iron_knife":1,"minecraft:cooked_beef":4,"minecraft:acacia_log":1,"farmersdelight:cabbage_rolls":2,"toughasnails:leaf_boots":5,"minecraft:potion":3,"toughasnails:leaf_helmet":3,"farmersdelight:cooked_salmon_slice":4,"minecraft:mud":1,"toughasnails:leaf_leggings":7,"minecraft:acacia_planks":14,"minecraft:redstone":5,"farmersdelight:rotten_tomato":1,"minecraft:stone_axe":3,"minecraft:moss_carpet":1,"toughasnails:leaf_chestplate":6,"minecraft:mangrove_roots":1,"minecraft:stone_shovel":1,"minecraft:wheat":26,"minecraft:rotten_flesh":5,"minecraft:stripped_oak_log":1,"farmersdelight:straw":1,"minecraft:flint_and_steel":1,"minecraft:poppy":2,"farmersdelight:fried_egg":1,"toughasnails:purified_water_bottle":1,"minecraft:wooden_shovel":1,"minecraft:glass":5},"minecraft:crafted":{"minecraft:brick":180,"minecraft:oak_planks":28,"minecraft:furnace":2,"minecraft:mangrove_boat":1,"farmersdelight:rope":12,"toughasnails:leaf_leggings":9,"minecraft:cooked_mutton":6,"minecraft:glass":8,"minecraft:iron_axe":1,"create:millstone":1,"minecraft:stone_pickaxe":1,"farmersdelight:tomato_sauce":6,"farmersdelight:rice":2,"toughasnails:leaf_helmet":3,"minecraft:bricks":45,"create:cogwheel":1,"minecraft:cooked_beef":17,"minecraft:glass_bottle":3,"toughasnails:leaf_boots":9,"minecraft:crafting_table":3,"toughasnails:leaf_chestplate":7,"minecraft:wooden_pickaxe":2,"farmersdelight:egg_sandwich":12,"minecraft:mangrove_door":3,"minecraft:bowl":8,"create:zinc_nugget":27,"minecraft:mangrove_planks":44,"minecraft:oak_wood":3,"minecraft:stone_axe":2,"farmersdelight:wheat_dough":6,"minecraft:air":0,"minecraft:stick":16,"minecraft:iron_ingot":22,"minecraft:iron_pickaxe":1,"minecraft:wooden_axe":1,"minecraft:white_bed":1,"minecraft:acacia_planks":36,"minecraft:torch":4,"create:zinc_ingot":9,"minecraft:mangrove_slab":24,"toughasnails:empty_canteen":1},"minecraft:killed":{"minecraft:spider":2,"minecraft:skeleton":3,"minecraft:drowned":2,"minecraft:zombie_villager":1,"mowziesmobs:umvuthana_follower_raptor":16,"minecraft:creeper":3,"minecraft:sheep":3,"minecraft:zombie":8,"mowziesmobs:umvuthana_raptor":2,"minecraft:cow":4},"minecraft:used":{"minecraft:iron_shovel":184,"minecraft:flint_and_steel":5,"toughasnails:water_purifier":1,"create:schematic_table":1,"mowziesmobs:umvuthana_mask_fear":1,"farmersdelight:cabbage_rolls":5,"farmersdelight:cabbage_seeds":5,"minecraft:shield":2,"farmersdelight:cabbage":2,"minecraft:torch":10,"mowziesmobs:umvuthana_mask_bliss":3,"minecraft:dirt":271,"minecraft:mutton":3,"minecraft:jungle_planks":4,"farmersdelight:fish_stew":2,"toughasnails:empty_canteen":9,"minecraft:oak_wood":1,"farmersdelight:rope":14,"farmersdelight:beef_patty":4,"minecraft:wooden_axe":6,"minecraft:mangrove_log":38,"minecraft:bricks":119,"minecraft:iron_axe":111,"farmersdelight:cooked_salmon_slice":7,"create:millstone":1,"mowziesmobs:umvuthana_mask_rage":1,"minecraft:mangrove_roots":6,"mowziesmobs:spear":16,"minecraft:mangrove_slab":26,"minecraft:furnace":6,"farmersdelight:cooking_pot":1,"minecraft:egg":1,"farmersdelight:tomato_seeds":17,"minecraft:cooked_beef":10,"minecraft:acacia_planks":22,"minecraft:cooked_mutton":7,"farmersdelight:fried_egg":11,"minecraft:mangrove_boat":1,"farmersdelight:iron_knife":1,"minecraft:wheat_seeds":66,"toughasnails:leaf_leggings":1,"minecraft:glass_bottle":34,"minecraft:stone_pickaxe":81,"minecraft:mangrove_planks":14,"minecraft:oak_planks":1,"farmersdelight:golden_knife":44,"minecraft:wooden_pickaxe":4,"farmersdelight:pumpkin_slice":1,"minecraft:sandstone":9,"toughasnails:water_canteen":123,"minecraft:sand":456,"minecraft:crafting_table":8,"minecraft:white_bed":5,"farmersdelight:rice":2,"minecraft:shears":188,"minecraft:oak_log":56,"minecraft:mangrove_door":1,"farmersdelight:cooked_chicken_cuts":1,"minecraft:iron_pickaxe":65,"minecraft:leather_helmet":1,"toughasnails:leaf_chestplate":1,"create:white_seat":2,"minecraft:acacia_fence_gate":1,"minecraft:stone_axe":143,"minecraft:cobblestone":19,"minecraft:potion":31,"toughasnails:purified_water_canteen":4,"minecraft:stripped_oak_log":1,"minecraft:bone_meal":5},"minecraft:broken":{"minecraft:leather_helmet":1,"toughasnails:leaf_leggings":2,"minecraft:iron_shovel":1,"toughasnails:leaf_boots":3,"toughasnails:water_canteen":5,"minecraft:iron_axe":1,"toughasnails:purified_water_canteen":1},"minecraft:custom":{"minecraft:mob_kills":44,"minecraft:inspect_hopper":1,"minecraft:interact_with_crafting_table":79,"minecraft:damage_dealt_resisted":48,"minecraft:leave_game":34,"minecraft:time_since_death":3003,"minecraft:climb_one_cm":6224,"minecraft:damage_resisted":13,"minecraft:sprint_one_cm":562889,"minecraft:walk_one_cm":545183,"minecraft:damage_blocked_by_shield":165,"minecraft:drop":93,"minecraft:talked_to_villager":3,"minecraft:play_time":240286,"minecraft:sneak_time":14676,"minecraft:deaths":11,"minecraft:walk_under_water_one_cm":32002,"minecraft:boat_one_cm":843393,"minecraft:jump":4275,"minecraft:walk_on_water_one_cm":54313,"minecraft:total_world_time":240286,"minecraft:interact_with_furnace":81,"minecraft:sleep_in_bed":26,"minecraft:time_since_rest":3033,"minecraft:damage_taken":4130,"minecraft:damage_dealt":6228,"minecraft:swim_one_cm":91183,"minecraft:player_kills":3,"minecraft:fly_one_cm":911391,"minecraft:open_chest":87,"minecraft:crouch_one_cm":43174,"minecraft:fall_one_cm":113726},"minecraft:picked_up":{"toughasnails:leaf_leggings":7,"minecraft:mud":1,"minecraft:iron_chestplate":3,"minecraft:crafting_table":15,"minecraft:wheat":44,"minecraft:chicken":3,"farmersdelight:rice_panicle":2,"minecraft:wooden_pickaxe":10,"minecraft:potion":4,"create:schematic_table":1,"minecraft:brick":1,"minecraft:shield":3,"mowziesmobs:spear":1,"minecraft:moss_carpet":1,"minecraft:raw_copper":207,"minecraft:iron_axe":2,"minecraft:wooden_sword":1,"minecraft:flint_and_steel":2,"minecraft:iron_shovel":3,"farmersdelight:pasta_with_meatballs":2,"minecraft:bucket":3,"farmersdelight:cabbage":4,"toughasnails:leaf_boots":3,"minecraft:beef":17,"minecraft:acacia_fence_gate":1,"farmersdelight:straw":28,"farmersdelight:cod_slice":12,"create:white_seat":2,"minecraft:wooden_shovel":3,"minecraft:poppy":4,"minecraft:iron_pickaxe":4,"minecraft:sugar_cane":10,"minecraft:mangrove_log":64,"farmersdelight:cabbage_seeds":13,"minecraft:furnace":6,"minecraft:egg":6,"minecraft:raw_iron":1,"minecraft:stick":38,"minecraft:sandstone":18,"minecraft:copper_ingot":41,"farmersdelight:rotten_tomato":1,"minecraft:big_dripleaf":4,"farmersdelight:minced_beef":2,"minecraft:torch":33,"minecraft:bowl":20,"minecraft:acacia_log":12,"create:andesite_casing":1,"farmersdelight:tomato_seeds":17,"farmersdelight:fish_stew":6,"minecraft:vine":2,"minecraft:redstone":5,"create:zinc_ingot":15,"minecraft:tnt":8,"minecraft:stone_shovel":2,"farmersdelight:fried_egg":65,"minecraft:arrow":23,"minecraft:mangrove_stairs":5,"minecraft:rotten_flesh":11,"minecraft:beetroot_seeds":10,"farmersdelight:onion":10,"minecraft:shears":2,"minecraft:carved_pumpkin":1,"mowziesmobs:umvuthana_mask_bliss":3,"farmersdelight:rope":19,"minecraft:mangrove_roots":9,"minecraft:white_terracotta":1,"farmersdelight:raw_pasta":6,"minecraft:glow_berries":1,"minecraft:mutton":9,"minecraft:white_wool":6,"minecraft:cobblestone":68,"minecraft:stripped_oak_log":2,"minecraft:feather":59,"minecraft:cooked_beef":7,"farmersdelight:rice":7,"minecraft:leather":17,"minecraft:acacia_leaves":12,"minecraft:potato":7,"minecraft:filled_map":1,"create:andesite_alloy":5,"minecraft:tuff":1,"create:raw_zinc":9,"minecraft:oak_log":97,"farmersdelight:salmon_slice":2,"minecraft:gunpowder":18,"minecraft:acacia_boat":1,"farmersdelight:tomato":19,"farmersdelight:flint_knife":1,"minecraft:lapis_lazuli":14,"minecraft:mangrove_slab":17,"minecraft:dirt":84,"minecraft:paper":12,"man:cassette_1safetyinstructions":1,"minecraft:cooked_mutton":2,"minecraft:bone":13,"minecraft:acacia_planks":37,"farmersdelight:iron_knife":2,"farmersdelight:cooking_pot":1,"mowziesmobs:umvuthana_mask_rage":1,"minecraft:bow":7,"minecraft:wheat_seeds":133,"minecraft:raw_gold":6,"minecraft:stone_pickaxe":10,"create:shaft":6,"minecraft:glass_bottle":4,"minecraft:moss_block":5,"minecraft:mangrove_planks":13,"minecraft:oak_planks":24,"mowziesmobs:umvuthana_mask_misery":1,"toughasnails:leaf_chestplate":5,"toughasnails:purified_water_canteen":2,"minecraft:pumpkin":2,"minecraft:dandelion":3,"minecraft:sand":207,"minecraft:jungle_planks":4,"minecraft:white_bed":4,"minecraft:leather_helmet":2,"create:wheat_flour":25,"minecraft:mangrove_leaves":134,"toughasnails:water_purifier":1,"toughasnails:water_canteen":5,"minecraft:stone_axe":11,"create:zinc_nugget":9,"minecraft:bone_meal":2,"minecraft:bread":35,"mowziesmobs:umvuthana_mask_fear":3,"farmersdelight:cooked_salmon_slice":18,"minecraft:oak_sapling":2,"minecraft:mangrove_propagule":8,"minecraft:bricks":51,"minecraft:coal":41,"minecraft:oak_leaves":25}},"DataVersion":3465}