{"stats":{"minecraft:crafted":{"minecraft:cooked_beef":17,"minecraft:glass_bottle":3,"minecraft:oak_planks":12,"minecraft:crafting_table":2,"minecraft:wooden_pickaxe":2,"minecraft:mangrove_door":3,"minecraft:furnace":1,"minecraft:mangrove_boat":1,"minecraft:mangrove_planks":44,"minecraft:stone_axe":1,"minecraft:cooked_mutton":6,"minecraft:air":0,"minecraft:glass":8,"minecraft:stick":16,"minecraft:stone_pickaxe":1,"minecraft:wooden_axe":1,"minecraft:white_bed":1,"minecraft:acacia_planks":36,"minecraft:torch":4,"minecraft:mangrove_slab":24,"toughasnails:empty_canteen":1},"minecraft:used":{"minecraft:mangrove_boat":1,"minecraft:cooked_mutton":6,"minecraft:wheat_seeds":4,"minecraft:glass_bottle":34,"minecraft:stone_pickaxe":71,"minecraft:mangrove_planks":14,"minecraft:oak_planks":1,"minecraft:wooden_pickaxe":4,"farmersdelight:cabbage":2,"toughasnails:water_canteen":18,"minecraft:torch":4,"mowziesmobs:umvuthana_mask_bliss":2,"minecraft:dirt":3,"minecraft:sand":36,"minecraft:mutton":3,"minecraft:crafting_table":7,"toughasnails:empty_canteen":1,"minecraft:white_bed":5,"minecraft:wooden_axe":6,"minecraft:mangrove_log":38,"minecraft:mangrove_door":1,"minecraft:leather_helmet":1,"mowziesmobs:umvuthana_mask_rage":1,"minecraft:mangrove_roots":6,"minecraft:cobblestone":11,"minecraft:stone_axe":84,"minecraft:acacia_fence_gate":1,"minecraft:potion":31,"minecraft:furnace":3,"minecraft:mangrove_slab":26,"toughasnails:purified_water_canteen":1,"minecraft:cooked_beef":7,"minecraft:acacia_planks":22},"minecraft:killed_by":{"mowziesmobs:umvuthana_follower_raptor":1},"minecraft:broken":{"minecraft:leather_helmet":1},"minecraft:mined":{"minecraft:white_bed":4,"minecraft:mangrove_roots":9,"minecraft:torch":2,"minecraft:crafting_table":7,"minecraft:acacia_log":2,"minecraft:grass_block":1,"minecraft:copper_ore":8,"farmersdelight:wild_cabbages":7,"minecraft:oak_planks":1,"minecraft:wall_torch":1,"minecraft:tall_seagrass":4,"minecraft:furnace":2,"minecraft:mud":1,"minecraft:mangrove_planks":2,"minecraft:mangrove_leaves":15,"minecraft:grass":65,"minecraft:mangrove_slab":2,"minecraft:coal_ore":5,"minecraft:oak_log":6,"minecraft:vine":1,"minecraft:sand":12,"minecraft:dirt":2,"minecraft:mangrove_log":40,"minecraft:stone":27},"minecraft:dropped":{"minecraft:moss_carpet":1,"minecraft:mangrove_roots":1,"minecraft:cooked_beef":3,"minecraft:rotten_flesh":1,"minecraft:acacia_log":1,"minecraft:potion":3,"minecraft:mud":1,"minecraft:glass":5,"minecraft:acacia_planks":14},"minecraft:custom":{"minecraft:interact_with_furnace":47,"minecraft:mob_kills":26,"minecraft:interact_with_crafting_table":35,"minecraft:damage_dealt_resisted":18,"minecraft:leave_game":13,"minecraft:time_since_death":20556,"minecraft:sleep_in_bed":12,"minecraft:climb_one_cm":2072,"minecraft:time_since_rest":14582,"minecraft:sprint_one_cm":197625,"minecraft:damage_taken":2025,"minecraft:walk_one_cm":199157,"minecraft:drop":19,"minecraft:damage_dealt":2939,"minecraft:swim_one_cm":33867,"minecraft:talked_to_villager":3,"minecraft:player_kills":1,"minecraft:fly_one_cm":318033,"minecraft:open_chest":9,"minecraft:play_time":89111,"minecraft:crouch_one_cm":16643,"minecraft:sneak_time":6670,"minecraft:deaths":6,"minecraft:walk_under_water_one_cm":11990,"minecraft:boat_one_cm":490498,"minecraft:jump":1629,"minecraft:walk_on_water_one_cm":21775,"minecraft:total_world_time":89111,"minecraft:fall_one_cm":48063},"minecraft:picked_up":{"minecraft:mud":1,"minecraft:crafting_table":11,"minecraft:feather":23,"minecraft:cooked_beef":2,"minecraft:leather":13,"minecraft:wooden_pickaxe":6,"minecraft:potato":7,"minecraft:filled_map":1,"minecraft:potion":4,"minecraft:oak_log":6,"minecraft:gunpowder":12,"minecraft:acacia_boat":1,"farmersdelight:flint_knife":1,"minecraft:mangrove_slab":11,"minecraft:dirt":3,"minecraft:paper":12,"minecraft:moss_carpet":1,"minecraft:raw_copper":138,"man:cassette_1safetyinstructions":1,"minecraft:wooden_sword":1,"minecraft:cooked_mutton":1,"minecraft:bone":2,"minecraft:acacia_planks":33,"mowziesmobs:umvuthana_mask_rage":1,"minecraft:wheat_seeds":6,"farmersdelight:cabbage":2,"minecraft:beef":17,"minecraft:acacia_fence_gate":1,"minecraft:stone_pickaxe":5,"minecraft:glass_bottle":4,"minecraft:mangrove_planks":13,"minecraft:moss_block":3,"minecraft:sugar_cane":10,"farmersdelight:cabbage_seeds":8,"minecraft:oak_planks":1,"minecraft:mangrove_log":64,"minecraft:furnace":2,"minecraft:sandstone":9,"toughasnails:purified_water_canteen":1,"minecraft:stick":19,"minecraft:torch":12,"minecraft:bowl":5,"minecraft:acacia_log":12,"minecraft:sand":55,"minecraft:white_bed":4,"minecraft:leather_helmet":2,"minecraft:arrow":8,"minecraft:mangrove_stairs":3,"minecraft:rotten_flesh":7,"minecraft:stone_axe":6,"minecraft:beetroot_seeds":10,"farmersdelight:onion":4,"mowziesmobs:umvuthana_mask_bliss":1,"farmersdelight:rope":17,"minecraft:mangrove_roots":9,"minecraft:bread":7,"minecraft:mutton":9,"minecraft:mangrove_propagule":2,"minecraft:coal":19,"minecraft:white_wool":5,"minecraft:cobblestone":33},"minecraft:killed":{"minecraft:zombie_villager":1,"minecraft:spider":1,"mowziesmobs:umvuthana_follower_raptor":10,"minecraft:creeper":2,"minecraft:sheep":3,"minecraft:zombie":3,"minecraft:drowned":1,"mowziesmobs:umvuthana_raptor":1,"minecraft:cow":4}},"DataVersion":3465}