{"stats":{"minecraft:killed_by":{"mowziesmobs:umvuthana_follower_raptor":1,"sanitydim:rotting_stalker":1,"man:managgresive":2,"minecraft:enderman":1},"minecraft:mined":{"minecraft:spruce_planks":1,"minecraft:white_bed":4,"create:andesite_casing":1,"minecraft:granite":88,"minecraft:acacia_log":2,"minecraft:grass_block":108,"minecraft:tall_seagrass":17,"farmersdelight:wild_rice":7,"minecraft:iron_ore":33,"minecraft:pumpkin":2,"minecraft:deepslate_lapis_ore":1,"farmersdelight:rice_panicles":21,"minecraft:azalea":1,"create:limestone":23,"minecraft:clay":118,"minecraft:torch":11,"minecraft:poppy":2,"minecraft:dead_bush":2,"farmersdelight:cabbages":2,"minecraft:cobblestone":1,"minecraft:oak_planks":15,"minecraft:bricks":69,"minecraft:wall_torch":11,"minecraft:seagrass":3,"farmersdelight:sandy_shrub":1,"minecraft:mud":1,"minecraft:wheat":46,"minecraft:tnt":1,"minecraft:grass":144,"minecraft:oak_log":70,"minecraft:sand":175,"minecraft:dirt":36,"minecraft:mangrove_log":40,"minecraft:stonecutter":1,"create:crimsite":7,"minecraft:oak_leaves":27,"minecraft:deepslate":22,"create:zinc_ore":11,"farmersdelight:wild_carrots":6,"minecraft:mangrove_roots":9,"minecraft:jungle_planks":4,"farmersdelight:tomatoes":3,"farmersdelight:wild_cabbages":7,"minecraft:spruce_leaves":2,"minecraft:kelp":1,"minecraft:moss_block":2,"minecraft:redstone_ore":1,"minecraft:furnace":10,"minecraft:andesite":92,"minecraft:big_dripleaf_stem":1,"minecraft:polished_deepslate":1,"farmersdelight:rope":2,"minecraft:deepslate_iron_ore":14,"minecraft:vine":3,"minecraft:stripped_oak_log":2,"minecraft:stone":144,"farmersdelight:cooking_pot":1,"create:cut_granite":2,"create:white_seat":2,"minecraft:acacia_leaves":13,"toughasnails:water_purifier":1,"minecraft:dandelion":2,"minecraft:crafting_table":10,"minecraft:copper_ore":11,"minecraft:lapis_ore":2,"minecraft:deepslate_gold_ore":18,"farmersdelight:wild_tomatoes":22,"create:schematic_table":1,"minecraft:spruce_log":76,"minecraft:mangrove_planks":2,"minecraft:mangrove_leaves":161,"minecraft:mangrove_slab":2,"minecraft:coal_ore":24,"minecraft:gravel":3,"minecraft:small_dripleaf":1,"minecraft:gold_ore":3},"minecraft:dropped":{"farmersdelight:iron_knife":1,"minecraft:cooked_beef":4,"farmersdelight:cooked_salmon_slice":4,"minecraft:iron_pickaxe":1,"minecraft:stone_axe":4,"minecraft:mangrove_roots":1,"minecraft:wheat":26,"minecraft:rotten_flesh":5,"minecraft:poppy":2,"minecraft:glass":5,"farmersdelight:tomato_seeds":16,"minecraft:acacia_log":1,"minecraft:stick":4,"farmersdelight:cabbage_rolls":2,"toughasnails:leaf_boots":5,"minecraft:potion":3,"toughasnails:leaf_helmet":3,"minecraft:mud":1,"toughasnails:leaf_leggings":7,"minecraft:acacia_planks":14,"create:raw_zinc":2,"minecraft:spruce_sapling":1,"minecraft:redstone":5,"farmersdelight:rotten_tomato":1,"minecraft:moss_carpet":1,"minecraft:kelp":1,"toughasnails:leaf_chestplate":6,"minecraft:raw_copper":3,"minecraft:tuff":1,"minecraft:stone_shovel":1,"minecraft:stripped_oak_log":1,"farmersdelight:straw":1,"minecraft:flint_and_steel":1,"farmersdelight:fried_egg":1,"toughasnails:purified_water_bottle":1,"minecraft:wooden_shovel":1,"minecraft:carved_pumpkin":1},"minecraft:crafted":{"minecraft:brick":437,"minecraft:oak_planks":56,"minecraft:mangrove_boat":1,"minecraft:stone":3,"farmersdelight:rope":12,"toughasnails:leaf_leggings":9,"minecraft:cooked_mutton":6,"minecraft:glass":8,"farmersdelight:tomato_sauce":6,"minecraft:chest":2,"toughasnails:leaf_helmet":3,"minecraft:bricks":104,"create:cogwheel":1,"minecraft:glass_bottle":3,"toughasnails:leaf_boots":9,"minecraft:crafting_table":5,"minecraft:spruce_planks":24,"minecraft:wooden_pickaxe":2,"farmersdelight:egg_sandwich":14,"minecraft:spruce_door":3,"create:zinc_nugget":27,"minecraft:oak_wood":3,"farmersdelight:wheat_dough":6,"minecraft:spruce_trapdoor":4,"minecraft:stick":24,"minecraft:iron_ingot":68,"minecraft:iron_pickaxe":3,"toughasnails:empty_canteen":1,"minecraft:furnace":16,"minecraft:iron_axe":2,"create:millstone":1,"minecraft:stone_pickaxe":2,"farmersdelight:rice":20,"minecraft:cooked_beef":17,"toughasnails:leaf_chestplate":7,"minecraft:mangrove_door":3,"minecraft:bowl":8,"minecraft:mangrove_planks":44,"minecraft:stone_axe":2,"minecraft:air":0,"minecraft:wooden_axe":1,"minecraft:stonecutter":1,"minecraft:white_bed":1,"minecraft:acacia_planks":36,"minecraft:torch":16,"create:zinc_ingot":9,"minecraft:mangrove_slab":24},"minecraft:killed":{"minecraft:spider":3,"minecraft:skeleton":4,"minecraft:zombie_villager":1,"minecraft:creeper":3,"minecraft:sheep":4,"minecraft:zombie":10,"mowziesmobs:umvuthana_raptor":2,"minecraft:cow":4,"minecraft:drowned":2,"mowziesmobs:umvuthana_follower_raptor":16},"minecraft:broken":{"minecraft:iron_shovel":1,"toughasnails:leaf_boots":3,"minecraft:stone_pickaxe":1,"minecraft:leather_helmet":1,"toughasnails:leaf_leggings":2,"toughasnails:water_canteen":9,"minecraft:iron_axe":1,"minecraft:iron_pickaxe":1,"toughasnails:purified_water_canteen":1},"minecraft:used":{"minecraft:iron_shovel":361,"minecraft:polished_deepslate":19,"mowziesmobs:umvuthana_mask_fear":1,"farmersdelight:cabbage_rolls":5,"farmersdelight:cabbage_seeds":5,"minecraft:chest":2,"minecraft:shield":3,"farmersdelight:cabbage":2,"mowziesmobs:umvuthana_mask_bliss":3,"minecraft:mutton":3,"farmersdelight:fish_stew":4,"minecraft:jungle_planks":4,"minecraft:mangrove_log":38,"minecraft:bricks":184,"create:millstone":1,"mowziesmobs:umvuthana_mask_rage":1,"mowziesmobs:spear":16,"minecraft:mangrove_roots":6,"minecraft:furnace":13,"minecraft:mangrove_slab":26,"minecraft:egg":1,"minecraft:spruce_door":3,"minecraft:stone_pickaxe":254,"minecraft:mangrove_planks":14,"minecraft:oak_planks":9,"minecraft:wooden_pickaxe":4,"minecraft:sandstone":9,"farmersdelight:pumpkin_slice":1,"toughasnails:water_canteen":193,"minecraft:sand":495,"farmersdelight:rice":20,"minecraft:shears":188,"create:polished_cut_limestone":18,"minecraft:mangrove_door":1,"farmersdelight:cooked_chicken_cuts":1,"minecraft:gravel":2,"create:white_seat":2,"minecraft:bone_meal":5,"minecraft:flint_and_steel":5,"toughasnails:water_purifier":1,"create:schematic_table":1,"minecraft:spruce_planks":5,"minecraft:torch":34,"minecraft:dirt":330,"toughasnails:empty_canteen":13,"minecraft:oak_wood":1,"minecraft:granite":1,"farmersdelight:rope":14,"farmersdelight:beef_patty":4,"minecraft:wooden_axe":6,"minecraft:iron_axe":214,"farmersdelight:cooked_salmon_slice":7,"farmersdelight:cooking_pot":1,"farmersdelight:tomato_seeds":17,"minecraft:cooked_beef":10,"minecraft:acacia_planks":22,"farmersdelight:fried_egg":16,"minecraft:mangrove_boat":1,"minecraft:wheat_seeds":66,"minecraft:cooked_mutton":7,"farmersdelight:iron_knife":3,"minecraft:water_bucket":3,"toughasnails:leaf_leggings":1,"minecraft:glass_bottle":34,"farmersdelight:golden_knife":44,"minecraft:stonecutter":2,"minecraft:crafting_table":11,"minecraft:white_bed":5,"minecraft:spruce_log":51,"minecraft:oak_log":56,"minecraft:iron_pickaxe":363,"minecraft:leather_helmet":1,"minecraft:spruce_trapdoor":2,"toughasnails:leaf_chestplate":1,"minecraft:spruce_sapling":10,"create:cut_granite":70,"minecraft:acacia_fence_gate":1,"minecraft:stone_axe":186,"minecraft:cobblestone":48,"minecraft:potion":31,"farmersdelight:egg_sandwich":9,"toughasnails:purified_water_canteen":4,"minecraft:bucket":4,"minecraft:stripped_oak_log":1},"minecraft:custom":{"minecraft:interact_with_crafting_table":96,"minecraft:leave_game":37,"minecraft:time_since_death":74276,"minecraft:damage_resisted":13,"minecraft:sprint_one_cm":797496,"minecraft:damage_blocked_by_shield":210,"minecraft:drop":116,"minecraft:talked_to_villager":3,"minecraft:play_time":311559,"minecraft:deaths":11,"minecraft:jump":6262,"minecraft:walk_on_water_one_cm":69227,"minecraft:interact_with_furnace":129,"minecraft:sleep_in_bed":31,"minecraft:damage_dealt":7128,"minecraft:player_kills":3,"minecraft:crouch_one_cm":76153,"minecraft:mob_kills":49,"minecraft:inspect_hopper":1,"minecraft:damage_dealt_resisted":48,"minecraft:climb_one_cm":8420,"minecraft:walk_one_cm":690424,"minecraft:sneak_time":26775,"minecraft:walk_under_water_one_cm":35290,"minecraft:boat_one_cm":843393,"minecraft:total_world_time":311559,"minecraft:interact_with_stonecutter":8,"minecraft:time_since_rest":10397,"minecraft:damage_taken":4591,"minecraft:swim_one_cm":98198,"minecraft:fly_one_cm":1346493,"minecraft:open_chest":127,"minecraft:fall_one_cm":161811},"minecraft:picked_up":{"toughasnails:leaf_leggings":7,"minecraft:iron_chestplate":3,"minecraft:wheat":44,"farmersdelight:rice_panicle":20,"minecraft:potion":4,"mowziesmobs:spear":1,"minecraft:polished_deepslate":1,"minecraft:string":1,"minecraft:raw_copper":217,"create:limestone":23,"minecraft:bucket":3,"minecraft:cobbled_deepslate":22,"farmersdelight:cabbage":4,"minecraft:spruce_planks":1,"toughasnails:leaf_boots":3,"minecraft:acacia_fence_gate":1,"minecraft:wooden_shovel":3,"farmersdelight:pasta_with_meatballs":2,"minecraft:iron_pickaxe":4,"farmersdelight:cabbage_seeds":13,"minecraft:mangrove_log":64,"minecraft:furnace":10,"minecraft:stick":51,"farmersdelight:rotten_tomato":1,"minecraft:big_dripleaf":4,"minecraft:torch":49,"minecraft:acacia_log":12,"create:andesite_casing":1,"minecraft:vine":2,"farmersdelight:fried_egg":70,"minecraft:mangrove_stairs":5,"minecraft:rotten_flesh":11,"farmersdelight:onion":10,"minecraft:carved_pumpkin":1,"farmersdelight:rope":19,"minecraft:mangrove_roots":9,"minecraft:white_terracotta":1,"farmersdelight:raw_pasta":6,"minecraft:cobblestone":170,"minecraft:feather":59,"minecraft:cooked_beef":7,"farmersdelight:rice":7,"minecraft:andesite":92,"minecraft:acacia_leaves":12,"minecraft:potato":7,"minecraft:tuff":1,"create:raw_zinc":11,"minecraft:acacia_boat":1,"minecraft:mangrove_slab":17,"minecraft:lapis_lazuli":23,"farmersdelight:tomato":22,"minecraft:dirt":143,"minecraft:bone":13,"farmersdelight:iron_knife":2,"minecraft:acacia_planks":37,"minecraft:stonecutter":1,"minecraft:bow":7,"minecraft:wheat_seeds":133,"minecraft:raw_gold":24,"create:shaft":6,"minecraft:moss_block":5,"minecraft:oak_planks":24,"toughasnails:purified_water_canteen":2,"minecraft:jungle_planks":4,"minecraft:sand":246,"toughasnails:water_purifier":1,"toughasnails:water_canteen":5,"create:crimsite":7,"minecraft:granite":88,"minecraft:bone_meal":2,"minecraft:bread":35,"minecraft:oak_sapling":2,"minecraft:bricks":91,"minecraft:oak_leaves":25,"minecraft:mud":1,"minecraft:crafting_table":16,"minecraft:chicken":3,"minecraft:clay_ball":464,"minecraft:wooden_pickaxe":10,"create:schematic_table":1,"minecraft:brick":1,"minecraft:shield":3,"minecraft:moss_carpet":1,"minecraft:iron_axe":2,"minecraft:wooden_sword":1,"minecraft:flint_and_steel":2,"minecraft:iron_shovel":3,"minecraft:beef":17,"farmersdelight:straw":28,"farmersdelight:cod_slice":12,"create:white_seat":2,"minecraft:poppy":5,"minecraft:sugar_cane":10,"minecraft:egg":6,"minecraft:raw_iron":47,"minecraft:sandstone":18,"create:cut_granite":2,"minecraft:copper_ingot":41,"farmersdelight:minced_beef":2,"minecraft:bowl":20,"farmersdelight:tomato_seeds":33,"farmersdelight:fish_stew":6,"minecraft:carrot":6,"minecraft:redstone":5,"create:zinc_ingot":15,"minecraft:tnt":8,"minecraft:stone_shovel":2,"minecraft:arrow":23,"minecraft:beetroot_seeds":10,"minecraft:shears":2,"mowziesmobs:umvuthana_mask_bliss":3,"minecraft:glow_berries":1,"minecraft:mutton":9,"minecraft:white_wool":6,"minecraft:stripped_oak_log":2,"minecraft:leather":17,"minecraft:filled_map":1,"minecraft:oak_log":97,"create:andesite_alloy":5,"farmersdelight:salmon_slice":2,"minecraft:gunpowder":18,"farmersdelight:flint_knife":1,"minecraft:paper":12,"man:cassette_1safetyinstructions":1,"minecraft:cooked_mutton":2,"mowziesmobs:umvuthana_mask_rage":1,"farmersdelight:cooking_pot":1,"minecraft:kelp":1,"minecraft:stone_pickaxe":10,"minecraft:glass_bottle":4,"minecraft:mangrove_planks":13,"mowziesmobs:umvuthana_mask_misery":1,"toughasnails:leaf_chestplate":5,"minecraft:pumpkin":2,"minecraft:dandelion":3,"minecraft:gravel":3,"minecraft:spruce_sapling":14,"minecraft:white_bed":4,"minecraft:spruce_log":75,"minecraft:leather_helmet":2,"create:wheat_flour":25,"minecraft:mangrove_leaves":134,"minecraft:stone_axe":11,"create:zinc_nugget":9,"mowziesmobs:umvuthana_mask_fear":3,"farmersdelight:cooked_salmon_slice":18,"minecraft:mangrove_propagule":8,"minecraft:coal":79}},"DataVersion":3465}