{"stats":{"minecraft:used":{"farmersdelight:cabbage":2,"minecraft:torch":5,"mowziesmobs:umvuthana_mask_bliss":3,"minecraft:dirt":3,"minecraft:mutton":3,"toughasnails:empty_canteen":2,"minecraft:wooden_axe":6,"minecraft:mangrove_log":38,"mowziesmobs:umvuthana_mask_rage":1,"minecraft:mangrove_roots":6,"minecraft:furnace":3,"minecraft:mangrove_slab":26,"minecraft:cooked_beef":8,"minecraft:acacia_planks":22,"minecraft:mangrove_boat":1,"minecraft:wheat_seeds":4,"minecraft:cooked_mutton":6,"minecraft:glass_bottle":34,"minecraft:stone_pickaxe":72,"minecraft:mangrove_planks":14,"minecraft:oak_planks":1,"minecraft:wooden_pickaxe":4,"minecraft:sandstone":9,"toughasnails:water_canteen":22,"minecraft:sand":36,"minecraft:crafting_table":7,"minecraft:white_bed":5,"minecraft:shears":139,"minecraft:mangrove_door":1,"minecraft:leather_helmet":1,"minecraft:acacia_fence_gate":1,"minecraft:stone_axe":111,"minecraft:cobblestone":17,"minecraft:potion":31,"toughasnails:purified_water_canteen":4},"minecraft:crafted":{"minecraft:oak_planks":12,"minecraft:furnace":1,"minecraft:mangrove_boat":1,"toughasnails:leaf_leggings":6,"minecraft:cooked_mutton":6,"minecraft:glass":8,"minecraft:stone_pickaxe":1,"toughasnails:leaf_helmet":3,"minecraft:cooked_beef":17,"minecraft:glass_bottle":3,"toughasnails:leaf_boots":6,"minecraft:crafting_table":2,"toughasnails:leaf_chestplate":6,"minecraft:wooden_pickaxe":2,"minecraft:mangrove_door":3,"minecraft:mangrove_planks":44,"minecraft:stone_axe":1,"minecraft:air":0,"minecraft:stick":16,"minecraft:wooden_axe":1,"minecraft:white_bed":1,"minecraft:acacia_planks":36,"minecraft:torch":4,"minecraft:mangrove_slab":24,"toughasnails:empty_canteen":1},"minecraft:killed_by":{"mowziesmobs:umvuthana_follower_raptor":1,"sanitydim:rotting_stalker":1,"man:managgresive":1},"minecraft:broken":{"minecraft:leather_helmet":1,"toughasnails:purified_water_canteen":1},"minecraft:mined":{"minecraft:white_bed":4,"minecraft:mangrove_roots":9,"minecraft:acacia_log":2,"minecraft:grass_block":1,"farmersdelight:wild_cabbages":7,"minecraft:tall_seagrass":4,"minecraft:furnace":2,"minecraft:vine":2,"minecraft:stone":27,"minecraft:crafting_table":7,"minecraft:torch":3,"minecraft:copper_ore":8,"minecraft:cobblestone":1,"minecraft:oak_planks":14,"minecraft:wall_torch":1,"minecraft:mud":1,"minecraft:mangrove_planks":2,"minecraft:mangrove_leaves":153,"minecraft:grass":65,"minecraft:mangrove_slab":2,"minecraft:oak_log":6,"minecraft:coal_ore":5,"minecraft:sand":12,"minecraft:dirt":2,"minecraft:mangrove_log":40},"minecraft:dropped":{"minecraft:cooked_beef":3,"minecraft:acacia_log":1,"toughasnails:leaf_boots":5,"minecraft:potion":3,"toughasnails:leaf_helmet":3,"minecraft:mud":1,"toughasnails:leaf_leggings":6,"minecraft:acacia_planks":14,"minecraft:stone_axe":2,"minecraft:moss_carpet":1,"toughasnails:leaf_chestplate":6,"minecraft:mangrove_roots":1,"minecraft:rotten_flesh":1,"toughasnails:purified_water_bottle":1,"minecraft:glass":5},"minecraft:custom":{"minecraft:mob_kills":32,"minecraft:interact_with_crafting_table":41,"minecraft:damage_dealt_resisted":18,"minecraft:leave_game":14,"minecraft:time_since_death":5901,"minecraft:climb_one_cm":2212,"minecraft:sprint_one_cm":231485,"minecraft:walk_one_cm":244179,"minecraft:drop":42,"minecraft:talked_to_villager":3,"minecraft:play_time":104275,"minecraft:deaths":8,"minecraft:sneak_time":7894,"minecraft:walk_under_water_one_cm":12460,"minecraft:boat_one_cm":490498,"minecraft:jump":1828,"minecraft:walk_on_water_one_cm":27788,"minecraft:total_world_time":104275,"minecraft:interact_with_furnace":47,"minecraft:sleep_in_bed":13,"minecraft:time_since_rest":5933,"minecraft:damage_taken":2683,"minecraft:damage_dealt":3999,"minecraft:swim_one_cm":40416,"minecraft:fly_one_cm":373961,"minecraft:player_kills":1,"minecraft:open_chest":16,"minecraft:crouch_one_cm":20855,"minecraft:fall_one_cm":55331},"minecraft:picked_up":{"toughasnails:leaf_leggings":1,"minecraft:mud":1,"minecraft:crafting_table":13,"minecraft:wooden_pickaxe":8,"minecraft:potion":4,"minecraft:moss_carpet":1,"minecraft:raw_copper":184,"minecraft:wooden_sword":1,"farmersdelight:cabbage":2,"minecraft:beef":17,"minecraft:acacia_fence_gate":1,"minecraft:sugar_cane":10,"minecraft:mangrove_log":64,"farmersdelight:cabbage_seeds":8,"minecraft:furnace":2,"minecraft:stick":25,"minecraft:sandstone":18,"minecraft:acacia_log":12,"minecraft:torch":25,"minecraft:bowl":5,"minecraft:vine":1,"minecraft:rotten_flesh":7,"minecraft:mangrove_stairs":5,"minecraft:arrow":22,"minecraft:beetroot_seeds":10,"farmersdelight:onion":4,"minecraft:shears":2,"farmersdelight:rope":17,"mowziesmobs:umvuthana_mask_bliss":3,"minecraft:mangrove_roots":9,"minecraft:mutton":9,"minecraft:white_wool":5,"minecraft:cobblestone":39,"minecraft:feather":31,"minecraft:cooked_beef":2,"minecraft:leather":13,"minecraft:potato":7,"minecraft:filled_map":1,"minecraft:oak_log":6,"minecraft:gunpowder":16,"minecraft:acacia_boat":1,"minecraft:paper":12,"farmersdelight:flint_knife":1,"minecraft:mangrove_slab":17,"minecraft:dirt":3,"man:cassette_1safetyinstructions":1,"minecraft:cooked_mutton":1,"minecraft:bone":13,"minecraft:acacia_planks":37,"mowziesmobs:umvuthana_mask_rage":1,"minecraft:bow":3,"minecraft:wheat_seeds":6,"minecraft:stone_pickaxe":6,"minecraft:glass_bottle":4,"minecraft:mangrove_planks":13,"minecraft:moss_block":3,"minecraft:oak_planks":14,"toughasnails:leaf_chestplate":1,"toughasnails:purified_water_canteen":2,"minecraft:sand":84,"minecraft:white_bed":4,"minecraft:leather_helmet":2,"minecraft:mangrove_leaves":129,"toughasnails:water_canteen":1,"minecraft:stone_axe":10,"minecraft:bread":7,"minecraft:coal":33,"minecraft:mangrove_propagule":5},"minecraft:killed":{"minecraft:spider":1,"minecraft:skeleton":2,"minecraft:drowned":1,"minecraft:zombie_villager":1,"mowziesmobs:umvuthana_follower_raptor":12,"minecraft:creeper":3,"minecraft:sheep":3,"minecraft:zombie":4,"mowziesmobs:umvuthana_raptor":1,"minecraft:cow":4}},"DataVersion":3465}