{"stats":{"minecraft:crafted":{"minecraft:cooked_beef":10,"minecraft:glass_bottle":3,"minecraft:oak_planks":12,"minecraft:crafting_table":2,"minecraft:wooden_pickaxe":2,"minecraft:mangrove_door":3,"minecraft:furnace":1,"minecraft:mangrove_boat":1,"minecraft:mangrove_planks":44,"minecraft:stone_axe":1,"minecraft:cooked_mutton":6,"minecraft:air":0,"minecraft:glass":3,"minecraft:stick":12,"minecraft:stone_pickaxe":1,"minecraft:wooden_axe":1,"minecraft:white_bed":1,"minecraft:acacia_planks":8,"minecraft:mangrove_slab":24},"minecraft:used":{"minecraft:mangrove_boat":1,"minecraft:cooked_mutton":6,"minecraft:wheat_seeds":4,"minecraft:glass_bottle":33,"minecraft:stone_pickaxe":70,"minecraft:mangrove_planks":13,"minecraft:oak_planks":1,"minecraft:wooden_pickaxe":4,"farmersdelight:cabbage":2,"minecraft:torch":2,"mowziesmobs:umvuthana_mask_bliss":2,"minecraft:dirt":3,"minecraft:sand":32,"minecraft:mutton":3,"minecraft:crafting_table":6,"minecraft:white_bed":3,"minecraft:wooden_axe":6,"minecraft:mangrove_log":20,"minecraft:mangrove_door":1,"minecraft:leather_helmet":1,"minecraft:acacia_fence_gate":1,"minecraft:stone_axe":66,"mowziesmobs:umvuthana_mask_rage":1,"minecraft:mangrove_roots":6,"minecraft:cobblestone":11,"minecraft:potion":31,"minecraft:furnace":2,"minecraft:mangrove_slab":26,"minecraft:cooked_beef":4},"minecraft:killed_by":{"mowziesmobs:umvuthana_follower_raptor":1},"minecraft:broken":{"minecraft:leather_helmet":1},"minecraft:mined":{"minecraft:white_bed":2,"minecraft:mangrove_roots":9,"minecraft:crafting_table":6,"minecraft:acacia_log":2,"minecraft:grass_block":1,"minecraft:copper_ore":8,"farmersdelight:wild_cabbages":7,"minecraft:oak_planks":1,"minecraft:wall_torch":1,"minecraft:tall_seagrass":4,"minecraft:furnace":1,"minecraft:mud":1,"minecraft:mangrove_planks":2,"minecraft:mangrove_leaves":13,"minecraft:grass":42,"minecraft:mangrove_slab":2,"minecraft:coal_ore":5,"minecraft:oak_log":6,"minecraft:vine":1,"minecraft:sand":6,"minecraft:dirt":2,"minecraft:mangrove_log":32,"minecraft:stone":27},"minecraft:dropped":{"minecraft:moss_carpet":1,"minecraft:mangrove_roots":1,"minecraft:cooked_beef":3,"minecraft:rotten_flesh":1,"minecraft:potion":1,"minecraft:mud":1,"minecraft:acacia_planks":12},"minecraft:custom":{"minecraft:interact_with_furnace":30,"minecraft:mob_kills":24,"minecraft:interact_with_crafting_table":27,"minecraft:damage_dealt_resisted":18,"minecraft:leave_game":5,"minecraft:time_since_death":4944,"minecraft:sleep_in_bed":11,"minecraft:climb_one_cm":1355,"minecraft:time_since_rest":2617,"minecraft:sprint_one_cm":138270,"minecraft:damage_taken":1935,"minecraft:walk_one_cm":152545,"minecraft:drop":9,"minecraft:damage_dealt":2569,"minecraft:swim_one_cm":17923,"minecraft:talked_to_villager":3,"minecraft:player_kills":1,"minecraft:fly_one_cm":234426,"minecraft:open_chest":9,"minecraft:crouch_one_cm":12952,"minecraft:play_time":65366,"minecraft:deaths":5,"minecraft:sneak_time":5578,"minecraft:walk_under_water_one_cm":8463,"minecraft:boat_one_cm":465118,"minecraft:jump":1262,"minecraft:walk_on_water_one_cm":17529,"minecraft:total_world_time":65366,"minecraft:fall_one_cm":36785},"minecraft:picked_up":{"minecraft:mud":1,"minecraft:crafting_table":8,"minecraft:feather":18,"minecraft:leather":6,"minecraft:wooden_pickaxe":3,"minecraft:potato":7,"minecraft:filled_map":1,"minecraft:potion":1,"minecraft:oak_log":6,"minecraft:gunpowder":6,"minecraft:acacia_boat":1,"farmersdelight:flint_knife":1,"minecraft:mangrove_slab":2,"minecraft:dirt":3,"minecraft:paper":12,"minecraft:moss_carpet":1,"minecraft:raw_copper":69,"man:cassette_1safetyinstructions":1,"minecraft:wooden_sword":1,"minecraft:cooked_mutton":1,"minecraft:acacia_planks":31,"mowziesmobs:umvuthana_mask_rage":1,"minecraft:wheat_seeds":5,"farmersdelight:cabbage":2,"minecraft:beef":10,"minecraft:acacia_fence_gate":1,"minecraft:stone_pickaxe":2,"minecraft:glass_bottle":3,"minecraft:mangrove_planks":6,"minecraft:moss_block":3,"minecraft:sugar_cane":10,"farmersdelight:cabbage_seeds":8,"minecraft:oak_planks":1,"minecraft:mangrove_log":36,"minecraft:furnace":1,"minecraft:stick":16,"minecraft:torch":2,"minecraft:bowl":5,"minecraft:acacia_log":2,"minecraft:sand":38,"minecraft:white_bed":2,"minecraft:leather_helmet":2,"minecraft:rotten_flesh":7,"minecraft:stone_axe":2,"minecraft:beetroot_seeds":10,"farmersdelight:onion":4,"mowziesmobs:umvuthana_mask_bliss":1,"farmersdelight:rope":17,"minecraft:mangrove_roots":9,"minecraft:bread":7,"minecraft:mutton":9,"minecraft:mangrove_propagule":2,"minecraft:coal":10,"minecraft:white_wool":5,"minecraft:cobblestone":27},"minecraft:killed":{"minecraft:spider":1,"mowziesmobs:umvuthana_follower_raptor":10,"minecraft:creeper":2,"minecraft:sheep":3,"minecraft:zombie":3,"mowziesmobs:umvuthana_raptor":1,"minecraft:cow":4}},"DataVersion":3465}