{"stats":{"minecraft:used":{"minecraft:iron_shovel":416,"minecraft:polished_deepslate":19,"mowziesmobs:umvuthana_mask_fear":1,"farmersdelight:cabbage_rolls":5,"minecraft:spruce_slab":20,"farmersdelight:cabbage_seeds":5,"minecraft:shield":5,"farmersdelight:stove":2,"minecraft:chest":2,"farmersdelight:cabbage":2,"minecraft:iron_chestplate":2,"mowziesmobs:umvuthana_mask_bliss":3,"minecraft:mutton":3,"create:cogwheel":10,"farmersdelight:fish_stew":4,"minecraft:jungle_planks":4,"create:depot":8,"minecraft:stripped_spruce_log":14,"minecraft:mangrove_log":38,"minecraft:bricks":221,"minecraft:mangrove_stairs":39,"minecraft:dark_oak_wood":3,"create:millstone":1,"mowziesmobs:spear":16,"farmersdelight:cutting_board":1,"mowziesmobs:umvuthana_mask_rage":1,"minecraft:mangrove_roots":6,"create:shaft":4,"minecraft:oak_sapling":1,"minecraft:furnace":13,"minecraft:mangrove_slab":26,"minecraft:egg":19,"minecraft:diorite":112,"minecraft:dark_oak_stairs":16,"minecraft:spruce_door":3,"minecraft:stone_pickaxe":301,"minecraft:mangrove_planks":52,"minecraft:oak_planks":98,"create:crimsite":2,"minecraft:wooden_pickaxe":4,"minecraft:sandstone":9,"farmersdelight:pumpkin_slice":1,"toughasnails:water_canteen":324,"create:cut_limestone":42,"minecraft:sand":495,"farmersdelight:rice":20,"minecraft:shears":188,"create:polished_cut_limestone":18,"minecraft:mangrove_door":1,"minecraft:dark_oak_log":7,"farmersdelight:cooked_chicken_cuts":1,"create:andesite_casing":2,"minecraft:gravel":2,"create:white_seat":2,"farmersdelight:spruce_cabinet":1,"minecraft:oak_boat":3,"minecraft:bone_meal":5,"toughasnails:water_purifier":1,"toughasnails:leaf_helmet":1,"minecraft:white_tulip":2,"minecraft:flint_and_steel":5,"create:schematic_table":1,"minecraft:spruce_planks":86,"toughasnails:wool_leggings":1,"minecraft:torch":42,"minecraft:dirt":393,"toughasnails:empty_canteen":23,"minecraft:spruce_stairs":25,"minecraft:oak_wood":1,"minecraft:granite":1,"minecraft:spruce_fence":6,"farmersdelight:rope":14,"farmersdelight:beef_patty":4,"minecraft:dark_oak_planks":8,"minecraft:wooden_axe":6,"create:gearbox":3,"minecraft:iron_axe":709,"minecraft:oak_stairs":41,"minecraft:jungle_log":1,"farmersdelight:cooked_salmon_slice":7,"farmersdelight:cooking_pot":2,"farmersdelight:tomato_seeds":17,"minecraft:cooked_beef":10,"minecraft:acacia_planks":22,"create:belt_connector":2,"farmersdelight:fried_egg":52,"minecraft:mangrove_boat":1,"minecraft:calcite":3,"minecraft:cooked_mutton":7,"minecraft:wheat_seeds":99,"farmersdelight:iron_knife":3,"minecraft:water_bucket":3,"toughasnails:leaf_leggings":1,"farmersdelight:skillet":1,"minecraft:glass_bottle":34,"farmersdelight:golden_knife":44,"minecraft:stonecutter":2,"minecraft:crafting_table":12,"minecraft:white_bed":6,"minecraft:spruce_log":143,"minecraft:oak_log":93,"create:mechanical_press":8,"farmersdelight:pasta_with_meatballs":1,"minecraft:iron_pickaxe":675,"minecraft:leather_helmet":1,"minecraft:spruce_trapdoor":17,"create:large_water_wheel":4,"toughasnails:leaf_chestplate":1,"create:cut_granite":90,"minecraft:spruce_sapling":14,"minecraft:acacia_fence_gate":1,"minecraft:stone_axe":186,"minecraft:cobblestone":54,"minecraft:potion":31,"farmersdelight:egg_sandwich":26,"toughasnails:purified_water_canteen":4,"minecraft:bucket":5,"minecraft:stripped_oak_log":6,"create:hand_crank":2},"minecraft:crafted":{"minecraft:brick":580,"minecraft:oak_planks":188,"minecraft:dark_oak_wood":3,"mowziesmobs:blowgun":1,"minecraft:mangrove_boat":1,"minecraft:stone":3,"farmersdelight:rope":12,"toughasnails:leaf_leggings":10,"minecraft:cooked_mutton":6,"minecraft:glass":8,"minecraft:mangrove_stairs":32,"farmersdelight:tomato_sauce":6,"minecraft:chest":2,"toughasnails:leaf_helmet":3,"minecraft:copper_block":2,"minecraft:bricks":139,"create:cogwheel":2,"farmersdelight:stove":1,"minecraft:glass_bottle":3,"create:depot":2,"toughasnails:leaf_boots":9,"minecraft:wooden_shovel":1,"minecraft:crafting_table":5,"minecraft:spruce_planks":204,"minecraft:wooden_pickaxe":2,"farmersdelight:egg_sandwich":25,"minecraft:spruce_door":3,"create:zinc_nugget":36,"minecraft:oak_wood":3,"toughasnails:wool_leggings":1,"minecraft:campfire":1,"farmersdelight:wheat_dough":6,"farmersdelight:cutting_board":1,"minecraft:spruce_trapdoor":20,"minecraft:stick":40,"minecraft:iron_ingot":68,"minecraft:iron_pickaxe":5,"toughasnails:empty_canteen":1,"minecraft:furnace":16,"minecraft:spruce_fence":6,"minecraft:spruce_stairs":20,"minecraft:iron_axe":4,"minecraft:spruce_slab":30,"create:millstone":1,"minecraft:stone_pickaxe":2,"farmersdelight:rice":20,"minecraft:dark_oak_planks":32,"minecraft:cooked_beef":17,"create:steam_whistle":1,"create:andesite_alloy":4,"minecraft:dark_oak_stairs":16,"toughasnails:leaf_chestplate":7,"minecraft:mangrove_door":3,"minecraft:bowl":8,"farmersdelight:cooking_pot":1,"minecraft:mangrove_planks":128,"minecraft:bucket":1,"farmersdelight:spruce_cabinet":1,"minecraft:stone_axe":2,"minecraft:bread":11,"minecraft:air":0,"minecraft:wooden_axe":1,"minecraft:oak_stairs":40,"minecraft:stonecutter":1,"minecraft:white_bed":1,"minecraft:acacia_planks":36,"minecraft:torch":16,"create:zinc_ingot":28,"minecraft:mangrove_slab":24},"minecraft:killed_by":{"mowziesmobs:umvuthana_follower_raptor":2,"sanitydim:rotting_stalker":1,"man:managgresive":3,"minecraft:spider":1,"minecraft:enderman":1},"minecraft:broken":{"mowziesmobs:umvuthana_mask_fear":1,"minecraft:iron_shovel":1,"toughasnails:leaf_boots":3,"minecraft:stone_pickaxe":1,"minecraft:leather_helmet":1,"toughasnails:leaf_leggings":2,"toughasnails:water_canteen":19,"minecraft:iron_axe":3,"minecraft:iron_pickaxe":2,"toughasnails:purified_water_canteen":1},"minecraft:mined":{"minecraft:spruce_planks":12,"minecraft:white_bed":5,"create:andesite_casing":2,"minecraft:jungle_leaves":2,"minecraft:spruce_trapdoor":5,"minecraft:granite":88,"minecraft:acacia_log":2,"minecraft:grass_block":150,"minecraft:jungle_log":1,"create:belt":1,"minecraft:tall_seagrass":17,"farmersdelight:wild_rice":7,"minecraft:iron_ore":33,"minecraft:pumpkin":2,"minecraft:deepslate_lapis_ore":1,"minecraft:oak_stairs":1,"farmersdelight:rice_panicles":21,"minecraft:azalea":1,"create:mechanical_press":7,"create:limestone":70,"minecraft:spruce_slab":1,"farmersdelight:wild_potatoes":2,"create:cut_limestone":18,"create:cogwheel":7,"minecraft:clay":118,"minecraft:torch":13,"minecraft:dark_oak_wood":3,"minecraft:calcite":6,"minecraft:poppy":2,"minecraft:dead_bush":2,"farmersdelight:cabbages":2,"minecraft:cobblestone":1,"minecraft:oak_planks":34,"minecraft:bricks":71,"minecraft:wall_torch":15,"create:large_water_wheel":3,"minecraft:seagrass":3,"farmersdelight:sandy_shrub":1,"minecraft:mud":1,"minecraft:wheat":79,"minecraft:tnt":1,"minecraft:grass":146,"minecraft:oak_log":134,"create:hand_crank":2,"minecraft:sand":175,"minecraft:dirt":76,"minecraft:mangrove_log":66,"minecraft:stonecutter":1,"create:crimsite":9,"minecraft:deepslate":22,"minecraft:oak_leaves":39,"create:zinc_ore":11,"minecraft:dark_oak_leaves":7,"farmersdelight:wild_carrots":6,"minecraft:dark_oak_log":19,"minecraft:mangrove_roots":9,"minecraft:jungle_planks":4,"create:depot":7,"farmersdelight:tomatoes":3,"minecraft:spruce_leaves":2,"farmersdelight:wild_cabbages":7,"minecraft:moss_block":2,"minecraft:kelp":1,"minecraft:redstone_ore":1,"create:shaft":3,"minecraft:furnace":10,"minecraft:andesite":92,"minecraft:stripped_spruce_log":21,"minecraft:big_dripleaf_stem":1,"minecraft:polished_deepslate":1,"farmersdelight:rope":2,"minecraft:deepslate_iron_ore":14,"minecraft:vine":12,"minecraft:stripped_oak_log":13,"minecraft:bamboo":1,"minecraft:stone":155,"farmersdelight:cooking_pot":1,"create:cut_granite":2,"create:white_seat":2,"minecraft:acacia_leaves":13,"minecraft:mangrove_stairs":7,"toughasnails:water_purifier":1,"minecraft:dandelion":2,"minecraft:crafting_table":11,"create:water_wheel":1,"minecraft:copper_ore":11,"minecraft:lapis_ore":2,"minecraft:deepslate_gold_ore":18,"farmersdelight:wild_tomatoes":22,"minecraft:diorite":237,"minecraft:spruce_stairs":5,"create:schematic_table":1,"farmersdelight:skillet":1,"create:gearbox":3,"minecraft:spruce_log":201,"minecraft:mangrove_planks":4,"minecraft:mangrove_leaves":169,"minecraft:mangrove_slab":2,"minecraft:coal_ore":24,"minecraft:gravel":3,"farmersdelight:stove":1,"minecraft:small_dripleaf":1,"minecraft:gold_ore":3,"minecraft:dark_oak_planks":3},"minecraft:custom":{"minecraft:interact_with_crafting_table":172,"minecraft:leave_game":55,"minecraft:time_since_death":168320,"minecraft:damage_resisted":13,"minecraft:sprint_one_cm":1379675,"minecraft:damage_blocked_by_shield":255,"minecraft:drop":144,"minecraft:talked_to_villager":3,"minecraft:play_time":514411,"minecraft:deaths":14,"minecraft:jump":10095,"minecraft:walk_on_water_one_cm":88689,"minecraft:interact_with_furnace":162,"minecraft:sleep_in_bed":45,"minecraft:damage_dealt":8423,"minecraft:player_kills":3,"minecraft:crouch_one_cm":132162,"minecraft:mob_kills":62,"minecraft:inspect_hopper":1,"minecraft:damage_dealt_resisted":111,"minecraft:climb_one_cm":18608,"minecraft:walk_one_cm":1117910,"minecraft:sneak_time":47079,"minecraft:walk_under_water_one_cm":45058,"minecraft:boat_one_cm":1156503,"minecraft:total_world_time":514411,"minecraft:interact_with_stonecutter":11,"minecraft:time_since_rest":5704,"minecraft:damage_taken":6713,"minecraft:swim_one_cm":133676,"minecraft:fly_one_cm":2125515,"minecraft:open_chest":273,"minecraft:fall_one_cm":273818},"minecraft:dropped":{"farmersdelight:iron_knife":1,"minecraft:cooked_beef":4,"minecraft:dark_oak_wood":3,"farmersdelight:cooked_salmon_slice":4,"minecraft:sand":3,"minecraft:iron_pickaxe":1,"minecraft:stone_axe":4,"minecraft:sugar_cane":2,"minecraft:mangrove_roots":1,"minecraft:wheat":26,"minecraft:rotten_flesh":5,"minecraft:oak_planks":17,"minecraft:poppy":3,"minecraft:jungle_log":13,"minecraft:spruce_slab":1,"minecraft:glass":5,"create:water_wheel":1,"farmersdelight:tomato_seeds":16,"minecraft:iron_ingot":9,"toughasnails:water_canteen":1,"minecraft:wheat_seeds":17,"minecraft:acacia_log":1,"minecraft:stick":4,"farmersdelight:cabbage_rolls":2,"toughasnails:leaf_boots":5,"minecraft:potion":3,"toughasnails:leaf_helmet":3,"minecraft:mud":1,"toughasnails:leaf_leggings":7,"minecraft:acacia_planks":14,"create:raw_zinc":2,"minecraft:spruce_sapling":1,"minecraft:redstone":5,"farmersdelight:rotten_tomato":1,"minecraft:moss_carpet":1,"minecraft:kelp":1,"toughasnails:leaf_chestplate":6,"minecraft:raw_copper":3,"minecraft:bowl":1,"minecraft:tuff":1,"minecraft:stone_shovel":1,"minecraft:stripped_oak_log":1,"farmersdelight:straw":1,"minecraft:flint_and_steel":1,"minecraft:potato":2,"farmersdelight:fried_egg":1,"toughasnails:purified_water_bottle":1,"minecraft:oak_sapling":1,"minecraft:wooden_shovel":1,"minecraft:carved_pumpkin":1,"minecraft:calcite":2},"minecraft:picked_up":{"toughasnails:leaf_leggings":10,"sereneseasons:calendar":1,"minecraft:iron_chestplate":6,"minecraft:wheat":77,"farmersdelight:rice_panicle":20,"minecraft:oak_stairs":1,"minecraft:potion":4,"mowziesmobs:spear":1,"minecraft:polished_deepslate":1,"minecraft:string":1,"minecraft:raw_copper":217,"create:limestone":70,"create:water_wheel":1,"create:mechanical_press":9,"minecraft:cobbled_deepslate":22,"minecraft:bucket":3,"farmersdelight:cabbage":4,"minecraft:spruce_planks":18,"toughasnails:leaf_boots":3,"minecraft:acacia_fence_gate":1,"minecraft:calcite":8,"minecraft:wooden_shovel":3,"farmersdelight:pasta_with_meatballs":5,"minecraft:iron_pickaxe":7,"farmersdelight:cabbage_seeds":13,"minecraft:mangrove_log":90,"minecraft:furnace":10,"minecraft:stick":67,"farmersdelight:rotten_tomato":1,"minecraft:big_dripleaf":4,"minecraft:torch":67,"minecraft:acacia_log":12,"create:andesite_casing":5,"minecraft:spruce_stairs":11,"minecraft:diorite":237,"minecraft:vine":2,"farmersdelight:fried_egg":172,"minecraft:mangrove_stairs":12,"minecraft:rotten_flesh":14,"farmersdelight:onion":10,"minecraft:carved_pumpkin":1,"farmersdelight:rope":19,"minecraft:mangrove_roots":9,"minecraft:white_terracotta":1,"farmersdelight:raw_pasta":6,"minecraft:cobblestone":181,"minecraft:water_bucket":3,"minecraft:feather":68,"minecraft:cooked_beef":7,"farmersdelight:rice":7,"minecraft:andesite":92,"minecraft:jungle_log":14,"minecraft:acacia_leaves":12,"minecraft:potato":9,"create:belt_connector":1,"minecraft:tuff":1,"create:raw_zinc":11,"minecraft:acacia_boat":1,"minecraft:mangrove_slab":17,"minecraft:lapis_lazuli":50,"farmersdelight:tomato":22,"minecraft:dirt":227,"minecraft:bone":13,"minecraft:acacia_planks":37,"farmersdelight:iron_knife":5,"minecraft:stonecutter":1,"minecraft:bow":10,"minecraft:wheat_seeds":217,"minecraft:raw_gold":24,"create:shaft":11,"farmersdelight:egg_sandwich":19,"minecraft:bamboo":11,"minecraft:moss_block":5,"minecraft:oak_planks":70,"toughasnails:purified_water_canteen":2,"create:cogwheel":9,"minecraft:jungle_planks":4,"minecraft:sand":249,"minecraft:stripped_spruce_log":21,"minecraft:dark_oak_log":19,"toughasnails:water_purifier":1,"toughasnails:water_canteen":8,"create:crimsite":9,"minecraft:granite":268,"minecraft:bone_meal":2,"minecraft:bread":35,"minecraft:oak_sapling":6,"minecraft:bricks":105,"minecraft:oak_leaves":25,"minecraft:mud":1,"minecraft:crafting_table":17,"minecraft:chicken":3,"minecraft:clay_ball":464,"minecraft:wooden_pickaxe":10,"create:schematic_table":1,"minecraft:brick":4,"minecraft:shield":6,"minecraft:moss_carpet":1,"minecraft:iron_axe":5,"minecraft:wooden_sword":1,"minecraft:flint_and_steel":2,"minecraft:iron_shovel":6,"create:cut_limestone":18,"minecraft:beef":17,"minecraft:oak_boat":3,"farmersdelight:straw":28,"farmersdelight:cod_slice":12,"create:white_seat":2,"minecraft:poppy":5,"minecraft:spruce_slab":2,"minecraft:sugar_cane":12,"minecraft:spruce_trapdoor":5,"minecraft:egg":136,"minecraft:raw_iron":47,"minecraft:sandstone":18,"create:cut_granite":2,"minecraft:copper_ingot":41,"farmersdelight:minced_beef":2,"minecraft:bowl":20,"farmersdelight:tomato_seeds":33,"create:hand_crank":3,"farmersdelight:fish_stew":6,"minecraft:carrot":6,"minecraft:redstone":5,"create:zinc_ingot":17,"minecraft:dark_oak_planks":3,"minecraft:tnt":8,"minecraft:stone_shovel":2,"minecraft:arrow":23,"minecraft:beetroot_seeds":10,"minecraft:shears":2,"create:depot":7,"mowziesmobs:umvuthana_mask_bliss":3,"minecraft:glow_berries":1,"minecraft:mutton":9,"minecraft:white_wool":6,"minecraft:stripped_oak_log":13,"mowziesmobs:umvuthana_mask_fury":1,"minecraft:leather":17,"minecraft:filled_map":1,"minecraft:lily_pad":10,"minecraft:oak_log":227,"create:andesite_alloy":7,"farmersdelight:salmon_slice":2,"minecraft:gunpowder":18,"farmersdelight:skillet":1,"farmersdelight:flint_knife":1,"minecraft:paper":12,"man:cassette_1safetyinstructions":1,"minecraft:cooked_mutton":2,"farmersdelight:cooking_pot":1,"mowziesmobs:umvuthana_mask_rage":1,"minecraft:kelp":1,"minecraft:iron_ingot":7,"minecraft:stone_pickaxe":13,"minecraft:glass_bottle":4,"minecraft:mangrove_planks":15,"mowziesmobs:umvuthana_mask_misery":2,"toughasnails:leaf_chestplate":8,"create:large_water_wheel":4,"minecraft:pumpkin":2,"minecraft:dandelion":3,"minecraft:gravel":3,"minecraft:spruce_sapling":38,"minecraft:white_bed":5,"minecraft:spruce_log":437,"create:gearbox":3,"minecraft:leather_helmet":2,"create:wheat_flour":25,"minecraft:mangrove_leaves":134,"minecraft:stone_axe":11,"create:zinc_nugget":9,"mowziesmobs:umvuthana_mask_fear":3,"farmersdelight:cooked_salmon_slice":18,"minecraft:dark_oak_wood":3,"farmersdelight:stove":1,"minecraft:mangrove_propagule":8,"minecraft:coal":143},"minecraft:killed":{"minecraft:spider":4,"minecraft:skeleton":4,"minecraft:zombie_villager":1,"minecraft:creeper":3,"minecraft:sheep":4,"minecraft:zombie":13,"mowziesmobs:umvuthana_raptor":4,"minecraft:cow":4,"minecraft:drowned":2,"mowziesmobs:umvuthana_follower_raptor":23}},"DataVersion":3465}