{"stats":{"minecraft:killed_by":{"minecraft:player":2,"minecraft:creeper":1,"sanitydim:rotting_stalker":5,"man:managgresive":2,"minecraft:skeleton":4,"mowziesmobs:umvuthana_raptor":1},"minecraft:mined":{"create:zinc_ore":5,"minecraft:white_bed":2,"minecraft:oak_sapling":3,"minecraft:jungle_leaves":1,"minecraft:mangrove_roots":8,"farmersdelight:canvas_rug":9,"minecraft:glow_lichen":5,"minecraft:ladder":1,"minecraft:granite":60,"minecraft:allium":10,"minecraft:acacia_log":137,"minecraft:mangrove_door":2,"minecraft:jungle_planks":17,"minecraft:jungle_log":43,"minecraft:sandstone":29,"minecraft:large_fern":2,"minecraft:tall_seagrass":20,"minecraft:oak_trapdoor":1,"minecraft:furnace":5,"minecraft:iron_ore":9,"minecraft:fire":6,"minecraft:andesite":484,"minecraft:moss_carpet":4,"minecraft:vine":19,"minecraft:pink_tulip":4,"minecraft:azalea_leaves":1,"minecraft:white_tulip":3,"minecraft:stone":14,"minecraft:acacia_leaves":102,"minecraft:lily_of_the_valley":1,"toughasnails:water_purifier":1,"minecraft:clay":17,"minecraft:cornflower":2,"minecraft:torch":11,"minecraft:emerald_ore":1,"minecraft:chest":6,"minecraft:dead_bush":1,"minecraft:copper_ore":2,"minecraft:tall_grass":64,"minecraft:glass":3,"minecraft:cobblestone":26,"minecraft:lily_pad":1,"minecraft:oak_planks":43,"minecraft:bricks":1,"minecraft:wall_torch":11,"minecraft:seagrass":8,"minecraft:birch_log":2,"minecraft:white_wall_banner":1,"minecraft:birch_leaves":23,"minecraft:mangrove_planks":26,"minecraft:tnt":3,"minecraft:mangrove_leaves":79,"minecraft:grass":768,"minecraft:coal_ore":7,"minecraft:oak_log":141,"minecraft:dirt":110,"minecraft:sand":2045,"minecraft:dripstone_block":1,"minecraft:mangrove_log":139,"minecraft:acacia_planks":51,"create:crimsite":39,"minecraft:oak_leaves":14,"minecraft:fern":3},"minecraft:crafted":{"minecraft:oak_planks":548,"minecraft:stone_shovel":15,"farmersdelight:canvas":42,"minecraft:bone_meal":6,"toughasnails:leaf_leggings":3,"minecraft:oak_trapdoor":4,"minecraft:glass":44,"minecraft:ladder":12,"minecraft:stone_pickaxe":1,"minecraft:chest":10,"toughasnails:leaf_helmet":1,"minecraft:white_banner":1,"toughasnails:leaf_boots":3,"minecraft:cooked_porkchop":11,"minecraft:crafting_table":3,"toughasnails:leaf_chestplate":3,"minecraft:wooden_pickaxe":1,"minecraft:copper_ingot":54,"minecraft:bucket":1,"minecraft:mangrove_planks":496,"farmersdelight:canvas_rug":84,"minecraft:birch_planks":8,"minecraft:stone_axe":6,"minecraft:air":0,"minecraft:jungle_planks":72,"minecraft:tnt":5,"minecraft:oak_boat":1,"minecraft:stick":92,"minecraft:iron_ingot":12,"minecraft:wooden_axe":2,"minecraft:acacia_planks":432,"minecraft:torch":64,"minecraft:shears":1},"minecraft:dropped":{"minecraft:bread":27,"farmersdelight:iron_knife":2,"minecraft:wheat_seeds":112,"minecraft:oak_log":10,"minecraft:tnt":1,"minecraft:glass_bottle":1,"minecraft:cooked_porkchop":20,"minecraft:feather":2,"minecraft:cobblestone":46,"mowziesmobs:umvuthana_mask_fear":1,"minecraft:mangrove_planks":91,"create:crimsite":68,"minecraft:acacia_log":75,"minecraft:stick":16,"farmersdelight:cabbage_rolls":2,"minecraft:dirt":9,"farmersdelight:golden_knife":1,"minecraft:torch":17,"minecraft:cornflower":2,"minecraft:wooden_axe":1,"toughasnails:leaf_boots":5,"minecraft:potion":6,"minecraft:sand":56,"toughasnails:leaf_leggings":5,"minecraft:string":3,"minecraft:lily_pad":34,"minecraft:acacia_planks":190,"minecraft:bone":2,"minecraft:pink_tulip":6,"minecraft:gravel":1,"minecraft:stone_axe":7,"minecraft:moss_carpet":2,"toughasnails:leaf_chestplate":5,"minecraft:mangrove_roots":6,"minecraft:bowl":1,"minecraft:stone_shovel":2,"minecraft:rotten_flesh":15,"minecraft:clay_ball":4,"minecraft:oak_planks":152,"minecraft:lily_of_the_valley":2,"minecraft:gunpowder":2,"farmersdelight:fried_egg":1,"minecraft:allium":6,"minecraft:andesite":588,"minecraft:jungle_log":43,"minecraft:oak_boat":3,"minecraft:acacia_sapling":4,"minecraft:ladder":4,"minecraft:sandstone":28,"minecraft:stone_pickaxe":4,"minecraft:glass":18,"minecraft:beef":2,"minecraft:wooden_pickaxe":2,"farmersdelight:fish_stew":1,"mowziesmobs:umvuthana_mask_fury":4},"minecraft:killed":{"minecraft:spider":2,"minecraft:skeleton":3,"minecraft:drowned":2,"minecraft:pig":5,"minecraft:creeper":5,"minecraft:pillager":1,"minecraft:zombie":6,"mowziesmobs:umvuthana_raptor":1,"minecraft:cow":2},"minecraft:broken":{"mowziesmobs:umvuthana_mask_fear":1,"toughasnails:leaf_leggings":4,"minecraft:iron_shovel":1,"toughasnails:leaf_boots":3,"toughasnails:leaf_chestplate":5,"minecraft:wooden_pickaxe":1,"minecraft:stone_pickaxe":1,"minecraft:stone_axe":5,"minecraft:iron_pickaxe":1,"minecraft:wooden_axe":3,"minecraft:stone_shovel":13},"minecraft:used":{"minecraft:oak_trapdoor":5,"minecraft:moss_carpet":3,"minecraft:white_tulip":2,"minecraft:iron_shovel":251,"minecraft:acacia_log":1,"minecraft:flint_and_steel":2,"toughasnails:water_purifier":1,"mowziesmobs:umvuthana_mask_fear":4,"farmersdelight:cabbage_rolls":2,"minecraft:stone_shovel":1911,"minecraft:ladder":13,"minecraft:chest":15,"minecraft:shield":6,"toughasnails:leaf_boots":2,"minecraft:torch":80,"farmersdelight:fish_stew":2,"minecraft:jungle_planks":17,"minecraft:acacia_sapling":3,"minecraft:glass":91,"farmersdelight:beef_patty":2,"minecraft:wooden_axe":115,"minecraft:mangrove_log":15,"minecraft:bricks":1,"farmersdelight:canvas_rug":93,"minecraft:beef":2,"minecraft:mangrove_roots":4,"minecraft:oak_sapling":15,"minecraft:furnace":5,"minecraft:mangrove_slab":1,"minecraft:cooked_beef":1,"minecraft:acacia_planks":423,"farmersdelight:fried_egg":32,"minecraft:water_bucket":49,"farmersdelight:iron_knife":834,"toughasnails:leaf_leggings":2,"minecraft:oak_planks":617,"minecraft:stone_pickaxe":130,"minecraft:glass_bottle":108,"minecraft:mangrove_planks":524,"create:crimsite":5,"minecraft:wooden_pickaxe":59,"minecraft:sandstone":19,"minecraft:sugar_cane":7,"minecraft:sand":1480,"minecraft:tnt":4,"minecraft:crafting_table":3,"minecraft:white_bed":2,"minecraft:dripstone_block":1,"minecraft:shears":104,"minecraft:oak_log":3,"minecraft:apple":1,"minecraft:mangrove_door":2,"minecraft:bread":13,"minecraft:iron_pickaxe":499,"toughasnails:leaf_chestplate":2,"minecraft:stone_axe":668,"minecraft:potion":107,"farmersdelight:cooked_bacon":1,"minecraft:cobblestone":8,"minecraft:white_banner":2,"mowziesmobs:umvuthana_mask_fury":1,"minecraft:cooked_porkchop":9,"minecraft:bucket":50,"minecraft:andesite":13,"minecraft:oak_boat":23},"minecraft:custom":{"minecraft:mob_kills":28,"minecraft:interact_with_crafting_table":48,"minecraft:leave_game":6,"minecraft:time_since_death":39987,"minecraft:climb_one_cm":20403,"minecraft:sprint_one_cm":954777,"minecraft:walk_one_cm":1249850,"minecraft:damage_blocked_by_shield":330,"minecraft:drop":251,"minecraft:play_time":477242,"minecraft:sneak_time":28283,"minecraft:deaths":22,"minecraft:walk_under_water_one_cm":116921,"minecraft:boat_one_cm":680519,"minecraft:jump":8157,"minecraft:walk_on_water_one_cm":269942,"minecraft:total_world_time":477242,"minecraft:interact_with_furnace":56,"minecraft:sleep_in_bed":26,"minecraft:time_since_rest":13462,"minecraft:damage_taken":7093,"minecraft:damage_dealt":5600,"minecraft:swim_one_cm":282373,"minecraft:fly_one_cm":1517167,"minecraft:open_chest":214,"minecraft:crouch_one_cm":76990,"minecraft:fall_one_cm":173900},"minecraft:picked_up":{"minecraft:wooden_axe":3,"toughasnails:leaf_leggings":11,"sereneseasons:calendar":2,"minecraft:iron_chestplate":1,"farmersdelight:cabbage_rolls":8,"minecraft:allium":6,"minecraft:ladder":13,"minecraft:clay_ball":72,"minecraft:lead":2,"minecraft:wooden_pickaxe":4,"minecraft:potion":23,"minecraft:brick":3,"minecraft:shield":4,"minecraft:cornflower":3,"minecraft:oak_trapdoor":1,"minecraft:string":6,"minecraft:moss_carpet":5,"minecraft:raw_copper":21,"minecraft:flint_and_steel":3,"minecraft:iron_shovel":1,"minecraft:oak_sign":1,"toughasnails:leaf_boots":11,"minecraft:beef":14,"minecraft:white_tulip":4,"farmersdelight:straw":196,"minecraft:oak_boat":33,"minecraft:iron_pickaxe":4,"minecraft:azalea_leaves":2,"minecraft:sugar_cane":7,"farmersdelight:canvas_rug":9,"minecraft:chest":5,"farmersdelight:golden_knife":1,"minecraft:mangrove_log":139,"minecraft:egg":7,"minecraft:furnace":5,"minecraft:raw_iron":18,"minecraft:stick":48,"minecraft:sandstone":93,"minecraft:copper_ingot":106,"minecraft:torch":124,"minecraft:bowl":2,"minecraft:acacia_log":237,"minecraft:porkchop":11,"farmersdelight:fish_stew":3,"minecraft:tnt":2,"farmersdelight:fried_egg":161,"minecraft:arrow":16,"minecraft:stone_shovel":11,"minecraft:rotten_flesh":28,"minecraft:shears":4,"minecraft:pink_tulip":6,"mowziesmobs:umvuthana_mask_bliss":5,"minecraft:mangrove_roots":22,"minecraft:mangrove_door":4,"minecraft:white_wool":8,"minecraft:cobblestone":108,"minecraft:birch_log":2,"mowziesmobs:umvuthana_mask_fury":11,"minecraft:birch_leaves":20,"minecraft:feather":59,"minecraft:cooked_beef":3,"minecraft:jungle_log":112,"minecraft:andesite":1017,"minecraft:leather":4,"minecraft:acacia_leaves":75,"toughasnails:leaf_helmet":1,"create:raw_zinc":43,"minecraft:oak_log":170,"minecraft:lily_pad":35,"minecraft:gunpowder":35,"minecraft:mangrove_slab":1,"minecraft:dirt":145,"minecraft:white_banner":1,"minecraft:glass":30,"minecraft:bone":13,"minecraft:acacia_planks":473,"farmersdelight:iron_knife":8,"minecraft:apple":5,"mowziesmobs:umvuthana_mask_rage":8,"minecraft:wheat_seeds":115,"minecraft:raw_gold":2,"minecraft:stone_pickaxe":15,"minecraft:iron_ingot":3,"minecraft:oak_fence_gate":4,"minecraft:glass_bottle":3,"minecraft:mangrove_planks":122,"minecraft:oak_planks":515,"mowziesmobs:umvuthana_mask_misery":6,"minecraft:acacia_sapling":7,"toughasnails:leaf_chestplate":13,"minecraft:cooked_porkchop":24,"minecraft:dripstone_block":1,"minecraft:gravel":1,"minecraft:sand":2618,"minecraft:jungle_planks":17,"minecraft:white_bed":2,"minecraft:lily_of_the_valley":2,"toughasnails:water_purifier":1,"create:crimsite":106,"minecraft:stone_axe":23,"minecraft:granite":178,"minecraft:bone_meal":12,"minecraft:emerald":6,"minecraft:bread":122,"mowziesmobs:umvuthana_mask_fear":5,"minecraft:oak_sapling":36,"minecraft:black_wool":4,"minecraft:mangrove_propagule":1,"minecraft:bricks":1,"minecraft:coal":45}},"DataVersion":3465}