{"stats":{"minecraft:crafted":{"minecraft:oak_planks":80,"minecraft:stone_shovel":1,"minecraft:glass":44,"minecraft:stone_pickaxe":1,"minecraft:cooked_porkchop":11,"minecraft:wooden_pickaxe":1,"minecraft:copper_ingot":54,"minecraft:mangrove_planks":380,"minecraft:stone_axe":4,"minecraft:air":0,"minecraft:jungle_planks":36,"minecraft:stick":16,"minecraft:iron_ingot":9,"minecraft:wooden_axe":2,"minecraft:acacia_planks":412},"minecraft:used":{"minecraft:moss_carpet":3,"minecraft:acacia_log":1,"toughasnails:water_purifier":1,"minecraft:stone_shovel":90,"minecraft:chest":1,"minecraft:jungle_planks":17,"minecraft:acacia_sapling":3,"minecraft:glass":91,"minecraft:wooden_axe":115,"minecraft:mangrove_log":14,"minecraft:beef":2,"minecraft:mangrove_roots":1,"minecraft:oak_sapling":1,"minecraft:furnace":5,"minecraft:acacia_planks":418,"farmersdelight:iron_knife":1,"toughasnails:leaf_leggings":1,"minecraft:oak_planks":211,"minecraft:glass_bottle":31,"minecraft:stone_pickaxe":33,"minecraft:mangrove_planks":375,"create:crimsite":5,"minecraft:wooden_pickaxe":59,"minecraft:sandstone":19,"minecraft:oak_log":1,"minecraft:mangrove_door":2,"toughasnails:leaf_chestplate":1,"minecraft:stone_axe":409,"minecraft:potion":30,"mowziesmobs:umvuthana_mask_fury":1,"minecraft:cooked_porkchop":8,"minecraft:oak_boat":9},"minecraft:broken":{"minecraft:wooden_pickaxe":1,"minecraft:stone_axe":2,"minecraft:wooden_axe":3},"minecraft:killed_by":{"minecraft:player":1,"sanitydim:rotting_stalker":3},"minecraft:mined":{"minecraft:jungle_leaves":1,"minecraft:mangrove_roots":8,"minecraft:acacia_log":129,"minecraft:mangrove_door":2,"minecraft:jungle_planks":17,"minecraft:jungle_log":43,"minecraft:sandstone":28,"minecraft:tall_seagrass":8,"minecraft:furnace":5,"minecraft:moss_carpet":2,"minecraft:vine":18,"minecraft:acacia_leaves":22,"toughasnails:water_purifier":1,"minecraft:torch":1,"minecraft:chest":2,"minecraft:glass":3,"minecraft:cobblestone":19,"minecraft:oak_planks":28,"minecraft:seagrass":7,"minecraft:mangrove_planks":11,"minecraft:mangrove_leaves":62,"minecraft:grass":2,"minecraft:oak_log":25,"minecraft:sand":91,"minecraft:mangrove_log":117,"minecraft:acacia_planks":41,"create:crimsite":39,"minecraft:oak_leaves":6},"minecraft:custom":{"minecraft:mob_kills":10,"minecraft:interact_with_crafting_table":7,"minecraft:leave_game":1,"minecraft:time_since_death":9776,"minecraft:climb_one_cm":4960,"minecraft:sprint_one_cm":326038,"minecraft:walk_one_cm":342769,"minecraft:drop":89,"minecraft:play_time":165614,"minecraft:deaths":6,"minecraft:sneak_time":18237,"minecraft:walk_under_water_one_cm":44310,"minecraft:boat_one_cm":260685,"minecraft:jump":3304,"minecraft:walk_on_water_one_cm":70738,"minecraft:total_world_time":165614,"minecraft:interact_with_furnace":44,"minecraft:sleep_in_bed":8,"minecraft:time_since_rest":4200,"minecraft:damage_taken":1840,"minecraft:damage_dealt":1665,"minecraft:swim_one_cm":70696,"minecraft:fly_one_cm":524659,"minecraft:open_chest":33,"minecraft:crouch_one_cm":56418,"minecraft:fall_one_cm":47305},"minecraft:dropped":{"farmersdelight:iron_knife":1,"minecraft:wheat_seeds":1,"minecraft:oak_log":7,"minecraft:cooked_porkchop":18,"minecraft:feather":2,"minecraft:cobblestone":38,"minecraft:mangrove_planks":90,"create:crimsite":68,"minecraft:acacia_log":54,"minecraft:stick":11,"minecraft:wooden_axe":1,"toughasnails:leaf_boots":3,"minecraft:potion":4,"toughasnails:leaf_leggings":3,"minecraft:lily_pad":5,"minecraft:acacia_planks":138,"minecraft:moss_carpet":1,"minecraft:stone_axe":4,"toughasnails:leaf_chestplate":3,"minecraft:mangrove_roots":3,"minecraft:rotten_flesh":1,"minecraft:clay_ball":4,"minecraft:oak_planks":150,"minecraft:jungle_log":43,"minecraft:acacia_sapling":3,"minecraft:oak_boat":2,"minecraft:sandstone":18,"minecraft:beef":2,"minecraft:glass":12,"minecraft:stone_pickaxe":2,"minecraft:wooden_pickaxe":2,"mowziesmobs:umvuthana_mask_fury":3},"minecraft:picked_up":{"minecraft:wooden_axe":3,"toughasnails:leaf_leggings":5,"minecraft:clay_ball":4,"minecraft:lead":2,"minecraft:wooden_pickaxe":4,"minecraft:potion":11,"minecraft:brick":3,"minecraft:string":1,"minecraft:moss_carpet":4,"minecraft:oak_sign":1,"toughasnails:leaf_boots":5,"minecraft:beef":4,"minecraft:oak_boat":12,"minecraft:chest":1,"minecraft:mangrove_log":116,"minecraft:furnace":5,"minecraft:stick":18,"minecraft:sandstone":46,"minecraft:copper_ingot":106,"minecraft:acacia_log":179,"minecraft:porkchop":11,"minecraft:rotten_flesh":1,"minecraft:arrow":4,"mowziesmobs:umvuthana_mask_bliss":1,"minecraft:mangrove_roots":10,"minecraft:mangrove_door":4,"minecraft:cobblestone":55,"mowziesmobs:umvuthana_mask_fury":6,"minecraft:feather":27,"minecraft:jungle_log":86,"toughasnails:leaf_helmet":1,"minecraft:oak_log":31,"minecraft:lily_pad":5,"minecraft:dirt":6,"minecraft:glass":12,"minecraft:bone":1,"minecraft:acacia_planks":218,"farmersdelight:iron_knife":1,"minecraft:wheat_seeds":1,"minecraft:raw_gold":2,"minecraft:oak_fence_gate":2,"minecraft:stone_pickaxe":3,"minecraft:mangrove_planks":99,"minecraft:oak_planks":293,"minecraft:acacia_sapling":6,"toughasnails:leaf_chestplate":6,"minecraft:cooked_porkchop":18,"minecraft:sand":216,"minecraft:jungle_planks":17,"toughasnails:water_purifier":1,"create:crimsite":106,"minecraft:stone_axe":4,"minecraft:oak_sapling":22,"minecraft:black_wool":2,"minecraft:coal":31,"minecraft:mangrove_propagule":1},"minecraft:killed":{"minecraft:drowned":1,"minecraft:pig":5,"minecraft:pillager":1,"minecraft:zombie":1,"mowziesmobs:umvuthana_raptor":1,"minecraft:cow":1}},"DataVersion":3465}