{"stats":{"minecraft:killed_by":{"minecraft:player":2,"minecraft:creeper":1,"sanitydim:rotting_stalker":5,"man:managgresive":1,"minecraft:skeleton":4,"mowziesmobs:umvuthana_raptor":1},"minecraft:mined":{"create:zinc_ore":5,"minecraft:white_bed":2,"minecraft:oak_sapling":3,"minecraft:jungle_leaves":1,"minecraft:mangrove_roots":8,"farmersdelight:canvas_rug":9,"minecraft:glow_lichen":5,"minecraft:ladder":1,"minecraft:allium":10,"minecraft:acacia_log":137,"minecraft:mangrove_door":2,"minecraft:jungle_planks":17,"minecraft:jungle_log":43,"minecraft:sandstone":29,"minecraft:large_fern":2,"minecraft:tall_seagrass":20,"minecraft:oak_trapdoor":1,"minecraft:furnace":5,"minecraft:fire":6,"minecraft:andesite":10,"minecraft:moss_carpet":4,"minecraft:vine":19,"minecraft:pink_tulip":4,"minecraft:azalea_leaves":1,"minecraft:white_tulip":3,"minecraft:stone":8,"minecraft:acacia_leaves":102,"minecraft:lily_of_the_valley":1,"toughasnails:water_purifier":1,"minecraft:clay":17,"minecraft:cornflower":2,"minecraft:torch":10,"minecraft:emerald_ore":1,"minecraft:dead_bush":1,"minecraft:chest":6,"minecraft:copper_ore":2,"minecraft:tall_grass":64,"minecraft:glass":3,"minecraft:cobblestone":26,"minecraft:oak_planks":43,"minecraft:bricks":1,"minecraft:wall_torch":8,"minecraft:seagrass":8,"minecraft:mangrove_planks":26,"minecraft:tnt":3,"minecraft:mangrove_leaves":79,"minecraft:grass":767,"minecraft:coal_ore":5,"minecraft:oak_log":141,"minecraft:dirt":110,"minecraft:sand":2043,"minecraft:dripstone_block":1,"minecraft:mangrove_log":139,"minecraft:acacia_planks":50,"create:crimsite":39,"minecraft:oak_leaves":14,"minecraft:fern":3},"minecraft:crafted":{"minecraft:oak_planks":548,"minecraft:stone_shovel":15,"farmersdelight:canvas":42,"toughasnails:leaf_leggings":2,"minecraft:oak_trapdoor":4,"minecraft:glass":44,"minecraft:ladder":12,"minecraft:stone_pickaxe":1,"minecraft:chest":4,"toughasnails:leaf_helmet":1,"toughasnails:leaf_boots":2,"minecraft:cooked_porkchop":11,"toughasnails:leaf_chestplate":2,"minecraft:wooden_pickaxe":1,"minecraft:copper_ingot":54,"minecraft:mangrove_planks":496,"farmersdelight:canvas_rug":84,"minecraft:stone_axe":6,"minecraft:air":0,"minecraft:jungle_planks":72,"minecraft:tnt":5,"minecraft:oak_boat":1,"minecraft:stick":88,"minecraft:iron_ingot":9,"minecraft:wooden_axe":2,"minecraft:acacia_planks":412,"minecraft:torch":64},"minecraft:dropped":{"minecraft:bread":27,"farmersdelight:iron_knife":2,"minecraft:wheat_seeds":112,"minecraft:oak_log":10,"minecraft:tnt":1,"minecraft:glass_bottle":1,"minecraft:cooked_porkchop":20,"minecraft:feather":2,"minecraft:cobblestone":46,"mowziesmobs:umvuthana_mask_fear":1,"minecraft:mangrove_planks":91,"create:crimsite":68,"minecraft:acacia_log":75,"minecraft:stick":16,"farmersdelight:cabbage_rolls":2,"farmersdelight:golden_knife":1,"minecraft:torch":17,"minecraft:cornflower":2,"minecraft:wooden_axe":1,"toughasnails:leaf_boots":5,"minecraft:potion":6,"minecraft:sand":56,"toughasnails:leaf_leggings":5,"minecraft:lily_pad":5,"minecraft:acacia_planks":190,"minecraft:pink_tulip":6,"minecraft:stone_axe":7,"minecraft:moss_carpet":2,"toughasnails:leaf_chestplate":5,"minecraft:mangrove_roots":6,"minecraft:bowl":1,"minecraft:stone_shovel":2,"minecraft:rotten_flesh":9,"minecraft:clay_ball":4,"minecraft:oak_planks":152,"minecraft:lily_of_the_valley":2,"minecraft:gunpowder":2,"minecraft:allium":6,"farmersdelight:fried_egg":1,"minecraft:andesite":10,"minecraft:jungle_log":43,"minecraft:oak_boat":3,"minecraft:acacia_sapling":4,"minecraft:ladder":4,"minecraft:sandstone":28,"minecraft:stone_pickaxe":4,"minecraft:glass":18,"minecraft:beef":2,"minecraft:wooden_pickaxe":2,"farmersdelight:fish_stew":1,"mowziesmobs:umvuthana_mask_fury":4},"minecraft:killed":{"minecraft:skeleton":2,"minecraft:drowned":2,"minecraft:pig":5,"minecraft:creeper":2,"minecraft:pillager":1,"minecraft:zombie":5,"mowziesmobs:umvuthana_raptor":1,"minecraft:cow":2},"minecraft:broken":{"mowziesmobs:umvuthana_mask_fear":1,"toughasnails:leaf_leggings":3,"minecraft:iron_shovel":1,"toughasnails:leaf_boots":2,"toughasnails:leaf_chestplate":4,"minecraft:wooden_pickaxe":1,"minecraft:stone_axe":5,"minecraft:wooden_axe":3,"minecraft:stone_shovel":13},"minecraft:used":{"minecraft:oak_trapdoor":5,"minecraft:moss_carpet":3,"minecraft:white_tulip":2,"minecraft:iron_shovel":251,"minecraft:acacia_log":1,"minecraft:flint_and_steel":2,"toughasnails:water_purifier":1,"mowziesmobs:umvuthana_mask_fear":4,"farmersdelight:cabbage_rolls":2,"minecraft:stone_shovel":1911,"minecraft:ladder":13,"minecraft:chest":9,"toughasnails:leaf_boots":1,"minecraft:torch":61,"farmersdelight:fish_stew":2,"minecraft:jungle_planks":17,"minecraft:acacia_sapling":3,"farmersdelight:beef_patty":2,"minecraft:glass":91,"minecraft:wooden_axe":115,"minecraft:mangrove_log":15,"minecraft:bricks":1,"farmersdelight:canvas_rug":93,"minecraft:beef":2,"minecraft:mangrove_roots":4,"minecraft:oak_sapling":15,"minecraft:furnace":5,"minecraft:mangrove_slab":1,"minecraft:cooked_beef":1,"minecraft:acacia_planks":423,"farmersdelight:fried_egg":13,"farmersdelight:iron_knife":834,"toughasnails:leaf_leggings":2,"minecraft:oak_planks":617,"minecraft:stone_pickaxe":68,"minecraft:glass_bottle":82,"minecraft:mangrove_planks":524,"create:crimsite":5,"minecraft:wooden_pickaxe":59,"minecraft:sandstone":19,"minecraft:sand":1479,"minecraft:tnt":4,"minecraft:white_bed":2,"minecraft:dripstone_block":1,"minecraft:shears":81,"minecraft:oak_log":3,"minecraft:apple":1,"minecraft:mangrove_door":2,"minecraft:bread":13,"minecraft:iron_pickaxe":9,"toughasnails:leaf_chestplate":2,"minecraft:stone_axe":641,"minecraft:cobblestone":7,"minecraft:potion":81,"farmersdelight:cooked_bacon":1,"mowziesmobs:umvuthana_mask_fury":1,"minecraft:cooked_porkchop":9,"minecraft:oak_boat":18},"minecraft:custom":{"minecraft:mob_kills":21,"minecraft:interact_with_crafting_table":35,"minecraft:leave_game":5,"minecraft:time_since_death":30474,"minecraft:climb_one_cm":16870,"minecraft:sprint_one_cm":843636,"minecraft:walk_one_cm":1112490,"minecraft:drop":190,"minecraft:play_time":405468,"minecraft:sneak_time":25002,"minecraft:deaths":20,"minecraft:walk_under_water_one_cm":88599,"minecraft:boat_one_cm":489108,"minecraft:jump":6999,"minecraft:walk_on_water_one_cm":235482,"minecraft:total_world_time":405468,"minecraft:interact_with_furnace":46,"minecraft:sleep_in_bed":22,"minecraft:time_since_rest":3626,"minecraft:damage_taken":6002,"minecraft:damage_dealt":3834,"minecraft:swim_one_cm":249804,"minecraft:fly_one_cm":1306065,"minecraft:open_chest":160,"minecraft:crouch_one_cm":71188,"minecraft:fall_one_cm":136393},"minecraft:picked_up":{"minecraft:wooden_axe":3,"toughasnails:leaf_leggings":10,"sereneseasons:calendar":1,"farmersdelight:cabbage_rolls":8,"minecraft:allium":6,"minecraft:ladder":13,"minecraft:clay_ball":72,"minecraft:lead":2,"minecraft:wooden_pickaxe":4,"minecraft:potion":22,"minecraft:shield":1,"minecraft:brick":3,"minecraft:cornflower":3,"minecraft:string":3,"minecraft:oak_trapdoor":1,"minecraft:raw_copper":6,"minecraft:moss_carpet":5,"minecraft:flint_and_steel":3,"minecraft:iron_shovel":1,"minecraft:oak_sign":1,"toughasnails:leaf_boots":10,"minecraft:beef":14,"minecraft:white_tulip":4,"farmersdelight:straw":196,"minecraft:oak_boat":26,"minecraft:iron_pickaxe":1,"minecraft:azalea_leaves":2,"farmersdelight:canvas_rug":9,"minecraft:chest":5,"farmersdelight:golden_knife":1,"minecraft:mangrove_log":139,"minecraft:furnace":5,"minecraft:egg":7,"minecraft:stick":46,"minecraft:sandstone":93,"minecraft:copper_ingot":106,"minecraft:torch":76,"minecraft:bowl":2,"minecraft:acacia_log":229,"minecraft:porkchop":11,"farmersdelight:fish_stew":3,"minecraft:tnt":2,"farmersdelight:fried_egg":41,"minecraft:arrow":12,"minecraft:stone_shovel":11,"minecraft:rotten_flesh":22,"minecraft:shears":4,"minecraft:pink_tulip":6,"mowziesmobs:umvuthana_mask_bliss":3,"minecraft:mangrove_roots":22,"minecraft:mangrove_door":4,"minecraft:cobblestone":97,"mowziesmobs:umvuthana_mask_fury":11,"minecraft:feather":59,"minecraft:cooked_beef":3,"minecraft:andesite":10,"minecraft:jungle_log":112,"minecraft:acacia_leaves":75,"toughasnails:leaf_helmet":1,"create:raw_zinc":4,"minecraft:oak_log":170,"minecraft:lily_pad":5,"minecraft:gunpowder":21,"minecraft:mangrove_slab":1,"minecraft:dirt":136,"minecraft:glass":30,"minecraft:bone":5,"minecraft:acacia_planks":472,"farmersdelight:iron_knife":8,"minecraft:apple":5,"mowziesmobs:umvuthana_mask_rage":8,"minecraft:wheat_seeds":115,"minecraft:raw_gold":2,"minecraft:oak_fence_gate":4,"minecraft:stone_pickaxe":15,"minecraft:glass_bottle":2,"minecraft:mangrove_planks":122,"minecraft:acacia_sapling":7,"minecraft:oak_planks":515,"mowziesmobs:umvuthana_mask_misery":6,"toughasnails:leaf_chestplate":12,"minecraft:cooked_porkchop":24,"minecraft:dripstone_block":1,"minecraft:sand":2616,"minecraft:jungle_planks":17,"minecraft:white_bed":2,"minecraft:lily_of_the_valley":2,"toughasnails:water_purifier":1,"create:crimsite":106,"minecraft:stone_axe":21,"minecraft:emerald":1,"minecraft:bread":122,"mowziesmobs:umvuthana_mask_fear":5,"minecraft:oak_sapling":36,"minecraft:black_wool":2,"minecraft:mangrove_propagule":1,"minecraft:bricks":1,"minecraft:coal":36}},"DataVersion":3465}