{"stats":{"minecraft:used":{"minecraft:spruce_slab":1,"minecraft:dirt":2,"minecraft:stone_brick_stairs":1,"minecraft:stone_bricks":1,"minecraft:egg":1,"jujutsucraft:uniform_normal_boots":2,"minecraft:spruce_sign":1,"minecraft:oak_leaves":1,"minecraft:vine":1,"minecraft:white_bed":1,"jujutsucraft:uniform_normal_chestplate":2,"jujutsucraft:sword_okkotsu_yuta":7,"jujutsucraft:uniform_normal_leggings":2,"minecraft:oak_boat":2},"minecraft:picked_up":{"minecraft:coarse_dirt":1,"minecraft:chicken":1,"minecraft:leather_leggings":11,"jujutsucraft:uniform_normal_boots":2,"minecraft:stone_brick_stairs":1,"minecraft:item_frame":14,"jujutsucraft:sword_black":1,"minecraft:oak_boat":2,"jujutsucraft:sword_shigemo":1,"minecraft:spruce_slab":1,"minecraft:iron_boots":5,"minecraft:egg":1,"jujutsucraft:sickle":1,"jujutsucraft:sword_okkotsu_yuta":3,"minecraft:porkchop":2,"jujutsucraft:gavel":1,"minecraft:vine":1,"jujutsucraft:uniform_q_leggings":1,"jujutsucraft:hanami_eye":1,"minecraft:cobblestone":1,"minecraft:leather_chestplate":5,"minecraft:salmon":1,"minecraft:magenta_bed":2,"minecraft:dirt":5,"jujutsucraft:uniform_normal_leggings":2,"minecraft:stone_bricks":1,"jujutsucraft:sword_miwa_kasumi":1,"jujutsucraft:hanami_hand":1,"jujutsucraft:uniform_normal_chestplate":2,"minecraft:ink_sac":1,"minecraft:white_bed":2,"minecraft:light_blue_terracotta":1,"minecraft:painting":2,"minecraft:bone_meal":1,"minecraft:spruce_sign":1,"minecraft:oak_leaves":1},"minecraft:custom":{"minecraft:mob_kills":796,"minecraft:open_barrel":5,"minecraft:damage_dealt_resisted":181439,"minecraft:leave_game":1,"minecraft:time_since_death":2238,"minecraft:climb_one_cm":1453,"minecraft:damage_resisted":20346,"minecraft:sprint_one_cm":1175936,"minecraft:walk_one_cm":606826,"minecraft:drop":59,"minecraft:talked_to_villager":1,"minecraft:play_time":115181,"minecraft:deaths":51,"minecraft:sneak_time":5739,"minecraft:walk_under_water_one_cm":9877,"minecraft:jump":2779,"minecraft:walk_on_water_one_cm":41471,"minecraft:total_world_time":115181,"minecraft:time_since_rest":2274,"minecraft:damage_taken":24310,"minecraft:damage_dealt":5467,"minecraft:swim_one_cm":14302,"minecraft:fly_one_cm":2262591,"minecraft:player_kills":2,"minecraft:open_chest":18,"minecraft:crouch_one_cm":21448,"minecraft:fall_one_cm":226925},"minecraft:killed":{"jujutsucraft:mimiko":1,"jujutsucraft:cursed_spirit_grade_32":17,"jujutsucraft:transfigured_human_3":5,"jujutsucraft:cursed_spirit_grade_21":2,"jujutsucraft:cursed_spirit_grade_31":3,"jujutsucraft:cursed_spirit_grade_33":12,"jujutsucraft:nanako":2,"jujutsucraft:cursed_spirit_grade_11":1,"jujutsucraft:cursed_spirit_grade_12":1,"jujutsucraft:cursed_spirit_grade_24":1,"jujutsucraft:earthen_insect_trance":2,"jujutsucraft:cursed_spirit_grade_37":1,"jujutsucraft:cursed_spirit_grade_35":5,"jujutsucraft:yoshino_junpei":2,"jujutsucraft:rock_fragment":1,"jujutsucraft:cursed_spirit_grade_318":12,"minecraft:cod":14,"jujutsucraft:cursed_spirit_grade_316":5,"jujutsucraft:kumiya_juzo":1,"jujutsucraft:cursed_spirit_grade_22":3,"jujutsucraft:wooden_spear_1":4,"jujutsucraft:cursed_spirit_grade_39":49,"jujutsucraft:shigemo_haruta":3,"jujutsucraft:cursed_spirit_grade_312":10,"jujutsucraft:cursed_spirit_grade_313":7,"minecraft:chicken":5,"jujutsucraft:cursed_spirit_grade_15":2,"jujutsucraft:kechizu":1,"jujutsucraft:cursed_spirit_grade_214":2,"jujutsucraft:cursed_spirit_grade_317":12,"jujutsucraft:cockroach_larva":1,"jujutsucraft:cursed_spirit_grade_38":7,"jujutsucraft:cursed_spirit_grade_34":7,"jujutsucraft:kurusu_hana":1,"jujutsucraft:cursed_spirit_grade_210":1,"minecraft:pig":4,"jujutsucraft:kukuru":2,"jujutsucraft:jujutsu_sorcerer":4,"minecraft:salmon":11,"jujutsucraft:awasaka_jiro":1,"minecraft:bat":33,"jujutsucraft:zenin_maki":1,"jujutsucraft:curse_user_1":1,"jujutsucraft:curse_user":6,"minecraft:squid":5,"jujutsucraft:cursed_spirit_grade_321":16,"jujutsucraft:cursed_spirit_grade_28":1,"jujutsucraft:cursed_spirit_grade_314":24,"jujutsucraft:crow":1,"jujutsucraft:cursed_spirit_grade_311":4,"jujutsucraft:cursed_spirit_grade_310":9,"jujutsucraft:cursed_spirit_grade_18":1,"jujutsucraft:cursed_spirit_grade_36":22,"jujutsucraft:cursed_spirit_grade_25":1,"jujutsucraft:moon_dregs":1,"jujutsucraft:cursed_spirit_grade_315":8,"jujutsucraft:cursed_spirit_grade_212":3,"jujutsucraft:cursed_spirit_grade_319":15,"jujutsucraft:cursed_spirit_grade_322":22,"jujutsucraft:takaba_fumihiko":1,"minecraft:villager":3,"jujutsucraft:q":6,"jujutsucraft:entity_tornado":1,"minecraft:cow":4,"jujutsucraft:ogami":1},"minecraft:dropped":{"minecraft:porkchop":2,"jujutsucraft:sword_shigemo":1,"minecraft:cobblestone":1,"jujutsucraft:uniform_q_leggings":1,"minecraft:item_frame":14,"minecraft:dirt":3,"minecraft:ink_sac":1,"minecraft:bone_meal":1,"jujutsucraft:uniform_normal_leggings":1,"minecraft:coarse_dirt":1,"jujutsucraft:sword_miwa_kasumi":1,"minecraft:chicken":1,"jujutsucraft:sword_okkotsu_yuta":4,"minecraft:iron_boots":5,"minecraft:salmon":1,"jujutsucraft:uniform_normal_chestplate":1,"minecraft:leather_chestplate":5,"minecraft:leather_leggings":11,"minecraft:painting":2,"minecraft:light_blue_terracotta":1,"jujutsucraft:uniform_normal_boots":1},"minecraft:mined":{"minecraft:white_bed":2,"minecraft:glass_pane":4,"minecraft:magenta_bed":2,"minecraft:birch_leaves":1},"minecraft:killed_by":{"jujutsucraft:max_elephant":1,"jujutsucraft:cursed_spirit_grade_24":4,"jujutsucraft:choso":2,"minecraft:player":6,"jujutsucraft:cursed_spirit_grade_14":2,"jujutsucraft:cursed_spirit_grade_312":1,"jujutsucraft:kenjaku":1,"jujutsucraft:cursed_spirit_grade_05":1,"jujutsucraft:cursed_spirit_grade_11":1,"jujutsucraft:cursed_spirit_grade_12":2,"jujutsucraft:cursed_spirit_grade_03":2,"jujutsucraft:nanako":1,"jujutsucraft:cursed_spirit_grade_22":6,"jujutsucraft:yoshino_junpei":1,"jujutsucraft:kusakabe_yatsuya":1,"jujutsucraft:fushiguro_megumi":1,"jujutsucraft:cursed_spirit_grade_04":1,"jujutsucraft:curse_user":1,"jujutsucraft:hoshi_kirara":1,"jujutsucraft:hazenoki":1,"jujutsucraft:jogo":2,"jujutsucraft:moon_dregs":1,"jujutsucraft:panda_gorilla":1,"jujutsucraft:fushiguro_megumi_shibuya":1,"jujutsucraft:shigemo_haruta":2,"jujutsucraft:cursed_spirit_grade_29":1,"jujutsucraft:takaba_fumihiko":1,"jujutsucraft:cursed_spirit_grade_21":1,"jujutsucraft:jujutsu_sorcerer":1}},"DataVersion":3465}