{"stats":{"minecraft:used":{"epicfight:skillbook":16,"minecraft:oak_sign":1,"minecraft:oak_door":1,"jujutsucraft:nyoi_staff":2,"minecraft:crossbow":2,"minecraft:warped_planks":2,"minecraft:lever":2,"jujutsucraft:fester_life_blade":14,"minecraft:warped_stairs":1,"minecraft:tall_grass":2,"minecraft:white_banner":5,"minecraft:goat_horn":3,"minecraft:white_concrete":2},"minecraft:dropped":{"minecraft:moss_carpet":17,"minecraft:lever":6,"minecraft:wheat_seeds":2,"minecraft:oak_pressure_plate":1,"jujutsucraft:supreme_martial_solution":1,"minecraft:mangrove_propagule":1,"minecraft:crossbow":12,"minecraft:tall_grass":1,"minecraft:chicken":1,"minecraft:feather":2,"minecraft:birch_pressure_plate":1,"jujutsucraft:sword_black":3,"minecraft:green_banner":3,"minecraft:spruce_door":2,"minecraft:grass":1,"minecraft:warped_stairs":1,"minecraft:stone_button":1,"minecraft:golden_sword":1,"jujutsucraft:hammer":1,"minecraft:white_banner":3,"minecraft:mud":1,"jujutsucraft:uniform_normal_boots":2,"minecraft:tripwire_hook":1,"epicfight:skillbook":4},"minecraft:picked_up":{"minecraft:mud":1,"minecraft:feather":2,"minecraft:chicken":1,"minecraft:tripwire_hook":1,"jujutsucraft:uniform_normal_boots":4,"jujutsucraft:cursed_technique_changer":2,"minecraft:golden_sword":1,"minecraft:warped_stairs":2,"minecraft:moss_carpet":17,"jujutsucraft:uniform_normal_leggings":1,"minecraft:white_banner":8,"minecraft:birch_pressure_plate":1,"jujutsucraft:sword_ogi":1,"minecraft:oak_sign":1,"minecraft:wheat_seeds":2,"jujutsucraft:sword_black":2,"minecraft:tall_grass":3,"minecraft:oak_door":1,"jujutsucraft:item_insect":1,"minecraft:oak_pressure_plate":1,"epicfight:skillbook":8,"jujutsucraft:sword_okkotsu_yuta":1,"jujutsucraft:uniform_normal_chestplate":1,"minecraft:stone_button":1,"minecraft:warped_planks":2,"minecraft:spruce_door":2,"minecraft:green_banner":3,"jujutsucraft:naginata":1,"minecraft:lever":8,"minecraft:crossbow":12,"minecraft:grass":1,"jujutsucraft:hammer":1,"minecraft:white_concrete":2,"minecraft:mangrove_propagule":1},"minecraft:killed":{"jujutsucraft:mimiko":2,"jujutsucraft:cursed_spirit_grade_32":3,"jujutsucraft:cursed_spirit_grade_21":1,"jujutsucraft:cursed_spirit_grade_31":3,"jujutsucraft:cursed_spirit_grade_33":4,"jujutsucraft:stevenson_screen":1,"minecraft:pig":1,"jujutsucraft:kukuru":4,"jujutsucraft:nanako":1,"jujutsucraft:jujutsu_sorcerer":4,"jujutsucraft:cursed_spirit_grade_24":1,"jujutsucraft:cursed_spirit_grade_213":1,"minecraft:salmon":3,"minecraft:bat":1,"jujutsucraft:cursed_spirit_grade_35":3,"jujutsucraft:cursed_spirit_grade_318":3,"minecraft:frog":1,"jujutsucraft:curse_user_1":2,"jujutsucraft:cursed_spirit_grade_316":6,"jujutsucraft:curse_user":3,"jujutsucraft:cursed_spirit_grade_22":1,"jujutsucraft:transfigured_human_2":2,"jujutsucraft:itadori_yuji":1,"jujutsucraft:cursed_spirit_grade_321":5,"minecraft:sheep":3,"jujutsucraft:panda_gorilla":1,"jujutsucraft:cursed_spirit_grade_39":5,"jujutsucraft:fox_fire":15,"minecraft:pillager":219,"jujutsucraft:shigemo_haruta":2,"jujutsucraft:cursed_spirit_grade_312":1,"jujutsucraft:cursed_spirit_grade_314":11,"jujutsucraft:cursed_spirit_grade_313":4,"jujutsucraft:entity_scissors":4,"jujutsucraft:cursed_spirit_grade_311":2,"jujutsucraft:cursed_spirit_grade_310":2,"jujutsucraft:cursed_spirit_grade_15":1,"jujutsucraft:negi_toshihisa":1,"minecraft:chicken":1,"jujutsucraft:cursed_spirit_grade_19":1,"jujutsucraft:cursed_spirit_grade_18":1,"jujutsucraft:cursed_spirit_grade_36":9,"jujutsucraft:panda_normal":1,"jujutsucraft:rozetsu_shikigami":1,"jujutsucraft:cursed_spirit_grade_25":3,"jujutsucraft:moon_dregs":1,"jujutsucraft:cursed_spirit_grade_315":3,"jujutsucraft:cursed_spirit_grade_317":2,"jujutsucraft:cockroach_larva":13,"jujutsucraft:cursed_spirit_grade_38":2,"jujutsucraft:cursed_spirit_grade_34":5,"jujutsucraft:cursed_spirit_grade_319":2,"jujutsucraft:hoshi_kirara":1,"jujutsucraft:cursed_spirit_grade_322":2,"minecraft:villager":2,"jujutsucraft:q":5},"minecraft:mined":{"minecraft:white_concrete":2,"minecraft:tall_grass":7,"minecraft:grass":5},"minecraft:killed_by":{"jujutsucraft:cursed_spirit_grade_14":3,"jujutsucraft:cursed_spirit_grade_05":1,"jujutsucraft:cursed_spirit_grade_03":1},"minecraft:custom":{"minecraft:mob_kills":391,"minecraft:open_barrel":17,"minecraft:raid_trigger":1,"minecraft:damage_dealt_resisted":61980,"minecraft:time_since_death":23312,"minecraft:climb_one_cm":1736,"minecraft:damage_resisted":18595,"minecraft:time_since_rest":23339,"minecraft:sprint_one_cm":896182,"minecraft:damage_taken":5479,"minecraft:walk_one_cm":383016,"minecraft:trigger_trapped_chest":10,"minecraft:drop":56,"minecraft:damage_dealt":240,"minecraft:swim_one_cm":33885,"minecraft:fly_one_cm":2368338,"minecraft:player_kills":1,"minecraft:open_chest":90,"minecraft:crouch_one_cm":678,"minecraft:play_time":51932,"minecraft:deaths":5,"minecraft:sneak_time":336,"minecraft:walk_under_water_one_cm":9739,"minecraft:jump":990,"minecraft:walk_on_water_one_cm":37977,"minecraft:total_world_time":51932,"minecraft:fall_one_cm":128855}},"DataVersion":3465}