{"stats":{"minecraft:mined":{"minecraft:white_bed":3,"minecraft:glass_pane":4,"minecraft:magenta_bed":2,"minecraft:birch_leaves":1},"minecraft:used":{"minecraft:spruce_slab":1,"minecraft:spruce_planks":1,"minecraft:dirt":5,"minecraft:grass_block":1,"minecraft:stone_brick_stairs":1,"minecraft:stone_bricks":1,"minecraft:deepslate_tile_stairs":2,"minecraft:egg":1,"minecraft:dark_oak_sapling":1,"jujutsucraft:uniform_normal_boots":2,"minecraft:spruce_sign":1,"minecraft:oak_leaves":1,"minecraft:vine":1,"minecraft:white_bed":1,"jujutsucraft:uniform_normal_chestplate":2,"jujutsucraft:sword_okkotsu_yuta":8,"minecraft:lilac":1,"jujutsucraft:uniform_normal_leggings":2,"minecraft:glass_pane":1,"minecraft:oak_boat":4,"minecraft:splash_potion":3},"minecraft:picked_up":{"minecraft:coarse_dirt":1,"minecraft:birch_door":9,"minecraft:chicken":1,"minecraft:ladder":1,"minecraft:leather_leggings":11,"jujutsucraft:uniform_normal_boots":2,"minecraft:stone_brick_stairs":1,"minecraft:item_frame":14,"minecraft:oak_sign":2,"minecraft:glass_pane":1,"jujutsucraft:sword_black":2,"minecraft:spruce_planks":1,"minecraft:dark_oak_leaves":4,"minecraft:beef":1,"minecraft:oak_boat":5,"jujutsucraft:sword_shigemo":1,"minecraft:spruce_slab":1,"minecraft:iron_boots":5,"minecraft:egg":1,"minecraft:dark_oak_door":2,"minecraft:dark_oak_sapling":1,"minecraft:stick":2,"jujutsucraft:sickle":2,"minecraft:green_bed":2,"jujutsucraft:sword_okkotsu_yuta":8,"minecraft:porkchop":2,"jujutsucraft:gavel":1,"minecraft:vine":1,"minecraft:bamboo_door":1,"minecraft:deepslate_tile_stairs":2,"jujutsucraft:uniform_q_leggings":1,"jujutsucraft:hanami_eye":1,"minecraft:tropical_fish":1,"jujutsucraft:hammer":1,"minecraft:cobblestone":1,"minecraft:leather_chestplate":5,"minecraft:lilac":1,"minecraft:repeater":1,"minecraft:salmon":1,"minecraft:leather":2,"minecraft:magenta_bed":2,"minecraft:dirt":12,"minecraft:lantern":6,"minecraft:white_banner":1,"jujutsucraft:uniform_normal_leggings":2,"minecraft:birch_pressure_plate":1,"minecraft:stripped_bamboo_block":1,"minecraft:stone_bricks":1,"jujutsucraft:mei_mei_axe":2,"jujutsucraft:sword_miwa_kasumi":2,"jujutsucraft:hanami_hand":1,"minecraft:oak_planks":2,"minecraft:acacia_sapling":1,"minecraft:oak_slab":1,"jujutsucraft:uniform_normal_chestplate":2,"minecraft:ink_sac":3,"minecraft:white_bed":3,"minecraft:grass_block":1,"minecraft:dark_oak_log":2,"minecraft:iron_hoe":1,"minecraft:light_blue_terracotta":1,"minecraft:deepslate":3,"minecraft:painting":4,"minecraft:bone_meal":1,"minecraft:white_concrete":1,"minecraft:spruce_sign":1,"minecraft:stripped_dark_oak_log":1,"minecraft:oak_leaves":1},"minecraft:dropped":{"minecraft:oak_slab":1,"minecraft:porkchop":2,"jujutsucraft:sword_shigemo":1,"minecraft:cobblestone":1,"jujutsucraft:sword_black":1,"minecraft:lantern":6,"minecraft:leather":2,"jujutsucraft:sickle":1,"jujutsucraft:uniform_q_leggings":1,"minecraft:tropical_fish":1,"minecraft:item_frame":14,"minecraft:stick":2,"minecraft:dark_oak_leaves":4,"minecraft:dirt":7,"minecraft:dark_oak_log":2,"minecraft:ink_sac":3,"minecraft:repeater":1,"minecraft:white_concrete":1,"jujutsucraft:mei_mei_axe":2,"minecraft:bone_meal":1,"minecraft:white_banner":1,"minecraft:dark_oak_door":2,"jujutsucraft:uniform_normal_leggings":1,"minecraft:coarse_dirt":1,"jujutsucraft:sword_miwa_kasumi":2,"minecraft:deepslate":3,"minecraft:green_bed":2,"minecraft:stripped_dark_oak_log":1,"minecraft:chicken":1,"minecraft:birch_pressure_plate":1,"jujutsucraft:sword_okkotsu_yuta":9,"minecraft:oak_planks":2,"minecraft:iron_boots":5,"minecraft:bamboo_door":1,"minecraft:oak_sign":2,"minecraft:salmon":1,"minecraft:stripped_bamboo_block":1,"jujutsucraft:uniform_normal_chestplate":1,"minecraft:leather_chestplate":5,"jujutsucraft:recommendation_2":1,"minecraft:oak_boat":1,"minecraft:birch_door":9,"minecraft:acacia_sapling":1,"minecraft:ladder":1,"minecraft:leather_leggings":11,"minecraft:painting":4,"minecraft:beef":1,"minecraft:light_blue_terracotta":1,"jujutsucraft:uniform_normal_boots":1},"minecraft:killed_by":{"jujutsucraft:max_elephant":1,"jujutsucraft:choso":3,"jujutsucraft:cursed_spirit_grade_24":4,"jujutsucraft:cursed_spirit_grade_15":1,"minecraft:player":7,"jujutsucraft:cursed_spirit_grade_16":1,"jujutsucraft:cursed_spirit_grade_14":2,"jujutsucraft:cursed_spirit_grade_312":1,"jujutsucraft:kenjaku":2,"jujutsucraft:meteor":1,"jujutsucraft:cursed_spirit_grade_11":1,"jujutsucraft:cursed_spirit_grade_12":2,"jujutsucraft:cursed_spirit_grade_05":3,"jujutsucraft:cursed_spirit_grade_03":2,"jujutsucraft:nanako":1,"jujutsucraft:cursed_spirit_grade_22":6,"jujutsucraft:yoshino_junpei":1,"jujutsucraft:miguel":1,"jujutsucraft:kusakabe_yatsuya":1,"jujutsucraft:tsukumo_yuki":1,"jujutsucraft:fushiguro_toji":2,"jujutsucraft:fushiguro_megumi":1,"jujutsucraft:sukuna":3,"jujutsucraft:hanami":1,"jujutsucraft:cursed_spirit_grade_04":3,"jujutsucraft:curse_user":1,"jujutsucraft:hoshi_kirara":1,"jujutsucraft:sukuna_fushiguro":2,"jujutsucraft:hazenoki":1,"jujutsucraft:jogo":2,"jujutsucraft:uraume":2,"jujutsucraft:moon_dregs":1,"jujutsucraft:panda_gorilla":1,"jujutsucraft:fushiguro_megumi_shibuya":1,"jujutsucraft:mei_mei":1,"jujutsucraft:shigemo_haruta":2,"jujutsucraft:cursed_spirit_grade_29":1,"jujutsucraft:takaba_fumihiko":1,"jujutsucraft:cursed_spirit_grade_21":1,"jujutsucraft:cursed_spirit_grade_06":1,"jujutsucraft:eight_handled_swrod_divergent_sila_divine_general_mahoraga":3,"jujutsucraft:jujutsu_sorcerer":1},"minecraft:killed":{"jujutsucraft:mimiko":1,"jujutsucraft:cursed_spirit_grade_32":24,"jujutsucraft:transfigured_human_3":7,"jujutsucraft:cursed_spirit_grade_21":2,"jujutsucraft:cursed_spirit_grade_31":5,"jujutsucraft:inumaki_toge":1,"jujutsucraft:cursed_spirit_grade_33":15,"jujutsucraft:nanako":2,"jujutsucraft:cursed_spirit_grade_11":2,"jujutsucraft:cursed_spirit_grade_24":6,"jujutsucraft:cursed_spirit_grade_12":2,"jujutsucraft:earthen_insect_trance":7,"jujutsucraft:cursed_spirit_grade_37":1,"jujutsucraft:cursed_spirit_grade_35":5,"jujutsucraft:rock_fragment":1,"jujutsucraft:yoshino_junpei":3,"jujutsucraft:cursed_spirit_grade_318":18,"minecraft:cod":31,"jujutsucraft:cursed_spirit_grade_316":10,"jujutsucraft:cursed_spirit_grade_26":3,"jujutsucraft:cursed_spirit_grade_22":5,"jujutsucraft:kumiya_juzo":1,"jujutsucraft:transfigured_human_2":1,"jujutsucraft:wooden_spear_2":2,"jujutsucraft:zenin_naoya_cursed_spirit_1":1,"jujutsucraft:wooden_spear_1":4,"jujutsucraft:cursed_spirit_grade_39":78,"jujutsucraft:shigemo_haruta":5,"jujutsucraft:cursed_spirit_grade_312":11,"jujutsucraft:cursed_spirit_grade_313":11,"jujutsucraft:cursed_spirit_grade_215":3,"jujutsucraft:cursed_spirit_grade_15":3,"minecraft:chicken":5,"jujutsucraft:kechizu":1,"jujutsucraft:cursed_spirit_grade_16":1,"jujutsucraft:rozetsu_shikigami":1,"jujutsucraft:cursed_spirit_grade_08":1,"jujutsucraft:cursed_spirit_grade_23":1,"jujutsucraft:cursed_spirit_grade_214":6,"jujutsucraft:cursed_spirit_grade_317":22,"jujutsucraft:cockroach_larva":2,"jujutsucraft:cursed_spirit_grade_38":11,"jujutsucraft:cursed_spirit_grade_34":15,"jujutsucraft:transfigured_human_1":1,"jujutsucraft:kurusu_hana":2,"jujutsucraft:nobara_kugisaki":1,"minecraft:tropical_fish":2,"jujutsucraft:cursed_spirit_grade_27":1,"jujutsucraft:mei_mei":2,"jujutsucraft:hazenoki":1,"jujutsucraft:kusakabe_yatsuya":1,"jujutsucraft:cursed_spirit_grade_210":2,"minecraft:pig":4,"jujutsucraft:kukuru":3,"jujutsucraft:ice_spear_2":12,"jujutsucraft:jujutsu_sorcerer":6,"minecraft:salmon":11,"jujutsucraft:cursed_spirit_grade_213":3,"jujutsucraft:awasaka_jiro":1,"jujutsucraft:zenin_jinichi":1,"minecraft:bat":41,"jujutsucraft:zenin_maki":1,"jujutsucraft:cursed_spirit_grade_211":1,"jujutsucraft:curse_user_1":1,"jujutsucraft:coffin":1,"jujutsucraft:curse_user":8,"minecraft:squid":6,"jujutsucraft:cursed_spirit_grade_321":22,"minecraft:sheep":1,"jujutsucraft:cursed_spirit_grade_29":1,"jujutsucraft:cursed_spirit_grade_28":3,"jujutsucraft:cursed_spirit_grade_314":35,"jujutsucraft:crow":2,"jujutsucraft:cursed_spirit_grade_14":1,"jujutsucraft:cockroaches":12,"jujutsucraft:cursed_spirit_grade_311":5,"jujutsucraft:cursed_spirit_grade_310":16,"jujutsucraft:negi_toshihisa":2,"jujutsucraft:cursed_spirit_grade_18":2,"jujutsucraft:cursed_spirit_grade_36":31,"jujutsucraft:cursed_spirit_grade_25":2,"jujutsucraft:moon_dregs":2,"jujutsucraft:cursed_spirit_grade_315":13,"jujutsucraft:cursed_spirit_grade_212":8,"jujutsucraft:cursed_spirit_grade_319":23,"jujutsucraft:cursed_spirit_grade_322":30,"jujutsucraft:takaba_fumihiko":1,"jujutsucraft:cursed_spirit_grade_06":1,"minecraft:villager":5,"jujutsucraft:kamo_noritoshi":1,"jujutsucraft:q":6,"minecraft:cow":6,"jujutsucraft:entity_tornado":2,"jujutsucraft:gravestone_3":1,"jujutsucraft:ogami":1},"minecraft:custom":{"minecraft:mob_kills":1152,"minecraft:open_barrel":5,"minecraft:leave_game":3,"minecraft:damage_dealt_resisted":393211,"minecraft:time_since_death":3780,"minecraft:climb_one_cm":1542,"minecraft:damage_resisted":97082,"minecraft:sprint_one_cm":1980228,"minecraft:walk_one_cm":1104233,"minecraft:drop":127,"minecraft:talked_to_villager":1,"minecraft:play_time":189438,"minecraft:deaths":78,"minecraft:sneak_time":7215,"minecraft:walk_under_water_one_cm":20996,"minecraft:boat_one_cm":21091,"minecraft:interact_with_brewingstand":1,"minecraft:jump":4328,"minecraft:walk_on_water_one_cm":68491,"minecraft:total_world_time":189438,"minecraft:time_since_rest":3869,"minecraft:damage_taken":44349,"minecraft:trigger_trapped_chest":1,"minecraft:damage_dealt":10819,"minecraft:player_kills":2,"minecraft:swim_one_cm":37549,"minecraft:fly_one_cm":3622084,"minecraft:open_chest":23,"minecraft:crouch_one_cm":28818,"minecraft:fall_one_cm":361674}},"DataVersion":3465}