{"stats":{"minecraft:killed_by":{"minecraft:player":2,"minecraft:creeper":1,"sanitydim:rotting_stalker":5,"man:managgresive":1,"minecraft:skeleton":3,"mowziesmobs:umvuthana_raptor":1},"minecraft:mined":{"minecraft:white_bed":1,"minecraft:oak_sapling":3,"minecraft:jungle_leaves":1,"minecraft:mangrove_roots":8,"farmersdelight:canvas_rug":7,"minecraft:ladder":1,"minecraft:allium":10,"minecraft:acacia_log":129,"minecraft:mangrove_door":2,"minecraft:jungle_planks":17,"minecraft:jungle_log":43,"minecraft:sandstone":29,"minecraft:large_fern":2,"minecraft:tall_seagrass":20,"minecraft:oak_trapdoor":1,"minecraft:furnace":5,"minecraft:fire":6,"minecraft:andesite":10,"minecraft:moss_carpet":4,"minecraft:vine":19,"minecraft:pink_tulip":4,"minecraft:stone":3,"minecraft:white_tulip":3,"minecraft:acacia_leaves":55,"minecraft:lily_of_the_valley":1,"toughasnails:water_purifier":1,"minecraft:clay":17,"minecraft:cornflower":2,"minecraft:torch":7,"minecraft:chest":6,"minecraft:tall_grass":64,"minecraft:glass":3,"minecraft:cobblestone":26,"minecraft:bricks":1,"minecraft:oak_planks":43,"minecraft:wall_torch":4,"minecraft:seagrass":8,"minecraft:tnt":3,"minecraft:mangrove_planks":26,"minecraft:mangrove_leaves":79,"minecraft:grass":766,"minecraft:oak_log":141,"minecraft:sand":2043,"minecraft:dripstone_block":1,"minecraft:dirt":110,"minecraft:mangrove_log":139,"minecraft:acacia_planks":50,"create:crimsite":39,"minecraft:oak_leaves":14,"minecraft:fern":3},"minecraft:crafted":{"minecraft:oak_planks":548,"minecraft:stone_shovel":15,"farmersdelight:canvas":42,"toughasnails:leaf_leggings":1,"minecraft:oak_trapdoor":4,"minecraft:glass":44,"minecraft:ladder":12,"minecraft:stone_pickaxe":1,"minecraft:chest":4,"toughasnails:leaf_boots":1,"minecraft:cooked_porkchop":11,"toughasnails:leaf_chestplate":1,"minecraft:wooden_pickaxe":1,"minecraft:copper_ingot":54,"minecraft:mangrove_planks":496,"farmersdelight:canvas_rug":84,"minecraft:stone_axe":5,"minecraft:air":0,"minecraft:jungle_planks":72,"minecraft:tnt":5,"minecraft:oak_boat":1,"minecraft:stick":88,"minecraft:iron_ingot":9,"minecraft:wooden_axe":2,"minecraft:acacia_planks":412,"minecraft:torch":64},"minecraft:dropped":{"minecraft:bread":27,"farmersdelight:iron_knife":2,"minecraft:wheat_seeds":112,"minecraft:oak_log":10,"minecraft:tnt":1,"minecraft:glass_bottle":1,"minecraft:cooked_porkchop":20,"minecraft:feather":2,"minecraft:cobblestone":46,"mowziesmobs:umvuthana_mask_fear":1,"minecraft:mangrove_planks":91,"create:crimsite":68,"minecraft:acacia_log":75,"minecraft:stick":16,"farmersdelight:cabbage_rolls":2,"farmersdelight:golden_knife":1,"minecraft:torch":17,"minecraft:cornflower":2,"minecraft:wooden_axe":1,"toughasnails:leaf_boots":5,"minecraft:potion":6,"minecraft:sand":56,"toughasnails:leaf_leggings":5,"minecraft:lily_pad":5,"minecraft:acacia_planks":190,"minecraft:pink_tulip":6,"minecraft:stone_axe":7,"minecraft:moss_carpet":2,"toughasnails:leaf_chestplate":5,"minecraft:mangrove_roots":6,"minecraft:bowl":1,"minecraft:stone_shovel":2,"minecraft:rotten_flesh":5,"minecraft:clay_ball":4,"minecraft:oak_planks":152,"minecraft:lily_of_the_valley":2,"minecraft:gunpowder":2,"minecraft:allium":6,"farmersdelight:fried_egg":1,"minecraft:andesite":10,"minecraft:jungle_log":43,"minecraft:oak_boat":3,"minecraft:acacia_sapling":4,"minecraft:ladder":4,"minecraft:sandstone":28,"minecraft:wooden_pickaxe":2,"minecraft:stone_pickaxe":4,"minecraft:glass":18,"minecraft:beef":2,"farmersdelight:fish_stew":1,"mowziesmobs:umvuthana_mask_fury":4},"minecraft:killed":{"minecraft:skeleton":2,"minecraft:drowned":2,"minecraft:pig":5,"minecraft:creeper":1,"minecraft:pillager":1,"minecraft:zombie":4,"mowziesmobs:umvuthana_raptor":1,"minecraft:cow":2},"minecraft:broken":{"mowziesmobs:umvuthana_mask_fear":1,"toughasnails:leaf_leggings":2,"minecraft:iron_shovel":1,"toughasnails:leaf_boots":2,"toughasnails:leaf_chestplate":3,"minecraft:wooden_pickaxe":1,"minecraft:stone_axe":4,"minecraft:wooden_axe":3,"minecraft:stone_shovel":13},"minecraft:used":{"minecraft:oak_trapdoor":5,"minecraft:moss_carpet":3,"minecraft:white_tulip":2,"minecraft:flint_and_steel":2,"minecraft:iron_shovel":251,"minecraft:acacia_log":1,"toughasnails:water_purifier":1,"mowziesmobs:umvuthana_mask_fear":4,"farmersdelight:cabbage_rolls":2,"minecraft:stone_shovel":1911,"minecraft:ladder":13,"minecraft:chest":9,"toughasnails:leaf_boots":1,"minecraft:torch":54,"farmersdelight:fish_stew":2,"minecraft:jungle_planks":17,"minecraft:acacia_sapling":3,"farmersdelight:beef_patty":2,"minecraft:glass":91,"minecraft:wooden_axe":115,"minecraft:mangrove_log":15,"minecraft:bricks":1,"farmersdelight:canvas_rug":91,"minecraft:beef":2,"minecraft:mangrove_roots":4,"minecraft:oak_sapling":15,"minecraft:furnace":5,"minecraft:mangrove_slab":1,"minecraft:cooked_beef":1,"minecraft:acacia_planks":423,"farmersdelight:fried_egg":1,"farmersdelight:iron_knife":834,"toughasnails:leaf_leggings":2,"minecraft:oak_planks":617,"minecraft:stone_pickaxe":58,"minecraft:glass_bottle":67,"minecraft:mangrove_planks":524,"create:crimsite":5,"minecraft:wooden_pickaxe":59,"minecraft:sandstone":19,"minecraft:sand":1479,"minecraft:tnt":4,"minecraft:white_bed":1,"minecraft:dripstone_block":1,"minecraft:shears":33,"minecraft:oak_log":3,"minecraft:apple":1,"minecraft:mangrove_door":2,"minecraft:bread":13,"toughasnails:leaf_chestplate":2,"minecraft:stone_axe":628,"minecraft:potion":66,"farmersdelight:cooked_bacon":1,"mowziesmobs:umvuthana_mask_fury":1,"minecraft:cooked_porkchop":9,"minecraft:oak_boat":13},"minecraft:custom":{"minecraft:mob_kills":18,"minecraft:interact_with_crafting_table":30,"minecraft:leave_game":5,"minecraft:time_since_death":1980,"minecraft:climb_one_cm":13234,"minecraft:sprint_one_cm":759085,"minecraft:walk_one_cm":1064567,"minecraft:drop":186,"minecraft:play_time":372208,"minecraft:sneak_time":23059,"minecraft:deaths":19,"minecraft:walk_under_water_one_cm":77612,"minecraft:boat_one_cm":403290,"minecraft:jump":6296,"minecraft:walk_on_water_one_cm":225158,"minecraft:total_world_time":372208,"minecraft:interact_with_furnace":45,"minecraft:sleep_in_bed":21,"minecraft:time_since_rest":2003,"minecraft:damage_taken":5500,"minecraft:damage_dealt":3292,"minecraft:swim_one_cm":183676,"minecraft:fly_one_cm":1158831,"minecraft:open_chest":135,"minecraft:crouch_one_cm":68015,"minecraft:fall_one_cm":115369},"minecraft:picked_up":{"minecraft:wooden_axe":3,"toughasnails:leaf_leggings":10,"sereneseasons:calendar":1,"farmersdelight:cabbage_rolls":8,"minecraft:allium":6,"minecraft:ladder":13,"minecraft:clay_ball":72,"minecraft:lead":2,"minecraft:wooden_pickaxe":4,"minecraft:potion":21,"minecraft:brick":3,"minecraft:cornflower":3,"minecraft:string":3,"minecraft:oak_trapdoor":1,"minecraft:moss_carpet":5,"minecraft:flint_and_steel":2,"minecraft:iron_shovel":1,"minecraft:oak_sign":1,"toughasnails:leaf_boots":10,"minecraft:beef":14,"minecraft:white_tulip":4,"farmersdelight:straw":196,"minecraft:oak_boat":20,"farmersdelight:canvas_rug":7,"minecraft:chest":5,"farmersdelight:golden_knife":1,"minecraft:mangrove_log":139,"minecraft:furnace":5,"minecraft:egg":7,"minecraft:stick":44,"minecraft:sandstone":93,"minecraft:copper_ingot":106,"minecraft:torch":47,"minecraft:bowl":2,"minecraft:acacia_log":221,"minecraft:porkchop":11,"farmersdelight:fish_stew":3,"minecraft:tnt":2,"farmersdelight:fried_egg":2,"minecraft:stone_shovel":11,"minecraft:arrow":10,"minecraft:rotten_flesh":18,"minecraft:shears":3,"minecraft:pink_tulip":6,"mowziesmobs:umvuthana_mask_bliss":2,"minecraft:mangrove_roots":22,"minecraft:mangrove_door":4,"minecraft:cobblestone":90,"mowziesmobs:umvuthana_mask_fury":11,"minecraft:feather":59,"minecraft:cooked_beef":3,"minecraft:andesite":10,"minecraft:jungle_log":112,"minecraft:acacia_leaves":30,"toughasnails:leaf_helmet":1,"minecraft:oak_log":170,"minecraft:lily_pad":5,"minecraft:gunpowder":19,"minecraft:mangrove_slab":1,"minecraft:dirt":136,"minecraft:glass":30,"minecraft:bone":3,"minecraft:acacia_planks":472,"farmersdelight:iron_knife":8,"minecraft:apple":5,"mowziesmobs:umvuthana_mask_rage":8,"minecraft:wheat_seeds":115,"minecraft:raw_gold":2,"minecraft:oak_fence_gate":4,"minecraft:stone_pickaxe":14,"minecraft:glass_bottle":2,"minecraft:mangrove_planks":122,"mowziesmobs:umvuthana_mask_misery":6,"minecraft:oak_planks":515,"minecraft:acacia_sapling":7,"toughasnails:leaf_chestplate":12,"minecraft:cooked_porkchop":24,"minecraft:dripstone_block":1,"minecraft:sand":2616,"minecraft:jungle_planks":17,"minecraft:white_bed":1,"minecraft:lily_of_the_valley":2,"toughasnails:water_purifier":1,"create:crimsite":106,"minecraft:stone_axe":20,"minecraft:bread":122,"mowziesmobs:umvuthana_mask_fear":5,"minecraft:bricks":1,"minecraft:oak_sapling":36,"minecraft:black_wool":2,"minecraft:mangrove_propagule":1,"minecraft:coal":31}},"DataVersion":3465}