{"stats":{"minecraft:killed_by":{"minecraft:player":2,"minecraft:creeper":1,"sanitydim:rotting_stalker":5,"man:managgresive":2,"minecraft:skeleton":4,"mowziesmobs:umvuthana_raptor":1},"minecraft:mined":{"create:zinc_ore":5,"minecraft:white_bed":2,"minecraft:oak_sapling":3,"minecraft:jungle_leaves":1,"minecraft:mangrove_roots":8,"farmersdelight:canvas_rug":9,"minecraft:granite":59,"minecraft:glow_lichen":5,"minecraft:ladder":1,"minecraft:allium":10,"minecraft:acacia_log":137,"minecraft:mangrove_door":2,"minecraft:jungle_planks":17,"minecraft:jungle_log":43,"minecraft:sandstone":29,"minecraft:large_fern":2,"minecraft:tall_seagrass":20,"minecraft:oak_trapdoor":1,"minecraft:furnace":5,"minecraft:iron_ore":9,"minecraft:fire":6,"minecraft:andesite":484,"minecraft:moss_carpet":4,"minecraft:vine":19,"minecraft:pink_tulip":4,"minecraft:azalea_leaves":1,"minecraft:white_tulip":3,"minecraft:stone":13,"minecraft:acacia_leaves":102,"minecraft:lily_of_the_valley":1,"toughasnails:water_purifier":1,"minecraft:clay":17,"minecraft:cornflower":2,"minecraft:torch":11,"minecraft:emerald_ore":1,"minecraft:dead_bush":1,"minecraft:chest":6,"minecraft:copper_ore":2,"minecraft:tall_grass":64,"minecraft:glass":3,"minecraft:cobblestone":26,"minecraft:oak_planks":43,"minecraft:bricks":1,"minecraft:wall_torch":11,"minecraft:seagrass":8,"minecraft:mangrove_planks":26,"minecraft:tnt":3,"minecraft:mangrove_leaves":79,"minecraft:grass":768,"minecraft:coal_ore":7,"minecraft:oak_log":141,"minecraft:dirt":110,"minecraft:sand":2043,"minecraft:dripstone_block":1,"minecraft:mangrove_log":139,"minecraft:acacia_planks":50,"create:crimsite":39,"minecraft:oak_leaves":14,"minecraft:fern":3},"minecraft:crafted":{"minecraft:oak_planks":548,"minecraft:stone_shovel":15,"farmersdelight:canvas":42,"minecraft:bone_meal":6,"toughasnails:leaf_leggings":2,"minecraft:oak_trapdoor":4,"minecraft:glass":44,"minecraft:ladder":12,"minecraft:stone_pickaxe":1,"minecraft:chest":6,"toughasnails:leaf_helmet":1,"toughasnails:leaf_boots":2,"minecraft:cooked_porkchop":11,"minecraft:crafting_table":1,"toughasnails:leaf_chestplate":2,"minecraft:wooden_pickaxe":1,"minecraft:copper_ingot":54,"minecraft:mangrove_planks":496,"farmersdelight:canvas_rug":84,"minecraft:stone_axe":6,"minecraft:air":0,"minecraft:jungle_planks":72,"minecraft:tnt":5,"minecraft:oak_boat":1,"minecraft:stick":88,"minecraft:iron_ingot":12,"minecraft:wooden_axe":2,"minecraft:acacia_planks":432,"minecraft:torch":64},"minecraft:dropped":{"minecraft:bread":27,"farmersdelight:iron_knife":2,"minecraft:wheat_seeds":112,"minecraft:oak_log":10,"minecraft:tnt":1,"minecraft:glass_bottle":1,"minecraft:cooked_porkchop":20,"minecraft:feather":2,"minecraft:cobblestone":46,"mowziesmobs:umvuthana_mask_fear":1,"minecraft:mangrove_planks":91,"create:crimsite":68,"minecraft:acacia_log":75,"minecraft:stick":16,"farmersdelight:cabbage_rolls":2,"farmersdelight:golden_knife":1,"minecraft:torch":17,"minecraft:cornflower":2,"minecraft:wooden_axe":1,"toughasnails:leaf_boots":5,"minecraft:potion":6,"minecraft:sand":56,"toughasnails:leaf_leggings":5,"minecraft:string":3,"minecraft:lily_pad":20,"minecraft:acacia_planks":190,"minecraft:bone":2,"minecraft:pink_tulip":6,"minecraft:stone_axe":7,"minecraft:moss_carpet":2,"toughasnails:leaf_chestplate":5,"minecraft:mangrove_roots":6,"minecraft:bowl":1,"minecraft:stone_shovel":2,"minecraft:rotten_flesh":13,"minecraft:clay_ball":4,"minecraft:oak_planks":152,"minecraft:lily_of_the_valley":2,"minecraft:gunpowder":2,"minecraft:allium":6,"farmersdelight:fried_egg":1,"minecraft:andesite":10,"minecraft:jungle_log":43,"minecraft:oak_boat":3,"minecraft:acacia_sapling":4,"minecraft:ladder":4,"minecraft:sandstone":28,"minecraft:stone_pickaxe":4,"minecraft:glass":18,"minecraft:beef":2,"minecraft:wooden_pickaxe":2,"farmersdelight:fish_stew":1,"mowziesmobs:umvuthana_mask_fury":4},"minecraft:killed":{"minecraft:spider":1,"minecraft:skeleton":3,"minecraft:drowned":2,"minecraft:pig":5,"minecraft:creeper":5,"minecraft:pillager":1,"minecraft:zombie":6,"mowziesmobs:umvuthana_raptor":1,"minecraft:cow":2},"minecraft:broken":{"mowziesmobs:umvuthana_mask_fear":1,"toughasnails:leaf_leggings":4,"minecraft:iron_shovel":1,"toughasnails:leaf_boots":3,"toughasnails:leaf_chestplate":5,"minecraft:wooden_pickaxe":1,"minecraft:stone_pickaxe":1,"minecraft:stone_axe":5,"minecraft:iron_pickaxe":1,"minecraft:wooden_axe":3,"minecraft:stone_shovel":13},"minecraft:used":{"minecraft:oak_trapdoor":5,"minecraft:moss_carpet":3,"minecraft:white_tulip":2,"minecraft:iron_shovel":251,"minecraft:acacia_log":1,"minecraft:flint_and_steel":2,"toughasnails:water_purifier":1,"mowziesmobs:umvuthana_mask_fear":4,"farmersdelight:cabbage_rolls":2,"minecraft:stone_shovel":1911,"minecraft:ladder":13,"minecraft:chest":11,"toughasnails:leaf_boots":2,"minecraft:torch":77,"farmersdelight:fish_stew":2,"minecraft:jungle_planks":17,"minecraft:acacia_sapling":3,"farmersdelight:beef_patty":2,"minecraft:glass":91,"minecraft:wooden_axe":115,"minecraft:mangrove_log":15,"minecraft:bricks":1,"farmersdelight:canvas_rug":93,"minecraft:beef":2,"minecraft:mangrove_roots":4,"minecraft:oak_sapling":15,"minecraft:furnace":5,"minecraft:mangrove_slab":1,"minecraft:cooked_beef":1,"minecraft:acacia_planks":423,"farmersdelight:fried_egg":23,"farmersdelight:iron_knife":834,"toughasnails:leaf_leggings":2,"minecraft:oak_planks":617,"minecraft:stone_pickaxe":130,"minecraft:glass_bottle":92,"minecraft:mangrove_planks":524,"create:crimsite":5,"minecraft:wooden_pickaxe":59,"minecraft:sandstone":19,"minecraft:sand":1479,"minecraft:tnt":4,"minecraft:crafting_table":1,"minecraft:white_bed":2,"minecraft:dripstone_block":1,"minecraft:shears":81,"minecraft:oak_log":3,"minecraft:apple":1,"minecraft:mangrove_door":2,"minecraft:bread":13,"minecraft:iron_pickaxe":497,"toughasnails:leaf_chestplate":2,"minecraft:stone_axe":656,"minecraft:cobblestone":7,"minecraft:potion":92,"farmersdelight:cooked_bacon":1,"mowziesmobs:umvuthana_mask_fury":1,"minecraft:cooked_porkchop":9,"minecraft:andesite":13,"minecraft:oak_boat":21},"minecraft:custom":{"minecraft:mob_kills":27,"minecraft:interact_with_crafting_table":36,"minecraft:leave_game":5,"minecraft:time_since_death":4213,"minecraft:climb_one_cm":16870,"minecraft:sprint_one_cm":883641,"minecraft:walk_one_cm":1207231,"minecraft:drop":214,"minecraft:play_time":441468,"minecraft:sneak_time":26554,"minecraft:deaths":22,"minecraft:walk_under_water_one_cm":109517,"minecraft:boat_one_cm":558074,"minecraft:jump":7537,"minecraft:walk_on_water_one_cm":258088,"minecraft:total_world_time":441468,"minecraft:interact_with_furnace":48,"minecraft:sleep_in_bed":25,"minecraft:time_since_rest":4277,"minecraft:damage_taken":6905,"minecraft:damage_dealt":4991,"minecraft:swim_one_cm":262070,"minecraft:fly_one_cm":1356907,"minecraft:open_chest":167,"minecraft:crouch_one_cm":76052,"minecraft:fall_one_cm":154094},"minecraft:picked_up":{"minecraft:wooden_axe":3,"toughasnails:leaf_leggings":11,"sereneseasons:calendar":1,"farmersdelight:cabbage_rolls":8,"minecraft:allium":6,"minecraft:ladder":13,"minecraft:clay_ball":72,"minecraft:lead":2,"minecraft:wooden_pickaxe":4,"minecraft:potion":23,"minecraft:shield":3,"minecraft:brick":3,"minecraft:cornflower":3,"minecraft:string":6,"minecraft:oak_trapdoor":1,"minecraft:raw_copper":21,"minecraft:moss_carpet":5,"minecraft:flint_and_steel":3,"minecraft:iron_shovel":1,"minecraft:oak_sign":1,"toughasnails:leaf_boots":11,"minecraft:beef":14,"minecraft:white_tulip":4,"farmersdelight:straw":196,"minecraft:oak_boat":31,"minecraft:iron_pickaxe":4,"minecraft:azalea_leaves":2,"minecraft:sugar_cane":7,"farmersdelight:canvas_rug":9,"minecraft:chest":5,"farmersdelight:golden_knife":1,"minecraft:mangrove_log":139,"minecraft:furnace":5,"minecraft:egg":7,"minecraft:raw_iron":18,"minecraft:stick":48,"minecraft:sandstone":93,"minecraft:copper_ingot":106,"minecraft:torch":122,"minecraft:bowl":2,"minecraft:acacia_log":237,"minecraft:porkchop":11,"farmersdelight:fish_stew":3,"minecraft:tnt":2,"farmersdelight:fried_egg":82,"minecraft:arrow":12,"minecraft:stone_shovel":11,"minecraft:rotten_flesh":26,"minecraft:shears":4,"minecraft:pink_tulip":6,"mowziesmobs:umvuthana_mask_bliss":5,"minecraft:mangrove_roots":22,"minecraft:mangrove_door":4,"minecraft:cobblestone":107,"mowziesmobs:umvuthana_mask_fury":11,"minecraft:feather":59,"minecraft:cooked_beef":3,"minecraft:andesite":951,"minecraft:jungle_log":112,"minecraft:leather":2,"minecraft:acacia_leaves":75,"toughasnails:leaf_helmet":1,"create:raw_zinc":43,"minecraft:oak_log":170,"minecraft:lily_pad":20,"minecraft:gunpowder":35,"minecraft:mangrove_slab":1,"minecraft:dirt":136,"minecraft:glass":30,"minecraft:bone":9,"minecraft:acacia_planks":472,"farmersdelight:iron_knife":8,"minecraft:apple":5,"mowziesmobs:umvuthana_mask_rage":8,"minecraft:wheat_seeds":115,"minecraft:raw_gold":2,"minecraft:iron_ingot":3,"minecraft:oak_fence_gate":4,"minecraft:stone_pickaxe":15,"minecraft:glass_bottle":3,"minecraft:mangrove_planks":122,"minecraft:acacia_sapling":7,"minecraft:oak_planks":515,"mowziesmobs:umvuthana_mask_misery":6,"toughasnails:leaf_chestplate":13,"minecraft:cooked_porkchop":24,"minecraft:dripstone_block":1,"minecraft:sand":2616,"minecraft:jungle_planks":17,"minecraft:white_bed":2,"minecraft:lily_of_the_valley":2,"toughasnails:water_purifier":1,"create:crimsite":106,"minecraft:stone_axe":23,"minecraft:granite":177,"minecraft:bone_meal":12,"minecraft:emerald":6,"minecraft:bread":122,"mowziesmobs:umvuthana_mask_fear":5,"minecraft:oak_sapling":36,"minecraft:black_wool":2,"minecraft:mangrove_propagule":1,"minecraft:bricks":1,"minecraft:coal":45}},"DataVersion":3465}