{"stats":{"minecraft:killed":{"minecraft:sheep":3,"jujutsucraft:cursed_spirit_grade_32":2,"jujutsucraft:cursed_spirit_grade_39":3,"jujutsucraft:cursed_spirit_grade_31":1,"jujutsucraft:cursed_spirit_grade_33":2,"jujutsucraft:cursed_spirit_grade_314":1,"jujutsucraft:cursed_spirit_grade_313":1,"minecraft:pig":1,"jujutsucraft:cursed_spirit_grade_317":1,"jujutsucraft:cursed_spirit_grade_315":4,"jujutsucraft:cursed_spirit_grade_318":2,"jujutsucraft:curse_user_1":1,"minecraft:turtle":1,"jujutsucraft:cursed_spirit_grade_319":2,"jujutsucraft:cursed_spirit_grade_322":2,"jujutsucraft:cursed_spirit_grade_321":2},"minecraft:dropped":{"minecraft:porkchop":3,"minecraft:mutton":3,"minecraft:oak_sapling":1,"minecraft:white_wool":3,"minecraft:stick":5},"minecraft:mined":{"minecraft:birch_leaves":1,"minecraft:oak_log":2,"minecraft:sand":22,"minecraft:oak_leaves":16},"minecraft:used":{"jujutsucraft:uniform_normal_boots":1,"minecraft:sand":22,"jujutsucraft:uniform_normal_leggings":1,"jujutsucraft:uniform_normal_chestplate":1},"minecraft:custom":{"minecraft:time_since_rest":5644,"minecraft:sprint_one_cm":242880,"minecraft:damage_taken":2083,"minecraft:walk_one_cm":99671,"minecraft:mob_kills":29,"minecraft:drop":11,"minecraft:damage_dealt":523,"minecraft:swim_one_cm":114,"minecraft:fly_one_cm":272789,"minecraft:crouch_one_cm":1454,"minecraft:play_time":32320,"minecraft:deaths":4,"minecraft:sneak_time":415,"minecraft:walk_under_water_one_cm":524,"minecraft:jump":578,"minecraft:damage_dealt_resisted":2584,"minecraft:leave_game":1,"minecraft:walk_on_water_one_cm":1842,"minecraft:time_since_death":5618,"minecraft:total_world_time":32320,"minecraft:damage_resisted":38,"minecraft:fall_one_cm":21742},"minecraft:picked_up":{"minecraft:stick":5,"minecraft:porkchop":3,"minecraft:sand":22,"minecraft:oak_log":3,"minecraft:oak_sapling":1,"minecraft:mutton":3,"minecraft:white_wool":6},"minecraft:killed_by":{"jujutsucraft:curse_user_1":1,"jujutsucraft:kechizu":1,"jujutsucraft:cursed_spirit_grade_22":1}},"DataVersion":3465}