{"stats":{"minecraft:crafted":{"minecraft:oak_planks":864,"farmersdelight:canvas":42,"toughasnails:leaf_leggings":6,"minecraft:glass":46,"create:mechanical_press":1,"minecraft:chest":12,"toughasnails:leaf_helmet":1,"create:cogwheel":7,"minecraft:oak_fence":72,"minecraft:white_banner":1,"toughasnails:leaf_boots":5,"minecraft:cooked_porkchop":11,"minecraft:crafting_table":6,"minecraft:spruce_planks":16,"minecraft:wooden_pickaxe":1,"create:zinc_nugget":18,"minecraft:copper_ingot":54,"farmersdelight:canvas_rug":84,"toughasnails:wool_leggings":1,"minecraft:birch_planks":8,"minecraft:painting":2,"create:gearbox":1,"minecraft:tnt":5,"create:water_wheel":1,"minecraft:stick":244,"minecraft:iron_ingot":25,"minecraft:iron_pickaxe":2,"minecraft:iron_block":1,"minecraft:sandstone":49,"minecraft:shears":1,"toughasnails:empty_canteen":1,"minecraft:oak_door":3,"minecraft:stone_shovel":26,"minecraft:acacia_fence_gate":4,"minecraft:bone_meal":6,"minecraft:oak_trapdoor":4,"minecraft:ladder":21,"minecraft:stone_pickaxe":4,"minecraft:cobblestone_wall":20,"create:andesite_alloy":9,"toughasnails:leaf_chestplate":3,"create:large_water_wheel":2,"minecraft:mangrove_planks":496,"minecraft:bucket":1,"minecraft:stone_axe":11,"minecraft:jungle_planks":84,"minecraft:air":0,"toughasnails:wool_boots":1,"minecraft:oak_boat":2,"minecraft:wooden_axe":2,"minecraft:oak_stairs":28,"create:shaft":16,"minecraft:acacia_planks":468,"minecraft:torch":112,"create:zinc_ingot":91},"minecraft:used":{"minecraft:moss_carpet":3,"minecraft:iron_shovel":251,"mowziesmobs:umvuthana_mask_fear":5,"farmersdelight:cabbage_rolls":2,"minecraft:ladder":25,"minecraft:chest":20,"minecraft:shield":42,"minecraft:iron_chestplate":1,"create:cogwheel":3,"farmersdelight:fish_stew":2,"minecraft:jungle_planks":17,"minecraft:acacia_sapling":3,"minecraft:snowball":26,"minecraft:glass":93,"minecraft:mangrove_log":15,"minecraft:bricks":1,"create:shaft":1,"minecraft:mangrove_roots":4,"minecraft:oak_sapling":22,"minecraft:furnace":5,"minecraft:mangrove_slab":1,"minecraft:egg":1,"minecraft:stone_pickaxe":421,"minecraft:oak_planks":914,"minecraft:mangrove_planks":524,"create:crimsite":5,"minecraft:wooden_pickaxe":59,"minecraft:sandstone":90,"minecraft:sugar_cane":7,"toughasnails:water_canteen":251,"minecraft:sand":1625,"minecraft:dripstone_block":1,"minecraft:shears":181,"minecraft:mangrove_door":2,"minecraft:bread":13,"minecraft:andesite":13,"minecraft:oak_boat":52,"minecraft:coarse_dirt":80,"minecraft:oak_fence":76,"minecraft:oak_trapdoor":5,"minecraft:white_tulip":2,"minecraft:acacia_log":1,"minecraft:flint_and_steel":2,"toughasnails:water_purifier":1,"minecraft:stone_shovel":3450,"toughasnails:leaf_boots":3,"minecraft:stone_hoe":5,"minecraft:oak_door":2,"minecraft:torch":295,"minecraft:dirt":1101,"toughasnails:empty_canteen":5,"minecraft:cobblestone_wall":84,"farmersdelight:beef_patty":2,"minecraft:wooden_axe":115,"create:gearbox":1,"minecraft:oak_stairs":22,"farmersdelight:canvas_rug":99,"minecraft:beef":2,"farmersdelight:cooking_pot":1,"minecraft:cooked_beef":1,"minecraft:acacia_planks":428,"farmersdelight:fried_egg":131,"farmersdelight:iron_knife":837,"minecraft:water_bucket":187,"toughasnails:leaf_leggings":2,"minecraft:glass_bottle":112,"minecraft:cauldron":1,"minecraft:stonecutter":1,"create:encased_fan":8,"minecraft:tnt":4,"minecraft:crafting_table":7,"minecraft:white_bed":2,"minecraft:painting":40,"minecraft:oak_log":3,"minecraft:apple":1,"create:mechanical_press":1,"minecraft:iron_pickaxe":675,"toughasnails:leaf_chestplate":2,"create:large_water_wheel":1,"minecraft:acacia_fence_gate":4,"minecraft:stone_axe":1048,"farmersdelight:cooked_bacon":1,"minecraft:cobblestone":12,"minecraft:potion":111,"mowziesmobs:umvuthana_mask_fury":2,"minecraft:white_banner":6,"minecraft:cooked_porkchop":9,"minecraft:bucket":188},"minecraft:killed_by":{"minecraft:creeper":1,"minecraft:pillager":3,"sanitydim:rotting_stalker":6,"man:managgresive":3,"minecraft:player":3,"minecraft:skeleton":4,"mowziesmobs:umvuthana_raptor":1},"minecraft:broken":{"mowziesmobs:umvuthana_mask_fear":2,"minecraft:iron_shovel":1,"toughasnails:leaf_boots":6,"toughasnails:leaf_chestplate":5,"minecraft:stone_pickaxe":3,"minecraft:stone_axe":9,"minecraft:wooden_axe":3,"minecraft:stone_shovel":24,"toughasnails:leaf_leggings":6,"toughasnails:water_canteen":4,"minecraft:wooden_pickaxe":1,"minecraft:iron_pickaxe":2},"minecraft:mined":{"minecraft:white_bed":2,"minecraft:oak_sapling":3,"create:andesite_casing":5,"minecraft:jungle_leaves":1,"farmersdelight:canvas_rug":17,"minecraft:granite":62,"minecraft:acacia_log":137,"minecraft:grass_block":515,"minecraft:mangrove_door":2,"minecraft:jungle_log":43,"minecraft:tall_seagrass":25,"minecraft:iron_ore":47,"minecraft:fire":6,"minecraft:moss_carpet":4,"create:asurine":65,"minecraft:pink_tulip":4,"minecraft:azalea_leaves":1,"create:mechanical_press":1,"create:cogwheel":2,"minecraft:kelp_plant":1,"minecraft:clay":17,"minecraft:torch":135,"minecraft:chest":6,"minecraft:dead_bush":4,"minecraft:glass":7,"minecraft:cobblestone":38,"minecraft:oak_planks":208,"minecraft:bricks":1,"minecraft:wall_torch":58,"minecraft:seagrass":10,"minecraft:birch_log":2,"minecraft:tnt":3,"minecraft:grass":772,"minecraft:oak_log":229,"minecraft:sand":2342,"minecraft:dirt":746,"minecraft:mangrove_log":139,"create:crimsite":39,"minecraft:oak_leaves":81,"create:zinc_ore":28,"minecraft:mangrove_roots":8,"minecraft:glow_lichen":5,"minecraft:ladder":6,"minecraft:allium":10,"minecraft:jungle_planks":17,"create:encased_fan":8,"minecraft:kelp":14,"minecraft:sandstone":159,"minecraft:large_fern":2,"minecraft:oak_trapdoor":1,"minecraft:furnace":5,"minecraft:snow":1,"minecraft:andesite":484,"minecraft:vine":26,"minecraft:stone":152,"minecraft:white_tulip":3,"farmersdelight:cooking_pot":2,"minecraft:acacia_leaves":122,"minecraft:lily_of_the_valley":1,"toughasnails:water_purifier":1,"minecraft:oak_fence":8,"minecraft:crafting_table":1,"minecraft:cornflower":2,"minecraft:emerald_ore":3,"minecraft:tall_grass":64,"minecraft:copper_ore":19,"minecraft:lily_pad":3,"minecraft:coarse_dirt":115,"minecraft:cobblestone_wall":9,"minecraft:ice":16,"minecraft:birch_leaves":23,"minecraft:mangrove_planks":28,"minecraft:mangrove_leaves":79,"minecraft:white_wall_banner":4,"minecraft:coal_ore":7,"minecraft:dripstone_block":1,"minecraft:acacia_planks":58,"minecraft:fern":3},"minecraft:custom":{"minecraft:interact_with_crafting_table":137,"minecraft:leave_game":14,"minecraft:time_since_death":24624,"minecraft:sprint_one_cm":1545132,"minecraft:damage_blocked_by_shield":1980,"minecraft:drop":398,"minecraft:talked_to_villager":2,"minecraft:play_time":826584,"minecraft:deaths":30,"minecraft:jump":12710,"minecraft:walk_on_water_one_cm":409660,"minecraft:interact_with_furnace":119,"minecraft:sleep_in_bed":48,"minecraft:damage_dealt":12482,"minecraft:crouch_one_cm":149280,"minecraft:use_cauldron":1,"minecraft:interact_with_anvil":1,"minecraft:mob_kills":74,"minecraft:fill_cauldron":1,"minecraft:damage_dealt_resisted":108,"minecraft:climb_one_cm":47747,"minecraft:walk_one_cm":2075153,"minecraft:sneak_time":48294,"minecraft:walk_under_water_one_cm":220720,"minecraft:boat_one_cm":1203599,"minecraft:total_world_time":826584,"minecraft:interact_with_stonecutter":3,"minecraft:time_since_rest":20107,"minecraft:damage_taken":11362,"minecraft:swim_one_cm":471474,"minecraft:fly_one_cm":2527403,"minecraft:open_chest":466,"minecraft:fall_one_cm":277382},"minecraft:dropped":{"farmersdelight:iron_knife":6,"minecraft:oak_log":18,"minecraft:glass_bottle":1,"minecraft:ender_pearl":1,"minecraft:cooked_porkchop":20,"create:cogwheel":2,"toughasnails:wool_boots":1,"minecraft:mangrove_planks":91,"create:crimsite":68,"create:large_water_wheel":1,"minecraft:dirt":105,"mowziesmobs:umvuthana_mask_bliss":4,"minecraft:cornflower":2,"minecraft:snowball":52,"minecraft:sand":111,"minecraft:iron_pickaxe":5,"minecraft:bone":3,"minecraft:gravel":1,"minecraft:stone_axe":13,"minecraft:mangrove_roots":6,"minecraft:rotten_flesh":18,"minecraft:oak_planks":187,"create:asurine":1,"minecraft:gunpowder":3,"minecraft:jungle_log":56,"minecraft:acacia_sapling":4,"minecraft:ladder":4,"minecraft:arrow":6,"minecraft:glass":18,"minecraft:beef":2,"farmersdelight:fish_stew":1,"mowziesmobs:umvuthana_mask_fury":5,"create:andesite_alloy":2,"minecraft:egg":192,"minecraft:water_bucket":4,"minecraft:stone_hoe":1,"minecraft:golden_boots":2,"minecraft:iron_ingot":14,"minecraft:bread":27,"toughasnails:water_canteen":4,"minecraft:wheat_seeds":112,"minecraft:tnt":1,"minecraft:oak_fence":4,"minecraft:feather":7,"minecraft:cobblestone":46,"mowziesmobs:umvuthana_mask_fear":3,"minecraft:acacia_log":78,"minecraft:grass_block":1,"minecraft:stick":16,"create:andesite_casing":2,"farmersdelight:cabbage_rolls":2,"farmersdelight:golden_knife":1,"minecraft:torch":45,"minecraft:wooden_axe":1,"toughasnails:leaf_boots":8,"minecraft:potion":7,"minecraft:oak_stairs":6,"minecraft:white_banner":1,"toughasnails:leaf_leggings":8,"minecraft:string":7,"minecraft:lily_pad":34,"minecraft:acacia_planks":190,"minecraft:pink_tulip":6,"minecraft:moss_carpet":2,"minecraft:kelp":14,"toughasnails:leaf_chestplate":5,"create:shaft":6,"minecraft:coarse_dirt":35,"minecraft:cobblestone_wall":8,"minecraft:bowl":1,"minecraft:stone_shovel":6,"minecraft:clay_ball":4,"minecraft:shears":4,"minecraft:lily_of_the_valley":2,"minecraft:shield":4,"minecraft:allium":6,"farmersdelight:fried_egg":275,"minecraft:iron_chestplate":4,"minecraft:andesite":652,"minecraft:oak_boat":7,"minecraft:spider_eye":2,"toughasnails:wool_leggings":1,"minecraft:slime_ball":9,"minecraft:sandstone":28,"minecraft:stone_pickaxe":7,"minecraft:wooden_pickaxe":2,"minecraft:brick":3},"minecraft:picked_up":{"minecraft:wooden_axe":3,"toughasnails:leaf_leggings":16,"sereneseasons:calendar":2,"minecraft:iron_chestplate":9,"farmersdelight:cabbage_rolls":18,"minecraft:lead":3,"minecraft:oak_stairs":14,"minecraft:potion":25,"minecraft:string":10,"minecraft:raw_copper":78,"create:water_wheel":1,"minecraft:oak_sign":1,"minecraft:bucket":1,"toughasnails:leaf_boots":16,"minecraft:white_tulip":4,"minecraft:iron_pickaxe":11,"minecraft:azalea_leaves":2,"minecraft:mangrove_log":139,"minecraft:furnace":5,"minecraft:stick":55,"minecraft:oak_fence":12,"minecraft:torch":377,"minecraft:acacia_log":240,"create:andesite_casing":4,"minecraft:porkchop":11,"farmersdelight:fried_egg":588,"minecraft:rotten_flesh":35,"farmersdelight:onion":1,"create:asurine":65,"minecraft:mangrove_roots":22,"minecraft:mangrove_door":4,"minecraft:snowball":78,"minecraft:cobblestone":279,"minecraft:birch_log":2,"minecraft:feather":64,"minecraft:cooked_beef":3,"minecraft:andesite":1081,"minecraft:water_bucket":5,"minecraft:jungle_log":125,"minecraft:acacia_leaves":95,"toughasnails:leaf_helmet":1,"create:raw_zinc":66,"minecraft:mangrove_slab":1,"minecraft:dirt":1391,"minecraft:glass":30,"minecraft:bone":22,"minecraft:acacia_planks":480,"farmersdelight:iron_knife":14,"minecraft:bow":1,"minecraft:wheat_seeds":115,"minecraft:raw_gold":2,"create:goggles":1,"create:shaft":10,"minecraft:stone_hoe":3,"minecraft:oak_planks":736,"minecraft:cooked_porkchop":24,"create:cogwheel":2,"minecraft:sand":3247,"minecraft:jungle_planks":17,"minecraft:stripped_spruce_log":4,"minecraft:grass_block":1,"minecraft:lily_of_the_valley":2,"toughasnails:water_purifier":1,"toughasnails:water_canteen":8,"create:crimsite":106,"minecraft:granite":180,"minecraft:bone_meal":12,"minecraft:emerald":8,"minecraft:bread":122,"minecraft:oak_sapling":43,"minecraft:bricks":1,"minecraft:oak_leaves":45,"minecraft:crafting_table":1,"minecraft:coarse_dirt":150,"minecraft:allium":6,"minecraft:ladder":19,"minecraft:clay_ball":72,"minecraft:wooden_pickaxe":4,"minecraft:brick":3,"minecraft:shield":10,"toughasnails:wool_boots":1,"minecraft:cornflower":3,"minecraft:oak_trapdoor":1,"minecraft:moss_carpet":5,"minecraft:flint_and_steel":3,"minecraft:iron_shovel":1,"minecraft:beef":14,"farmersdelight:straw":196,"minecraft:oak_boat":68,"minecraft:chest":5,"farmersdelight:canvas_rug":17,"minecraft:sugar_cane":7,"farmersdelight:golden_knife":1,"minecraft:egg":103,"minecraft:raw_iron":55,"minecraft:sandstone":222,"minecraft:copper_ingot":106,"minecraft:bowl":5,"farmersdelight:fish_stew":3,"minecraft:tnt":2,"minecraft:arrow":31,"minecraft:stone_shovel":17,"minecraft:shears":10,"minecraft:pink_tulip":6,"mowziesmobs:umvuthana_mask_bliss":13,"minecraft:white_wool":8,"mowziesmobs:umvuthana_mask_fury":14,"minecraft:birch_leaves":20,"toughasnails:wool_leggings":1,"minecraft:leather":4,"minecraft:oak_log":394,"minecraft:lily_pad":38,"minecraft:golden_boots":4,"minecraft:cobblestone_wall":17,"minecraft:gunpowder":37,"minecraft:white_banner":8,"minecraft:apple":6,"farmersdelight:cooking_pot":1,"mowziesmobs:umvuthana_mask_rage":8,"minecraft:kelp":16,"minecraft:oak_fence_gate":4,"minecraft:iron_ingot":19,"minecraft:stone_pickaxe":22,"minecraft:glass_bottle":3,"minecraft:mangrove_planks":124,"mowziesmobs:umvuthana_mask_misery":6,"minecraft:acacia_sapling":7,"toughasnails:leaf_chestplate":13,"minecraft:dripstone_block":1,"minecraft:gravel":1,"minecraft:white_bed":2,"minecraft:spider_eye":2,"minecraft:stone_axe":32,"create:encased_fan":8,"minecraft:painting":38,"mowziesmobs:umvuthana_mask_fear":8,"minecraft:black_wool":4,"minecraft:mangrove_propagule":1,"minecraft:coal":71,"minecraft:ender_pearl":1},"minecraft:killed":{"minecraft:spider":4,"minecraft:skeleton":10,"minecraft:pig":5,"minecraft:creeper":6,"minecraft:pillager":5,"minecraft:zombie":20,"mowziesmobs:umvuthana_raptor":3,"minecraft:cow":2,"minecraft:drowned":2,"mowziesmobs:umvuthana_follower_raptor":14,"minecraft:enderman":1}},"DataVersion":3465}