{"stats":{"minecraft:killed_by":{"sanitydim:rotting_stalker":1},"minecraft:mined":{"minecraft:torch":1},"minecraft:custom":{"minecraft:jump":137,"minecraft:time_since_rest":332,"minecraft:deaths":1,"minecraft:damage_dealt":45,"minecraft:crouch_one_cm":1,"minecraft:damage_taken":210,"minecraft:sprint_one_cm":29228,"minecraft:play_time":5285,"minecraft:walk_on_water_one_cm":6506,"minecraft:time_since_death":304,"minecraft:walk_one_cm":7655,"minecraft:sneak_time":41,"minecraft:total_world_time":5285,"minecraft:walk_under_water_one_cm":773,"minecraft:swim_one_cm":23305,"minecraft:fall_one_cm":3061,"minecraft:fly_one_cm":28550}},"DataVersion":3465}