{"stats":{"minecraft:crafted":{"minecraft:oak_planks":12,"minecraft:cooked_porkchop":11,"minecraft:wooden_pickaxe":1,"minecraft:stone_axe":1,"minecraft:air":0,"minecraft:stick":8,"minecraft:wooden_axe":2,"minecraft:acacia_planks":216},"minecraft:used":{"toughasnails:leaf_leggings":1,"minecraft:glass_bottle":6,"minecraft:oak_planks":15,"create:crimsite":2,"minecraft:wooden_pickaxe":36,"minecraft:acacia_sapling":1,"minecraft:wooden_axe":100,"minecraft:mangrove_door":2,"toughasnails:leaf_chestplate":1,"minecraft:stone_axe":15,"minecraft:potion":8,"minecraft:beef":2,"minecraft:oak_sapling":1,"minecraft:cooked_porkchop":2,"mowziesmobs:umvuthana_mask_fury":1,"minecraft:acacia_planks":215},"minecraft:killed_by":{"sanitydim:rotting_stalker":2},"minecraft:broken":{"minecraft:wooden_axe":2},"minecraft:mined":{"minecraft:acacia_leaves":14,"minecraft:torch":1,"minecraft:acacia_log":55,"minecraft:mangrove_door":2,"minecraft:oak_planks":15,"minecraft:tall_seagrass":1,"minecraft:oak_log":5,"minecraft:acacia_planks":24,"create:crimsite":36},"minecraft:dropped":{"minecraft:stone_axe":1,"toughasnails:leaf_chestplate":1,"minecraft:wheat_seeds":1,"minecraft:oak_log":7,"minecraft:cooked_porkchop":9,"minecraft:feather":2,"minecraft:cobblestone":9,"minecraft:oak_planks":54,"create:crimsite":68,"minecraft:acacia_log":12,"minecraft:stick":4,"minecraft:wooden_axe":1,"minecraft:acacia_sapling":3,"toughasnails:leaf_boots":1,"minecraft:beef":2,"minecraft:wooden_pickaxe":2,"toughasnails:leaf_leggings":1,"minecraft:acacia_planks":10,"mowziesmobs:umvuthana_mask_fury":1},"minecraft:custom":{"minecraft:interact_with_furnace":4,"minecraft:mob_kills":7,"minecraft:interact_with_crafting_table":3,"minecraft:leave_game":1,"minecraft:time_since_death":1976,"minecraft:sleep_in_bed":2,"minecraft:climb_one_cm":718,"minecraft:time_since_rest":2007,"minecraft:sprint_one_cm":167045,"minecraft:damage_taken":997,"minecraft:walk_one_cm":146062,"minecraft:drop":36,"minecraft:damage_dealt":755,"minecraft:swim_one_cm":42971,"minecraft:fly_one_cm":264298,"minecraft:open_chest":13,"minecraft:crouch_one_cm":32383,"minecraft:play_time":63614,"minecraft:deaths":4,"minecraft:sneak_time":9656,"minecraft:walk_under_water_one_cm":5896,"minecraft:jump":1228,"minecraft:walk_on_water_one_cm":22365,"minecraft:total_world_time":63614,"minecraft:fall_one_cm":18645},"minecraft:picked_up":{"minecraft:wooden_axe":3,"toughasnails:leaf_leggings":3,"mowziesmobs:umvuthana_mask_fury":4,"minecraft:feather":3,"minecraft:wooden_pickaxe":3,"minecraft:oak_log":12,"minecraft:acacia_planks":24,"minecraft:wheat_seeds":1,"toughasnails:leaf_boots":3,"minecraft:beef":4,"minecraft:oak_planks":116,"minecraft:acacia_sapling":4,"toughasnails:leaf_chestplate":3,"minecraft:stick":6,"minecraft:cooked_porkchop":9,"minecraft:acacia_log":66,"minecraft:porkchop":11,"create:crimsite":104,"minecraft:stone_axe":1,"minecraft:mangrove_door":2,"minecraft:oak_sapling":1,"minecraft:cobblestone":10},"minecraft:killed":{"minecraft:pig":5,"mowziesmobs:umvuthana_raptor":1,"minecraft:cow":1}},"DataVersion":3465}