{"stats":{"minecraft:killed_by":{"minecraft:creeper":1,"sanitydim:rotting_stalker":6,"man:managgresive":3,"minecraft:player":3,"minecraft:skeleton":4,"mowziesmobs:umvuthana_raptor":1},"minecraft:mined":{"minecraft:white_bed":2,"minecraft:oak_sapling":3,"create:andesite_casing":5,"minecraft:jungle_leaves":1,"farmersdelight:canvas_rug":16,"minecraft:granite":60,"minecraft:acacia_log":137,"minecraft:grass_block":6,"minecraft:mangrove_door":2,"minecraft:jungle_log":43,"minecraft:tall_seagrass":20,"minecraft:iron_ore":47,"minecraft:fire":6,"minecraft:moss_carpet":4,"minecraft:pink_tulip":4,"minecraft:azalea_leaves":1,"create:mechanical_press":1,"create:cogwheel":2,"minecraft:clay":17,"minecraft:torch":12,"minecraft:chest":6,"minecraft:dead_bush":1,"minecraft:glass":7,"minecraft:cobblestone":35,"minecraft:oak_planks":49,"minecraft:bricks":1,"minecraft:wall_torch":19,"minecraft:seagrass":9,"minecraft:birch_log":2,"minecraft:tnt":3,"minecraft:grass":768,"minecraft:oak_log":226,"minecraft:sand":2128,"minecraft:dirt":110,"minecraft:mangrove_log":139,"create:crimsite":39,"minecraft:oak_leaves":79,"create:zinc_ore":19,"minecraft:mangrove_roots":8,"minecraft:glow_lichen":5,"minecraft:ladder":6,"minecraft:allium":10,"minecraft:jungle_planks":17,"create:encased_fan":8,"minecraft:sandstone":155,"minecraft:large_fern":2,"minecraft:oak_trapdoor":1,"minecraft:furnace":5,"minecraft:andesite":484,"minecraft:vine":20,"minecraft:stone":152,"minecraft:white_tulip":3,"farmersdelight:cooking_pot":2,"minecraft:acacia_leaves":102,"minecraft:lily_of_the_valley":1,"toughasnails:water_purifier":1,"minecraft:crafting_table":1,"minecraft:cornflower":2,"minecraft:emerald_ore":1,"minecraft:tall_grass":64,"minecraft:copper_ore":19,"minecraft:lily_pad":3,"minecraft:birch_leaves":23,"minecraft:mangrove_planks":28,"minecraft:mangrove_leaves":79,"minecraft:white_wall_banner":3,"minecraft:coal_ore":7,"minecraft:dripstone_block":1,"minecraft:acacia_planks":58,"minecraft:fern":3},"minecraft:crafted":{"minecraft:oak_planks":712,"farmersdelight:canvas":42,"toughasnails:leaf_leggings":4,"minecraft:glass":45,"create:mechanical_press":1,"minecraft:chest":11,"toughasnails:leaf_helmet":1,"create:cogwheel":7,"minecraft:white_banner":1,"toughasnails:leaf_boots":4,"minecraft:cooked_porkchop":11,"minecraft:crafting_table":5,"minecraft:spruce_planks":16,"minecraft:wooden_pickaxe":1,"create:zinc_nugget":18,"minecraft:copper_ingot":54,"farmersdelight:canvas_rug":84,"minecraft:birch_planks":8,"minecraft:painting":2,"create:gearbox":1,"minecraft:tnt":5,"create:water_wheel":1,"minecraft:stick":156,"minecraft:iron_ingot":25,"minecraft:iron_pickaxe":2,"minecraft:iron_block":1,"minecraft:sandstone":12,"minecraft:shears":1,"toughasnails:empty_canteen":1,"minecraft:oak_door":3,"minecraft:stone_shovel":16,"minecraft:acacia_fence_gate":4,"minecraft:bone_meal":6,"minecraft:oak_trapdoor":4,"minecraft:ladder":21,"minecraft:stone_pickaxe":4,"create:andesite_alloy":9,"toughasnails:leaf_chestplate":3,"create:large_water_wheel":2,"minecraft:mangrove_planks":496,"minecraft:bucket":1,"minecraft:stone_axe":7,"minecraft:jungle_planks":72,"minecraft:air":0,"minecraft:oak_boat":2,"minecraft:oak_stairs":12,"minecraft:wooden_axe":2,"create:shaft":16,"minecraft:acacia_planks":456,"minecraft:torch":80,"create:zinc_ingot":91},"minecraft:dropped":{"farmersdelight:iron_knife":4,"minecraft:oak_log":10,"minecraft:glass_bottle":1,"minecraft:cooked_porkchop":20,"create:cogwheel":2,"minecraft:mangrove_planks":91,"create:crimsite":68,"create:large_water_wheel":1,"minecraft:dirt":9,"mowziesmobs:umvuthana_mask_bliss":2,"minecraft:cornflower":2,"minecraft:sand":76,"minecraft:iron_pickaxe":3,"minecraft:bone":2,"minecraft:gravel":1,"minecraft:stone_axe":10,"minecraft:mangrove_roots":6,"minecraft:rotten_flesh":18,"minecraft:oak_planks":186,"minecraft:gunpowder":3,"minecraft:jungle_log":56,"minecraft:acacia_sapling":4,"minecraft:ladder":4,"minecraft:arrow":5,"minecraft:glass":18,"minecraft:beef":2,"farmersdelight:fish_stew":1,"create:andesite_alloy":2,"mowziesmobs:umvuthana_mask_fury":4,"minecraft:egg":192,"minecraft:water_bucket":2,"minecraft:iron_ingot":14,"minecraft:bread":27,"toughasnails:water_canteen":2,"minecraft:wheat_seeds":112,"minecraft:tnt":1,"minecraft:feather":2,"minecraft:cobblestone":46,"mowziesmobs:umvuthana_mask_fear":1,"minecraft:acacia_log":78,"minecraft:stick":16,"create:andesite_casing":2,"farmersdelight:cabbage_rolls":2,"farmersdelight:golden_knife":1,"minecraft:torch":43,"minecraft:wooden_axe":1,"toughasnails:leaf_boots":7,"minecraft:potion":6,"minecraft:white_banner":1,"toughasnails:leaf_leggings":7,"minecraft:string":3,"minecraft:lily_pad":34,"minecraft:acacia_planks":190,"minecraft:pink_tulip":6,"minecraft:moss_carpet":2,"toughasnails:leaf_chestplate":5,"create:shaft":1,"minecraft:bowl":1,"minecraft:stone_shovel":4,"minecraft:clay_ball":4,"minecraft:shears":2,"minecraft:lily_of_the_valley":2,"minecraft:shield":2,"minecraft:allium":6,"farmersdelight:fried_egg":218,"minecraft:iron_chestplate":2,"minecraft:andesite":652,"minecraft:oak_boat":5,"minecraft:sandstone":28,"minecraft:stone_pickaxe":5,"minecraft:wooden_pickaxe":2,"minecraft:brick":3},"minecraft:killed":{"minecraft:spider":2,"minecraft:skeleton":7,"minecraft:pig":5,"minecraft:creeper":6,"minecraft:pillager":1,"minecraft:zombie":18,"mowziesmobs:umvuthana_raptor":1,"minecraft:cow":2,"minecraft:drowned":2},"minecraft:broken":{"mowziesmobs:umvuthana_mask_fear":1,"minecraft:iron_shovel":1,"toughasnails:leaf_boots":5,"toughasnails:leaf_chestplate":5,"minecraft:stone_pickaxe":3,"minecraft:stone_axe":6,"minecraft:wooden_axe":3,"minecraft:stone_shovel":13,"toughasnails:leaf_leggings":5,"toughasnails:water_canteen":1,"minecraft:wooden_pickaxe":1,"minecraft:iron_pickaxe":2},"minecraft:used":{"minecraft:moss_carpet":3,"minecraft:iron_shovel":251,"mowziesmobs:umvuthana_mask_fear":4,"farmersdelight:cabbage_rolls":2,"minecraft:ladder":25,"minecraft:chest":19,"minecraft:shield":26,"minecraft:iron_chestplate":1,"create:cogwheel":3,"farmersdelight:fish_stew":2,"minecraft:jungle_planks":17,"minecraft:acacia_sapling":3,"minecraft:glass":91,"minecraft:mangrove_log":15,"minecraft:bricks":1,"create:shaft":1,"minecraft:mangrove_roots":4,"minecraft:furnace":5,"minecraft:oak_sapling":21,"minecraft:mangrove_slab":1,"minecraft:egg":1,"minecraft:stone_pickaxe":399,"minecraft:oak_planks":737,"minecraft:mangrove_planks":524,"create:crimsite":5,"minecraft:wooden_pickaxe":59,"minecraft:sandstone":40,"minecraft:sugar_cane":7,"toughasnails:water_canteen":101,"minecraft:sand":1541,"minecraft:dripstone_block":1,"minecraft:shears":161,"minecraft:mangrove_door":2,"minecraft:bread":13,"minecraft:andesite":13,"minecraft:oak_boat":31,"minecraft:oak_trapdoor":5,"minecraft:white_tulip":2,"minecraft:acacia_log":1,"minecraft:flint_and_steel":2,"toughasnails:water_purifier":1,"minecraft:stone_shovel":1970,"toughasnails:leaf_boots":3,"minecraft:oak_door":2,"minecraft:torch":114,"minecraft:dirt":6,"toughasnails:empty_canteen":2,"farmersdelight:beef_patty":2,"minecraft:wooden_axe":115,"create:gearbox":1,"minecraft:oak_stairs":4,"farmersdelight:canvas_rug":99,"minecraft:beef":2,"farmersdelight:cooking_pot":1,"minecraft:cooked_beef":1,"minecraft:acacia_planks":428,"farmersdelight:fried_egg":75,"farmersdelight:iron_knife":837,"minecraft:water_bucket":159,"toughasnails:leaf_leggings":2,"minecraft:glass_bottle":112,"minecraft:cauldron":1,"create:encased_fan":8,"minecraft:tnt":4,"minecraft:crafting_table":6,"minecraft:white_bed":2,"minecraft:painting":40,"minecraft:oak_log":3,"minecraft:apple":1,"create:mechanical_press":1,"minecraft:iron_pickaxe":591,"toughasnails:leaf_chestplate":2,"create:large_water_wheel":1,"minecraft:acacia_fence_gate":4,"minecraft:stone_axe":824,"farmersdelight:cooked_bacon":1,"minecraft:cobblestone":12,"minecraft:potion":111,"mowziesmobs:umvuthana_mask_fury":1,"minecraft:white_banner":4,"minecraft:cooked_porkchop":9,"minecraft:bucket":160},"minecraft:custom":{"minecraft:interact_with_crafting_table":113,"minecraft:leave_game":8,"minecraft:time_since_death":85281,"minecraft:sprint_one_cm":1197948,"minecraft:damage_blocked_by_shield":1335,"minecraft:drop":323,"minecraft:talked_to_villager":1,"minecraft:play_time":651896,"minecraft:deaths":25,"minecraft:jump":10153,"minecraft:walk_on_water_one_cm":336073,"minecraft:interact_with_furnace":117,"minecraft:sleep_in_bed":36,"minecraft:damage_dealt":8794,"minecraft:crouch_one_cm":90575,"minecraft:interact_with_anvil":1,"minecraft:mob_kills":46,"minecraft:climb_one_cm":38553,"minecraft:walk_one_cm":1568561,"minecraft:sneak_time":34645,"minecraft:walk_under_water_one_cm":166311,"minecraft:boat_one_cm":756794,"minecraft:total_world_time":651896,"minecraft:time_since_rest":9058,"minecraft:damage_taken":8719,"minecraft:swim_one_cm":384731,"minecraft:fly_one_cm":1897637,"minecraft:open_chest":352,"minecraft:fall_one_cm":215401},"minecraft:picked_up":{"minecraft:wooden_axe":3,"toughasnails:leaf_leggings":14,"sereneseasons:calendar":2,"minecraft:iron_chestplate":4,"farmersdelight:cabbage_rolls":18,"minecraft:lead":3,"minecraft:potion":23,"minecraft:string":6,"minecraft:raw_copper":78,"minecraft:oak_sign":1,"create:water_wheel":1,"minecraft:bucket":1,"toughasnails:leaf_boots":14,"minecraft:white_tulip":4,"minecraft:iron_pickaxe":7,"minecraft:azalea_leaves":2,"minecraft:mangrove_log":139,"minecraft:furnace":5,"minecraft:stick":53,"minecraft:torch":179,"minecraft:acacia_log":240,"create:andesite_casing":4,"minecraft:porkchop":11,"farmersdelight:fried_egg":462,"minecraft:rotten_flesh":35,"farmersdelight:onion":1,"minecraft:mangrove_roots":22,"minecraft:mangrove_door":4,"minecraft:cobblestone":261,"minecraft:birch_log":2,"minecraft:feather":59,"minecraft:cooked_beef":3,"minecraft:andesite":1081,"minecraft:water_bucket":2,"minecraft:jungle_log":125,"minecraft:acacia_leaves":75,"toughasnails:leaf_helmet":1,"create:raw_zinc":57,"minecraft:mangrove_slab":1,"minecraft:dirt":151,"minecraft:glass":30,"minecraft:bone":18,"farmersdelight:iron_knife":11,"minecraft:acacia_planks":480,"minecraft:wheat_seeds":115,"minecraft:raw_gold":2,"minecraft:oak_planks":557,"minecraft:cooked_porkchop":24,"create:cogwheel":2,"minecraft:jungle_planks":17,"minecraft:sand":2732,"minecraft:stripped_spruce_log":4,"minecraft:lily_of_the_valley":2,"toughasnails:water_purifier":1,"toughasnails:water_canteen":4,"create:crimsite":106,"minecraft:granite":178,"minecraft:bone_meal":12,"minecraft:emerald":6,"minecraft:bread":122,"minecraft:oak_sapling":42,"minecraft:bricks":1,"minecraft:oak_leaves":45,"minecraft:crafting_table":1,"minecraft:allium":6,"minecraft:ladder":19,"minecraft:clay_ball":72,"minecraft:wooden_pickaxe":4,"minecraft:brick":3,"minecraft:shield":7,"minecraft:cornflower":3,"minecraft:oak_trapdoor":1,"minecraft:moss_carpet":5,"minecraft:flint_and_steel":3,"minecraft:iron_shovel":1,"minecraft:beef":14,"farmersdelight:straw":196,"minecraft:oak_boat":43,"minecraft:chest":5,"farmersdelight:canvas_rug":16,"minecraft:sugar_cane":7,"farmersdelight:golden_knife":1,"minecraft:egg":103,"minecraft:raw_iron":55,"minecraft:sandstone":219,"minecraft:copper_ingot":106,"minecraft:bowl":5,"farmersdelight:fish_stew":3,"minecraft:tnt":2,"minecraft:stone_shovel":14,"minecraft:arrow":28,"minecraft:shears":7,"minecraft:pink_tulip":6,"mowziesmobs:umvuthana_mask_bliss":8,"minecraft:white_wool":8,"mowziesmobs:umvuthana_mask_fury":11,"minecraft:birch_leaves":20,"minecraft:leather":4,"minecraft:oak_log":254,"minecraft:lily_pad":38,"minecraft:golden_boots":1,"minecraft:gunpowder":37,"minecraft:white_banner":5,"minecraft:apple":6,"farmersdelight:cooking_pot":1,"mowziesmobs:umvuthana_mask_rage":8,"minecraft:oak_fence_gate":4,"minecraft:iron_ingot":19,"minecraft:stone_pickaxe":17,"minecraft:glass_bottle":3,"minecraft:mangrove_planks":124,"minecraft:acacia_sapling":7,"mowziesmobs:umvuthana_mask_misery":6,"toughasnails:leaf_chestplate":13,"minecraft:dripstone_block":1,"minecraft:gravel":1,"minecraft:white_bed":2,"minecraft:stone_axe":27,"create:encased_fan":8,"minecraft:painting":38,"mowziesmobs:umvuthana_mask_fear":5,"minecraft:black_wool":4,"minecraft:mangrove_propagule":1,"minecraft:coal":45}},"DataVersion":3465}