{"stats":{"minecraft:killed":{"minecraft:sheep":3,"jujutsucraft:cursed_spirit_grade_32":2,"minecraft:wolf":1,"jujutsucraft:cursed_spirit_grade_39":3,"jujutsucraft:cursed_spirit_grade_31":1,"jujutsucraft:cursed_spirit_grade_33":2,"jujutsucraft:cursed_spirit_grade_314":1,"jujutsucraft:cursed_spirit_grade_313":1,"minecraft:pig":1,"jujutsucraft:jujutsu_sorcerer":2,"minecraft:chicken":4,"jujutsucraft:cursed_spirit_grade_317":2,"jujutsucraft:cursed_spirit_grade_315":4,"jujutsucraft:cursed_spirit_grade_318":2,"jujutsucraft:curse_user_1":3,"minecraft:turtle":1,"jujutsucraft:cursed_spirit_grade_319":3,"jujutsucraft:cursed_spirit_grade_322":2,"jujutsucraft:cursed_spirit_grade_321":2,"minecraft:cow":4},"minecraft:dropped":{"minecraft:porkchop":3,"minecraft:mutton":3,"minecraft:oak_sapling":1,"minecraft:chicken":1,"minecraft:feather":3,"jujutsucraft:garuda_item_ball":1,"minecraft:leather":2,"minecraft:beef":3,"jujutsucraft:garuda_item":5,"minecraft:white_wool":3,"jujutsucraft:uniform_normal_chestplate":1,"minecraft:stick":5},"minecraft:mined":{"minecraft:birch_leaves":1,"minecraft:oak_log":2,"minecraft:sand":22,"minecraft:oak_leaves":16},"minecraft:used":{"jujutsucraft:uniform_normal_boots":1,"minecraft:sand":22,"jujutsucraft:uniform_normal_leggings":1,"jujutsucraft:uniform_normal_chestplate":1},"minecraft:custom":{"minecraft:time_since_rest":942,"minecraft:sprint_one_cm":383524,"minecraft:damage_taken":3112,"minecraft:walk_one_cm":148656,"minecraft:mob_kills":45,"minecraft:drop":27,"minecraft:damage_dealt":563,"minecraft:swim_one_cm":3781,"minecraft:fly_one_cm":375897,"minecraft:crouch_one_cm":1559,"minecraft:play_time":44320,"minecraft:deaths":7,"minecraft:sneak_time":560,"minecraft:walk_under_water_one_cm":3247,"minecraft:jump":734,"minecraft:damage_dealt_resisted":3914,"minecraft:leave_game":1,"minecraft:walk_on_water_one_cm":8707,"minecraft:time_since_death":916,"minecraft:total_world_time":44320,"minecraft:damage_resisted":296,"minecraft:fall_one_cm":26146},"minecraft:picked_up":{"minecraft:stick":5,"minecraft:feather":3,"minecraft:chicken":1,"minecraft:leather":2,"minecraft:porkchop":3,"minecraft:sand":22,"jujutsucraft:uniform_normal_chestplate":1,"minecraft:oak_log":3,"jujutsucraft:garuda_item":4,"jujutsucraft:garuda_item_ball":1,"minecraft:beef":3,"minecraft:oak_sapling":1,"minecraft:mutton":3,"minecraft:white_wool":6},"minecraft:killed_by":{"jujutsucraft:curse_user_1":1,"jujutsucraft:yoshino_junpei":1,"jujutsucraft:q":1,"jujutsucraft:kechizu":1,"jujutsucraft:moon_dregs":1,"jujutsucraft:cursed_spirit_grade_22":1}},"DataVersion":3465}