{"stats":{"minecraft:used":{"minecraft:spruce_slab":1,"minecraft:spruce_planks":1,"minecraft:dirt":2,"minecraft:stone_brick_stairs":1,"minecraft:stone_bricks":1,"minecraft:egg":1,"jujutsucraft:uniform_normal_boots":2,"minecraft:spruce_sign":1,"minecraft:oak_leaves":1,"minecraft:vine":1,"minecraft:white_bed":1,"jujutsucraft:uniform_normal_chestplate":2,"jujutsucraft:sword_okkotsu_yuta":7,"jujutsucraft:uniform_normal_leggings":2,"minecraft:glass_pane":1,"minecraft:oak_boat":3},"minecraft:picked_up":{"minecraft:coarse_dirt":1,"minecraft:chicken":1,"minecraft:leather_leggings":11,"jujutsucraft:uniform_normal_boots":2,"minecraft:stone_brick_stairs":1,"minecraft:item_frame":14,"minecraft:glass_pane":1,"minecraft:spruce_planks":1,"jujutsucraft:sword_black":1,"minecraft:oak_boat":4,"jujutsucraft:sword_shigemo":1,"minecraft:spruce_slab":1,"minecraft:iron_boots":5,"minecraft:egg":1,"jujutsucraft:sickle":2,"jujutsucraft:sword_okkotsu_yuta":3,"minecraft:porkchop":2,"jujutsucraft:gavel":1,"minecraft:vine":1,"jujutsucraft:uniform_q_leggings":1,"jujutsucraft:hanami_eye":1,"minecraft:cobblestone":1,"minecraft:leather_chestplate":5,"minecraft:salmon":1,"minecraft:magenta_bed":2,"minecraft:dirt":5,"jujutsucraft:uniform_normal_leggings":2,"minecraft:stone_bricks":1,"jujutsucraft:sword_miwa_kasumi":1,"jujutsucraft:hanami_hand":1,"jujutsucraft:uniform_normal_chestplate":2,"minecraft:ink_sac":1,"minecraft:white_bed":2,"minecraft:light_blue_terracotta":1,"minecraft:painting":4,"minecraft:bone_meal":1,"minecraft:spruce_sign":1,"minecraft:oak_leaves":1},"minecraft:custom":{"minecraft:mob_kills":885,"minecraft:open_barrel":5,"minecraft:damage_dealt_resisted":227855,"minecraft:leave_game":1,"minecraft:time_since_death":3089,"minecraft:climb_one_cm":1453,"minecraft:damage_resisted":34156,"minecraft:sprint_one_cm":1317107,"minecraft:walk_one_cm":715753,"minecraft:drop":62,"minecraft:talked_to_villager":1,"minecraft:play_time":127181,"minecraft:deaths":59,"minecraft:sneak_time":6080,"minecraft:walk_under_water_one_cm":9877,"minecraft:jump":3049,"minecraft:walk_on_water_one_cm":45187,"minecraft:total_world_time":127181,"minecraft:time_since_rest":3128,"minecraft:damage_taken":29195,"minecraft:damage_dealt":6707,"minecraft:swim_one_cm":14302,"minecraft:fly_one_cm":2486997,"minecraft:player_kills":2,"minecraft:open_chest":19,"minecraft:crouch_one_cm":22950,"minecraft:fall_one_cm":234829},"minecraft:killed":{"jujutsucraft:mimiko":1,"jujutsucraft:cursed_spirit_grade_32":19,"jujutsucraft:transfigured_human_3":5,"jujutsucraft:cursed_spirit_grade_21":2,"jujutsucraft:cursed_spirit_grade_31":4,"jujutsucraft:cursed_spirit_grade_33":12,"jujutsucraft:nanako":2,"jujutsucraft:cursed_spirit_grade_11":1,"jujutsucraft:cursed_spirit_grade_12":2,"jujutsucraft:cursed_spirit_grade_24":4,"jujutsucraft:earthen_insect_trance":2,"jujutsucraft:cursed_spirit_grade_37":1,"jujutsucraft:cursed_spirit_grade_35":5,"jujutsucraft:yoshino_junpei":2,"jujutsucraft:rock_fragment":1,"jujutsucraft:cursed_spirit_grade_318":14,"minecraft:cod":14,"jujutsucraft:cursed_spirit_grade_316":8,"jujutsucraft:kumiya_juzo":1,"jujutsucraft:cursed_spirit_grade_22":3,"jujutsucraft:wooden_spear_2":2,"jujutsucraft:wooden_spear_1":4,"jujutsucraft:cursed_spirit_grade_39":65,"jujutsucraft:shigemo_haruta":4,"jujutsucraft:cursed_spirit_grade_312":11,"jujutsucraft:cursed_spirit_grade_313":8,"minecraft:chicken":5,"jujutsucraft:cursed_spirit_grade_15":2,"jujutsucraft:kechizu":1,"jujutsucraft:cursed_spirit_grade_16":1,"jujutsucraft:rozetsu_shikigami":1,"jujutsucraft:cursed_spirit_grade_214":3,"jujutsucraft:cursed_spirit_grade_317":14,"jujutsucraft:cockroach_larva":1,"jujutsucraft:cursed_spirit_grade_38":9,"jujutsucraft:cursed_spirit_grade_34":10,"jujutsucraft:kurusu_hana":1,"jujutsucraft:cursed_spirit_grade_210":1,"minecraft:pig":4,"jujutsucraft:kukuru":3,"jujutsucraft:jujutsu_sorcerer":4,"minecraft:salmon":11,"jujutsucraft:awasaka_jiro":1,"minecraft:bat":34,"jujutsucraft:zenin_maki":1,"jujutsucraft:curse_user_1":1,"jujutsucraft:curse_user":6,"minecraft:squid":6,"jujutsucraft:cursed_spirit_grade_321":16,"jujutsucraft:cursed_spirit_grade_29":1,"jujutsucraft:cursed_spirit_grade_28":1,"jujutsucraft:cursed_spirit_grade_314":26,"jujutsucraft:cursed_spirit_grade_14":1,"jujutsucraft:crow":1,"jujutsucraft:cursed_spirit_grade_311":5,"jujutsucraft:cursed_spirit_grade_310":13,"jujutsucraft:cursed_spirit_grade_18":2,"jujutsucraft:cursed_spirit_grade_36":27,"jujutsucraft:cursed_spirit_grade_25":1,"jujutsucraft:moon_dregs":1,"jujutsucraft:cursed_spirit_grade_315":10,"jujutsucraft:cursed_spirit_grade_212":5,"jujutsucraft:cursed_spirit_grade_319":18,"jujutsucraft:cursed_spirit_grade_322":24,"jujutsucraft:takaba_fumihiko":1,"minecraft:villager":4,"jujutsucraft:q":6,"jujutsucraft:entity_tornado":2,"minecraft:cow":4,"jujutsucraft:ogami":1},"minecraft:dropped":{"minecraft:porkchop":2,"jujutsucraft:sword_shigemo":1,"minecraft:cobblestone":1,"jujutsucraft:sickle":1,"jujutsucraft:uniform_q_leggings":1,"minecraft:item_frame":14,"minecraft:dirt":3,"minecraft:ink_sac":1,"minecraft:bone_meal":1,"jujutsucraft:uniform_normal_leggings":1,"minecraft:coarse_dirt":1,"jujutsucraft:sword_miwa_kasumi":1,"minecraft:chicken":1,"jujutsucraft:sword_okkotsu_yuta":4,"minecraft:iron_boots":5,"minecraft:salmon":1,"jujutsucraft:uniform_normal_chestplate":1,"minecraft:leather_chestplate":5,"minecraft:leather_leggings":11,"minecraft:painting":4,"minecraft:light_blue_terracotta":1,"jujutsucraft:uniform_normal_boots":1},"minecraft:mined":{"minecraft:white_bed":2,"minecraft:glass_pane":4,"minecraft:magenta_bed":2,"minecraft:birch_leaves":1},"minecraft:killed_by":{"jujutsucraft:max_elephant":1,"jujutsucraft:cursed_spirit_grade_24":4,"jujutsucraft:choso":3,"jujutsucraft:cursed_spirit_grade_15":1,"minecraft:player":6,"jujutsucraft:cursed_spirit_grade_16":1,"jujutsucraft:cursed_spirit_grade_14":2,"jujutsucraft:cursed_spirit_grade_312":1,"jujutsucraft:kenjaku":1,"jujutsucraft:cursed_spirit_grade_05":1,"jujutsucraft:cursed_spirit_grade_11":1,"jujutsucraft:cursed_spirit_grade_12":2,"jujutsucraft:cursed_spirit_grade_03":2,"jujutsucraft:nanako":1,"jujutsucraft:cursed_spirit_grade_22":6,"jujutsucraft:yoshino_junpei":1,"jujutsucraft:kusakabe_yatsuya":1,"jujutsucraft:fushiguro_megumi":1,"jujutsucraft:hanami":1,"jujutsucraft:cursed_spirit_grade_04":1,"jujutsucraft:curse_user":1,"jujutsucraft:hoshi_kirara":1,"jujutsucraft:sukuna_fushiguro":2,"jujutsucraft:hazenoki":1,"jujutsucraft:jogo":2,"jujutsucraft:uraume":1,"jujutsucraft:moon_dregs":1,"jujutsucraft:panda_gorilla":1,"jujutsucraft:fushiguro_megumi_shibuya":1,"jujutsucraft:shigemo_haruta":2,"jujutsucraft:cursed_spirit_grade_29":1,"jujutsucraft:takaba_fumihiko":1,"jujutsucraft:cursed_spirit_grade_21":1,"jujutsucraft:eight_handled_swrod_divergent_sila_divine_general_mahoraga":1,"jujutsucraft:jujutsu_sorcerer":1}},"DataVersion":3465}