{"stats":{"minecraft:crafted":{"minecraft:oak_planks":64,"minecraft:stone_shovel":1,"minecraft:cooked_porkchop":11,"minecraft:wooden_pickaxe":1,"minecraft:copper_ingot":54,"minecraft:mangrove_planks":140,"minecraft:stone_axe":4,"minecraft:jungle_planks":36,"minecraft:air":0,"minecraft:glass":44,"minecraft:stick":16,"minecraft:iron_ingot":9,"minecraft:stone_pickaxe":1,"minecraft:wooden_axe":2,"minecraft:acacia_planks":412},"minecraft:used":{"farmersdelight:iron_knife":1,"toughasnails:leaf_leggings":1,"minecraft:acacia_log":1,"toughasnails:water_purifier":1,"minecraft:stone_pickaxe":33,"minecraft:glass_bottle":27,"minecraft:stone_shovel":90,"minecraft:mangrove_planks":56,"minecraft:oak_planks":122,"create:crimsite":5,"minecraft:chest":1,"minecraft:wooden_pickaxe":59,"minecraft:sandstone":19,"minecraft:jungle_planks":17,"minecraft:acacia_sapling":3,"minecraft:glass":91,"minecraft:wooden_axe":115,"minecraft:mangrove_log":14,"minecraft:mangrove_door":2,"toughasnails:leaf_chestplate":1,"minecraft:mangrove_roots":1,"minecraft:stone_axe":322,"minecraft:furnace":5,"minecraft:potion":25,"minecraft:beef":2,"minecraft:oak_sapling":1,"minecraft:cooked_porkchop":6,"mowziesmobs:umvuthana_mask_fury":1,"minecraft:oak_boat":6,"minecraft:acacia_planks":418},"minecraft:broken":{"minecraft:stone_axe":2,"minecraft:wooden_axe":3,"minecraft:wooden_pickaxe":1},"minecraft:killed_by":{"minecraft:player":1,"sanitydim:rotting_stalker":2},"minecraft:mined":{"minecraft:acacia_leaves":22,"toughasnails:water_purifier":1,"minecraft:jungle_leaves":1,"minecraft:mangrove_roots":6,"minecraft:torch":1,"minecraft:acacia_log":129,"minecraft:mangrove_door":2,"minecraft:jungle_planks":17,"minecraft:chest":2,"minecraft:jungle_log":43,"minecraft:glass":3,"minecraft:cobblestone":19,"minecraft:oak_planks":28,"minecraft:sandstone":28,"minecraft:tall_seagrass":1,"minecraft:furnace":5,"minecraft:mangrove_leaves":33,"minecraft:mangrove_planks":3,"minecraft:grass":1,"minecraft:oak_log":17,"minecraft:vine":17,"minecraft:sand":91,"minecraft:mangrove_log":79,"minecraft:acacia_planks":41,"create:crimsite":39,"minecraft:oak_leaves":3},"minecraft:custom":{"minecraft:interact_with_furnace":44,"minecraft:mob_kills":9,"minecraft:interact_with_crafting_table":7,"minecraft:leave_game":1,"minecraft:time_since_death":7708,"minecraft:sleep_in_bed":6,"minecraft:climb_one_cm":3179,"minecraft:time_since_rest":7735,"minecraft:sprint_one_cm":293693,"minecraft:damage_taken":1424,"minecraft:walk_one_cm":316335,"minecraft:drop":63,"minecraft:damage_dealt":1205,"minecraft:swim_one_cm":64574,"minecraft:fly_one_cm":476518,"minecraft:open_chest":31,"minecraft:crouch_one_cm":56340,"minecraft:play_time":141614,"minecraft:deaths":5,"minecraft:sneak_time":17487,"minecraft:walk_under_water_one_cm":10048,"minecraft:boat_one_cm":167355,"minecraft:jump":3020,"minecraft:walk_on_water_one_cm":42172,"minecraft:total_world_time":141614,"minecraft:fall_one_cm":40446},"minecraft:dropped":{"farmersdelight:iron_knife":1,"minecraft:stone_axe":2,"toughasnails:leaf_chestplate":2,"minecraft:wheat_seeds":1,"minecraft:oak_log":7,"minecraft:cooked_porkchop":14,"minecraft:feather":2,"minecraft:cobblestone":26,"minecraft:clay_ball":4,"minecraft:oak_planks":75,"minecraft:mangrove_planks":86,"create:crimsite":68,"minecraft:acacia_log":33,"minecraft:stick":6,"minecraft:wooden_axe":1,"minecraft:jungle_log":43,"minecraft:oak_boat":1,"minecraft:acacia_sapling":3,"toughasnails:leaf_boots":2,"minecraft:potion":2,"minecraft:stone_pickaxe":1,"minecraft:sandstone":9,"minecraft:glass":6,"minecraft:beef":2,"minecraft:wooden_pickaxe":2,"toughasnails:leaf_leggings":2,"minecraft:lily_pad":2,"minecraft:acacia_planks":74,"mowziesmobs:umvuthana_mask_fury":2},"minecraft:picked_up":{"minecraft:wooden_axe":3,"toughasnails:leaf_leggings":4,"mowziesmobs:umvuthana_mask_fury":5,"minecraft:feather":27,"minecraft:clay_ball":4,"minecraft:lead":2,"minecraft:jungle_log":86,"minecraft:potion":9,"toughasnails:leaf_helmet":1,"minecraft:wooden_pickaxe":4,"minecraft:lily_pad":2,"minecraft:oak_log":23,"minecraft:brick":3,"minecraft:string":1,"minecraft:dirt":6,"minecraft:moss_carpet":1,"minecraft:glass":6,"minecraft:bone":1,"minecraft:oak_sign":1,"farmersdelight:iron_knife":1,"minecraft:acacia_planks":154,"minecraft:wheat_seeds":1,"minecraft:raw_gold":2,"minecraft:stone_pickaxe":2,"toughasnails:leaf_boots":4,"minecraft:beef":4,"minecraft:oak_fence_gate":2,"minecraft:oak_boat":8,"minecraft:mangrove_planks":88,"minecraft:chest":1,"minecraft:oak_planks":156,"minecraft:acacia_sapling":6,"minecraft:mangrove_log":78,"minecraft:furnace":5,"toughasnails:leaf_chestplate":5,"minecraft:stick":10,"minecraft:sandstone":37,"minecraft:cooked_porkchop":14,"minecraft:copper_ingot":106,"minecraft:acacia_log":158,"minecraft:jungle_planks":17,"minecraft:porkchop":11,"minecraft:sand":216,"minecraft:arrow":4,"toughasnails:water_purifier":1,"create:crimsite":106,"minecraft:stone_axe":2,"mowziesmobs:umvuthana_mask_bliss":1,"minecraft:mangrove_roots":5,"minecraft:black_wool":2,"minecraft:mangrove_propagule":1,"minecraft:mangrove_door":4,"minecraft:oak_sapling":22,"minecraft:coal":31,"minecraft:cobblestone":43},"minecraft:killed":{"minecraft:pig":5,"minecraft:pillager":1,"minecraft:zombie":1,"mowziesmobs:umvuthana_raptor":1,"minecraft:cow":1}},"DataVersion":3465}