{"stats":{"minecraft:used":{"minecraft:oak_sign":2,"minecraft:grass":1,"minecraft:oak_door":2,"minecraft:torch":1,"minecraft:acacia_sapling":2,"minecraft:snowball":1,"minecraft:grass_block":2,"minecraft:warped_stairs":1,"minecraft:tall_grass":2,"minecraft:goat_horn":4,"epicfight:skillbook":17,"minecraft:white_wool":1,"jujutsucraft:nyoi_staff":10,"minecraft:vine":1,"minecraft:crossbow":2,"minecraft:warped_planks":2,"minecraft:lever":2,"minecraft:spruce_trapdoor":1,"jujutsucraft:fester_life_blade":14,"minecraft:white_banner":9,"minecraft:white_concrete":2},"minecraft:dropped":{"minecraft:wheat_seeds":2,"minecraft:oak_pressure_plate":1,"minecraft:mangrove_propagule":1,"minecraft:crossbow":16,"minecraft:feather":2,"jujutsucraft:sword_black":3,"minecraft:spruce_door":2,"minecraft:grass":1,"minecraft:warped_stairs":1,"minecraft:stone_button":1,"minecraft:white_banner":4,"minecraft:mud":1,"minecraft:tripwire_hook":1,"minecraft:moss_carpet":17,"minecraft:lever":6,"jujutsucraft:supreme_martial_solution":1,"minecraft:tall_grass":2,"minecraft:chicken":1,"minecraft:birch_pressure_plate":1,"minecraft:green_banner":3,"jujutsucraft:sword_kusakabe":2,"minecraft:golden_sword":1,"jujutsucraft:hammer":1,"minecraft:beef":1,"jujutsucraft:uniform_normal_boots":3,"epicfight:skillbook":4},"minecraft:picked_up":{"minecraft:mud":1,"minecraft:chicken":1,"jujutsucraft:uniform_normal_boots":5,"jujutsucraft:cursed_technique_changer":2,"minecraft:warped_stairs":2,"minecraft:golden_sword":1,"minecraft:moss_carpet":17,"jujutsucraft:sword_ogi":1,"minecraft:oak_sign":2,"jujutsucraft:sword_black":2,"minecraft:beef":1,"minecraft:spruce_trapdoor":1,"minecraft:oak_door":2,"minecraft:torch":1,"epicfight:skillbook":9,"jujutsucraft:sword_okkotsu_yuta":1,"minecraft:stone_button":1,"minecraft:vine":1,"minecraft:warped_planks":2,"minecraft:green_banner":3,"jujutsucraft:naginata":1,"jujutsucraft:hammer":1,"minecraft:snowball":1,"minecraft:white_wool":1,"minecraft:feather":2,"minecraft:tripwire_hook":1,"jujutsucraft:sword_kusakabe":2,"minecraft:white_banner":13,"jujutsucraft:uniform_normal_leggings":1,"minecraft:birch_pressure_plate":1,"minecraft:wheat_seeds":2,"minecraft:tall_grass":4,"minecraft:acacia_sapling":2,"jujutsucraft:item_insect":1,"minecraft:oak_pressure_plate":1,"jujutsucraft:uniform_normal_chestplate":1,"minecraft:grass_block":2,"minecraft:spruce_door":2,"minecraft:lever":8,"minecraft:crossbow":16,"minecraft:grass":2,"minecraft:white_concrete":2,"minecraft:mangrove_propagule":1},"minecraft:killed":{"jujutsucraft:mimiko":2,"jujutsucraft:cursed_spirit_grade_32":4,"jujutsucraft:cursed_spirit_grade_21":1,"jujutsucraft:cursed_spirit_grade_31":6,"jujutsucraft:inumaki_toge":2,"jujutsucraft:cursed_spirit_grade_33":8,"jujutsucraft:stevenson_screen":1,"jujutsucraft:daido_hagane":2,"jujutsucraft:cursed_spirit_grade_11":1,"jujutsucraft:nanako":1,"jujutsucraft:charles_bernard":1,"jujutsucraft:doll_1":1,"jujutsucraft:cursed_spirit_grade_24":2,"jujutsucraft:cursed_spirit_grade_12":1,"jujutsucraft:cursed_spirit_grade_35":5,"jujutsucraft:yoshino_junpei":1,"jujutsucraft:cursed_spirit_grade_318":5,"jujutsucraft:cursed_spirit_grade_316":8,"jujutsucraft:cursed_spirit_grade_22":2,"jujutsucraft:transfigured_human_2":3,"jujutsucraft:cursed_spirit_grade_01":1,"jujutsucraft:cursed_spirit_grade_39":7,"jujutsucraft:fox_fire":15,"jujutsucraft:shigemo_haruta":3,"jujutsucraft:cursed_spirit_grade_312":2,"jujutsucraft:cursed_spirit_grade_313":4,"minecraft:chicken":1,"jujutsucraft:cursed_spirit_grade_15":1,"jujutsucraft:cursed_spirit_grade_19":1,"jujutsucraft:cursed_spirit_grade_16":1,"jujutsucraft:panda_normal":2,"jujutsucraft:rozetsu_shikigami":1,"jujutsucraft:cursed_spirit_grade_214":1,"jujutsucraft:eso":1,"jujutsucraft:cursed_spirit_grade_317":4,"jujutsucraft:cockroach_larva":13,"jujutsucraft:cursed_spirit_grade_38":3,"jujutsucraft:cursed_spirit_grade_34":10,"jujutsucraft:higuruma_hiromi":1,"jujutsucraft:kurusu_hana":1,"jujutsucraft:cursed_spirit_grade_27":1,"jujutsucraft:uraume":1,"minecraft:pig":1,"jujutsucraft:kukuru":5,"jujutsucraft:jujutsu_sorcerer":5,"jujutsucraft:cursed_spirit_grade_213":1,"minecraft:salmon":3,"jujutsucraft:zenin_jinichi":1,"minecraft:bat":5,"jujutsucraft:zenin_maki":1,"minecraft:frog":1,"jujutsucraft:curse_user_1":2,"jujutsucraft:curse_user":5,"jujutsucraft:yaga_masamichi":1,"jujutsucraft:itadori_yuji":1,"minecraft:squid":2,"jujutsucraft:cursed_spirit_grade_321":9,"minecraft:sheep":5,"jujutsucraft:panda_gorilla":2,"jujutsucraft:cursed_spirit_grade_29":2,"minecraft:pillager":245,"jujutsucraft:cursed_spirit_grade_314":14,"jujutsucraft:entity_scissors":4,"jujutsucraft:cursed_spirit_grade_311":4,"jujutsucraft:cursed_spirit_grade_310":4,"jujutsucraft:negi_toshihisa":1,"jujutsucraft:cursed_spirit_grade_18":1,"jujutsucraft:cursed_spirit_grade_36":11,"jujutsucraft:cursed_spirit_grade_25":4,"jujutsucraft:moon_dregs":2,"jujutsucraft:cursed_spirit_grade_315":3,"jujutsucraft:cursed_spirit_grade_212":1,"jujutsucraft:cursed_spirit_grade_319":6,"jujutsucraft:hoshi_kirara":2,"jujutsucraft:cursed_spirit_grade_322":3,"jujutsucraft:ice_spear":2,"minecraft:villager":2,"jujutsucraft:q":6,"jujutsucraft:ogami":1},"minecraft:mined":{"minecraft:spruce_trapdoor":1,"minecraft:white_concrete":2,"minecraft:spruce_leaves":3,"minecraft:snow":1,"minecraft:tall_grass":7,"minecraft:grass":5},"minecraft:killed_by":{"jujutsucraft:cursed_spirit_grade_14":3,"jujutsucraft:cursed_spirit_grade_05":1,"jujutsucraft:cursed_spirit_grade_03":1,"jujutsucraft:nanami_kento":1,"jujutsucraft:sukuna":2,"jujutsucraft:gojo_satoru":1},"minecraft:custom":{"minecraft:mob_kills":519,"minecraft:open_barrel":39,"minecraft:damage_dealt_resisted":146768,"minecraft:leave_game":1,"minecraft:time_since_death":9297,"minecraft:climb_one_cm":2164,"minecraft:damage_resisted":43673,"minecraft:sprint_one_cm":1459012,"minecraft:walk_one_cm":640543,"minecraft:drop":66,"minecraft:play_time":93828,"minecraft:deaths":9,"minecraft:sneak_time":416,"minecraft:walk_under_water_one_cm":17910,"minecraft:jump":1943,"minecraft:walk_on_water_one_cm":55496,"minecraft:total_world_time":93828,"minecraft:raid_trigger":1,"minecraft:time_since_rest":9322,"minecraft:damage_taken":11707,"minecraft:trigger_trapped_chest":10,"minecraft:damage_dealt":1042,"minecraft:swim_one_cm":62953,"minecraft:fly_one_cm":4784319,"minecraft:player_kills":1,"minecraft:open_chest":100,"minecraft:crouch_one_cm":738,"minecraft:fall_one_cm":277483}},"DataVersion":3465}