{"stats":{"minecraft:used":{"epicfight:skillbook":16,"minecraft:oak_sign":1,"minecraft:oak_door":1,"jujutsucraft:nyoi_staff":2,"minecraft:crossbow":2,"minecraft:warped_planks":2,"minecraft:lever":2,"jujutsucraft:fester_life_blade":14,"minecraft:warped_stairs":1,"minecraft:tall_grass":2,"minecraft:white_banner":5,"minecraft:goat_horn":2,"minecraft:white_concrete":2},"minecraft:dropped":{"minecraft:lever":6,"minecraft:wheat_seeds":2,"minecraft:oak_pressure_plate":1,"jujutsucraft:supreme_martial_solution":1,"minecraft:crossbow":12,"minecraft:tall_grass":1,"minecraft:chicken":1,"minecraft:feather":2,"minecraft:birch_pressure_plate":1,"jujutsucraft:sword_black":1,"minecraft:green_banner":3,"minecraft:spruce_door":2,"minecraft:warped_stairs":1,"minecraft:stone_button":1,"jujutsucraft:hammer":1,"minecraft:white_banner":3,"jujutsucraft:uniform_normal_boots":2,"minecraft:tripwire_hook":1,"epicfight:skillbook":4},"minecraft:picked_up":{"minecraft:feather":2,"minecraft:chicken":1,"minecraft:tripwire_hook":1,"jujutsucraft:uniform_normal_boots":4,"jujutsucraft:cursed_technique_changer":2,"minecraft:warped_stairs":2,"jujutsucraft:uniform_normal_leggings":1,"minecraft:white_banner":8,"minecraft:birch_pressure_plate":1,"minecraft:oak_sign":1,"minecraft:wheat_seeds":2,"minecraft:tall_grass":3,"minecraft:oak_door":1,"jujutsucraft:item_insect":1,"minecraft:oak_pressure_plate":1,"epicfight:skillbook":8,"jujutsucraft:uniform_normal_chestplate":1,"minecraft:stone_button":1,"minecraft:warped_planks":2,"minecraft:spruce_door":2,"minecraft:green_banner":3,"jujutsucraft:naginata":1,"minecraft:lever":8,"minecraft:crossbow":12,"jujutsucraft:hammer":1,"minecraft:white_concrete":2},"minecraft:killed":{"jujutsucraft:mimiko":1,"jujutsucraft:cursed_spirit_grade_32":3,"jujutsucraft:cursed_spirit_grade_21":1,"jujutsucraft:cursed_spirit_grade_31":2,"jujutsucraft:cursed_spirit_grade_33":3,"minecraft:pig":1,"jujutsucraft:kukuru":4,"jujutsucraft:nanako":1,"jujutsucraft:jujutsu_sorcerer":4,"minecraft:salmon":1,"minecraft:bat":1,"jujutsucraft:cursed_spirit_grade_35":3,"jujutsucraft:cursed_spirit_grade_318":2,"minecraft:frog":1,"jujutsucraft:curse_user_1":2,"jujutsucraft:cursed_spirit_grade_316":5,"jujutsucraft:curse_user":3,"jujutsucraft:cursed_spirit_grade_22":1,"jujutsucraft:transfigured_human_2":1,"jujutsucraft:cursed_spirit_grade_321":5,"minecraft:sheep":3,"jujutsucraft:cursed_spirit_grade_39":2,"jujutsucraft:fox_fire":15,"minecraft:pillager":219,"jujutsucraft:shigemo_haruta":1,"jujutsucraft:cursed_spirit_grade_314":7,"jujutsucraft:cursed_spirit_grade_313":3,"jujutsucraft:cursed_spirit_grade_310":2,"jujutsucraft:negi_toshihisa":1,"minecraft:chicken":1,"jujutsucraft:cursed_spirit_grade_18":1,"jujutsucraft:cursed_spirit_grade_36":6,"jujutsucraft:cursed_spirit_grade_25":2,"jujutsucraft:moon_dregs":1,"jujutsucraft:cursed_spirit_grade_315":2,"jujutsucraft:cursed_spirit_grade_317":2,"jujutsucraft:cockroach_larva":9,"jujutsucraft:cursed_spirit_grade_38":2,"jujutsucraft:cursed_spirit_grade_34":5,"jujutsucraft:cursed_spirit_grade_319":1,"jujutsucraft:hoshi_kirara":1,"jujutsucraft:cursed_spirit_grade_322":1,"minecraft:villager":2,"jujutsucraft:q":5},"minecraft:mined":{"minecraft:white_concrete":2,"minecraft:tall_grass":7,"minecraft:grass":5},"minecraft:killed_by":{"jujutsucraft:cursed_spirit_grade_14":3,"jujutsucraft:cursed_spirit_grade_05":1,"jujutsucraft:cursed_spirit_grade_03":1},"minecraft:custom":{"minecraft:mob_kills":344,"minecraft:open_barrel":8,"minecraft:raid_trigger":1,"minecraft:damage_dealt_resisted":41308,"minecraft:time_since_death":11312,"minecraft:damage_resisted":14943,"minecraft:time_since_rest":11339,"minecraft:sprint_one_cm":789267,"minecraft:damage_taken":4565,"minecraft:walk_one_cm":323843,"minecraft:trigger_trapped_chest":2,"minecraft:drop":44,"minecraft:damage_dealt":240,"minecraft:swim_one_cm":13052,"minecraft:fly_one_cm":1540250,"minecraft:player_kills":1,"minecraft:open_chest":79,"minecraft:crouch_one_cm":539,"minecraft:play_time":39932,"minecraft:deaths":5,"minecraft:sneak_time":257,"minecraft:walk_under_water_one_cm":7404,"minecraft:jump":836,"minecraft:walk_on_water_one_cm":26528,"minecraft:total_world_time":39932,"minecraft:fall_one_cm":95379}},"DataVersion":3465}