{"stats":{"minecraft:used":{"epicfight:skillbook":16,"minecraft:tall_grass":1,"minecraft:goat_horn":1,"minecraft:white_banner":4},"minecraft:dropped":{"minecraft:chicken":1,"minecraft:feather":2,"minecraft:crossbow":10,"minecraft:tall_grass":1,"jujutsucraft:hammer":1,"minecraft:white_banner":3,"jujutsucraft:uniform_normal_boots":1,"epicfight:skillbook":4},"minecraft:picked_up":{"minecraft:feather":2,"minecraft:chicken":1,"jujutsucraft:item_insect":1,"jujutsucraft:uniform_normal_boots":3,"epicfight:skillbook":8,"jujutsucraft:cursed_technique_changer":2,"jujutsucraft:uniform_normal_chestplate":1,"minecraft:white_banner":7,"jujutsucraft:uniform_normal_leggings":1,"minecraft:crossbow":10,"jujutsucraft:hammer":1,"minecraft:tall_grass":2},"minecraft:killed":{"jujutsucraft:cursed_spirit_grade_21":1,"jujutsucraft:cursed_spirit_grade_39":1,"jujutsucraft:cursed_spirit_grade_31":1,"minecraft:pillager":185,"jujutsucraft:cursed_spirit_grade_33":1,"jujutsucraft:cursed_spirit_grade_314":1,"jujutsucraft:cursed_spirit_grade_310":1,"jujutsucraft:jujutsu_sorcerer":2,"minecraft:chicken":1,"minecraft:bat":1,"jujutsucraft:cursed_spirit_grade_25":2,"jujutsucraft:cursed_spirit_grade_318":1,"jujutsucraft:cursed_spirit_grade_316":3,"jujutsucraft:curse_user_1":2,"minecraft:frog":1,"jujutsucraft:cursed_spirit_grade_315":2,"jujutsucraft:cursed_spirit_grade_34":2,"jujutsucraft:curse_user":1,"jujutsucraft:cursed_spirit_grade_322":1,"minecraft:villager":2,"jujutsucraft:cursed_spirit_grade_321":2},"minecraft:killed_by":{"jujutsucraft:cursed_spirit_grade_14":3,"jujutsucraft:cursed_spirit_grade_05":1},"minecraft:custom":{"minecraft:time_since_rest":5152,"minecraft:sprint_one_cm":214327,"minecraft:damage_taken":2332,"minecraft:walk_one_cm":124374,"minecraft:mob_kills":216,"minecraft:drop":23,"minecraft:damage_dealt":240,"minecraft:swim_one_cm":6666,"minecraft:fly_one_cm":539786,"minecraft:player_kills":1,"minecraft:open_chest":1,"minecraft:crouch_one_cm":64,"minecraft:play_time":15932,"minecraft:deaths":4,"minecraft:raid_trigger":1,"minecraft:sneak_time":87,"minecraft:walk_under_water_one_cm":5238,"minecraft:jump":315,"minecraft:damage_dealt_resisted":6931,"minecraft:walk_on_water_one_cm":4852,"minecraft:time_since_death":5128,"minecraft:total_world_time":15932,"minecraft:damage_resisted":5957,"minecraft:fall_one_cm":28561}},"DataVersion":3465}