{"stats":{"minecraft:crafted":{"minecraft:stick":4,"minecraft:wooden_pickaxe":1,"minecraft:wooden_axe":1,"minecraft:acacia_planks":48},"minecraft:used":{"minecraft:wooden_axe":55,"minecraft:wooden_pickaxe":34,"minecraft:potion":1,"minecraft:oak_sapling":1,"mowziesmobs:umvuthana_mask_fury":1,"minecraft:acacia_planks":37},"minecraft:killed_by":{"sanitydim:rotting_stalker":1},"minecraft:mined":{"minecraft:tall_seagrass":1,"minecraft:acacia_leaves":13,"minecraft:torch":1,"minecraft:acacia_log":42,"minecraft:oak_log":5,"create:crimsite":34},"minecraft:dropped":{"minecraft:acacia_sapling":2,"minecraft:acacia_log":3},"minecraft:custom":{"minecraft:time_since_rest":11744,"minecraft:interact_with_furnace":1,"minecraft:sprint_one_cm":73361,"minecraft:damage_taken":495,"minecraft:walk_one_cm":67079,"minecraft:mob_kills":2,"minecraft:drop":3,"minecraft:damage_dealt":255,"minecraft:swim_one_cm":26106,"minecraft:interact_with_crafting_table":1,"minecraft:fly_one_cm":109898,"minecraft:open_chest":7,"minecraft:crouch_one_cm":6381,"minecraft:play_time":27614,"minecraft:deaths":2,"minecraft:sneak_time":2133,"minecraft:walk_under_water_one_cm":2497,"minecraft:jump":489,"minecraft:leave_game":1,"minecraft:walk_on_water_one_cm":12339,"minecraft:time_since_death":11717,"minecraft:climb_one_cm":249,"minecraft:total_world_time":27614,"minecraft:fall_one_cm":11130},"minecraft:picked_up":{"toughasnails:leaf_chestplate":1,"toughasnails:leaf_leggings":1,"mowziesmobs:umvuthana_mask_fury":2,"minecraft:stick":2,"minecraft:feather":1,"minecraft:acacia_log":44,"minecraft:oak_log":5,"create:crimsite":34,"toughasnails:leaf_boots":1,"minecraft:beef":2,"minecraft:oak_sapling":1,"minecraft:acacia_sapling":3,"minecraft:cobblestone":1},"minecraft:killed":{"mowziesmobs:umvuthana_raptor":1,"minecraft:cow":1}},"DataVersion":3465}