{"stats":{"minecraft:crafted":{"minecraft:oak_planks":64,"minecraft:stone_shovel":1,"minecraft:cooked_porkchop":11,"minecraft:wooden_pickaxe":1,"minecraft:copper_ingot":54,"minecraft:mangrove_planks":32,"minecraft:stone_axe":2,"minecraft:air":0,"minecraft:glass":44,"minecraft:stick":12,"minecraft:iron_ingot":9,"minecraft:stone_pickaxe":1,"minecraft:wooden_axe":2,"minecraft:acacia_planks":412},"minecraft:used":{"farmersdelight:iron_knife":1,"toughasnails:leaf_leggings":1,"minecraft:acacia_log":1,"toughasnails:water_purifier":1,"minecraft:stone_pickaxe":33,"minecraft:glass_bottle":27,"minecraft:stone_shovel":90,"minecraft:mangrove_planks":25,"minecraft:oak_planks":117,"create:crimsite":5,"minecraft:chest":1,"minecraft:wooden_pickaxe":59,"minecraft:sandstone":19,"minecraft:acacia_sapling":3,"minecraft:glass":91,"minecraft:wooden_axe":115,"minecraft:mangrove_log":9,"minecraft:mangrove_door":2,"toughasnails:leaf_chestplate":1,"minecraft:stone_axe":243,"minecraft:furnace":5,"minecraft:potion":25,"minecraft:beef":2,"minecraft:oak_sapling":1,"minecraft:cooked_porkchop":6,"mowziesmobs:umvuthana_mask_fury":1,"minecraft:oak_boat":3,"minecraft:acacia_planks":418},"minecraft:killed_by":{"sanitydim:rotting_stalker":2},"minecraft:broken":{"minecraft:stone_axe":1,"minecraft:wooden_axe":3,"minecraft:wooden_pickaxe":1},"minecraft:mined":{"minecraft:acacia_leaves":22,"toughasnails:water_purifier":1,"minecraft:jungle_leaves":1,"minecraft:mangrove_roots":4,"minecraft:torch":1,"minecraft:acacia_log":129,"minecraft:mangrove_door":2,"minecraft:chest":1,"minecraft:jungle_log":43,"minecraft:glass":3,"minecraft:cobblestone":19,"minecraft:oak_planks":23,"minecraft:sandstone":28,"minecraft:tall_seagrass":1,"minecraft:furnace":5,"minecraft:mangrove_leaves":15,"minecraft:mangrove_planks":1,"minecraft:grass":1,"minecraft:oak_log":17,"minecraft:vine":17,"minecraft:sand":91,"minecraft:mangrove_log":45,"minecraft:acacia_planks":41,"create:crimsite":39,"minecraft:oak_leaves":3},"minecraft:custom":{"minecraft:interact_with_furnace":42,"minecraft:mob_kills":9,"minecraft:interact_with_crafting_table":6,"minecraft:leave_game":1,"minecraft:time_since_death":67976,"minecraft:sleep_in_bed":6,"minecraft:climb_one_cm":3061,"minecraft:time_since_rest":28084,"minecraft:sprint_one_cm":278649,"minecraft:damage_taken":1234,"minecraft:walk_one_cm":291060,"minecraft:drop":41,"minecraft:damage_dealt":1198,"minecraft:swim_one_cm":58300,"minecraft:fly_one_cm":450520,"minecraft:open_chest":24,"minecraft:crouch_one_cm":54746,"minecraft:play_time":129614,"minecraft:deaths":4,"minecraft:sneak_time":17090,"minecraft:walk_under_water_one_cm":9284,"minecraft:boat_one_cm":109710,"minecraft:jump":2496,"minecraft:walk_on_water_one_cm":34718,"minecraft:total_world_time":129614,"minecraft:fall_one_cm":37464},"minecraft:dropped":{"farmersdelight:iron_knife":1,"minecraft:stone_axe":1,"toughasnails:leaf_chestplate":1,"minecraft:wheat_seeds":1,"minecraft:oak_log":7,"minecraft:cooked_porkchop":9,"minecraft:feather":2,"minecraft:cobblestone":9,"minecraft:clay_ball":4,"minecraft:oak_planks":54,"create:crimsite":68,"minecraft:acacia_log":12,"minecraft:stick":4,"minecraft:wooden_axe":1,"minecraft:acacia_sapling":3,"toughasnails:leaf_boots":1,"minecraft:beef":2,"minecraft:wooden_pickaxe":2,"toughasnails:leaf_leggings":1,"minecraft:acacia_planks":10,"mowziesmobs:umvuthana_mask_fury":1},"minecraft:picked_up":{"minecraft:wooden_axe":3,"toughasnails:leaf_leggings":3,"mowziesmobs:umvuthana_mask_fury":4,"minecraft:feather":3,"minecraft:clay_ball":4,"minecraft:jungle_log":43,"minecraft:potion":2,"toughasnails:leaf_helmet":1,"minecraft:wooden_pickaxe":3,"minecraft:oak_log":23,"minecraft:brick":3,"minecraft:oak_sign":1,"farmersdelight:iron_knife":1,"minecraft:acacia_planks":35,"minecraft:wheat_seeds":1,"minecraft:stone_pickaxe":1,"toughasnails:leaf_boots":3,"minecraft:beef":4,"minecraft:oak_fence_gate":2,"minecraft:oak_boat":4,"minecraft:chest":1,"minecraft:oak_planks":122,"minecraft:acacia_sapling":6,"minecraft:mangrove_log":44,"minecraft:furnace":5,"toughasnails:leaf_chestplate":4,"minecraft:stick":8,"minecraft:sandstone":28,"minecraft:cooked_porkchop":9,"minecraft:copper_ingot":42,"minecraft:acacia_log":137,"minecraft:porkchop":11,"minecraft:sand":152,"toughasnails:water_purifier":1,"create:crimsite":106,"minecraft:stone_axe":1,"minecraft:mangrove_roots":3,"minecraft:black_wool":2,"minecraft:mangrove_propagule":1,"minecraft:mangrove_door":2,"minecraft:oak_sapling":1,"minecraft:coal":31,"minecraft:cobblestone":24},"minecraft:killed":{"minecraft:pig":5,"minecraft:pillager":1,"minecraft:zombie":1,"mowziesmobs:umvuthana_raptor":1,"minecraft:cow":1}},"DataVersion":3465}