{"stats":{"minecraft:crafted":{"minecraft:oak_planks":12,"minecraft:stone_shovel":1,"minecraft:cooked_porkchop":11,"minecraft:wooden_pickaxe":1,"minecraft:stone_axe":1,"minecraft:air":0,"minecraft:stick":8,"minecraft:wooden_axe":2,"minecraft:acacia_planks":412},"minecraft:used":{"toughasnails:leaf_leggings":1,"minecraft:acacia_log":1,"minecraft:glass_bottle":16,"minecraft:stone_shovel":90,"minecraft:oak_planks":15,"create:crimsite":5,"minecraft:wooden_pickaxe":51,"minecraft:acacia_sapling":3,"minecraft:wooden_axe":115,"minecraft:mangrove_door":2,"toughasnails:leaf_chestplate":1,"minecraft:stone_axe":108,"minecraft:potion":15,"minecraft:beef":2,"minecraft:oak_sapling":1,"minecraft:cooked_porkchop":4,"mowziesmobs:umvuthana_mask_fury":1,"minecraft:acacia_planks":417},"minecraft:killed_by":{"sanitydim:rotting_stalker":2},"minecraft:broken":{"minecraft:wooden_axe":3},"minecraft:mined":{"minecraft:acacia_leaves":22,"minecraft:torch":1,"minecraft:acacia_log":129,"minecraft:mangrove_door":2,"minecraft:oak_planks":15,"minecraft:sandstone":14,"minecraft:tall_seagrass":1,"minecraft:grass":1,"minecraft:oak_log":9,"minecraft:vine":2,"minecraft:sand":91,"minecraft:acacia_planks":41,"create:crimsite":37,"minecraft:oak_leaves":3},"minecraft:dropped":{"minecraft:stone_axe":1,"toughasnails:leaf_chestplate":1,"minecraft:wheat_seeds":1,"minecraft:oak_log":7,"minecraft:cooked_porkchop":9,"minecraft:feather":2,"minecraft:cobblestone":9,"minecraft:oak_planks":54,"create:crimsite":68,"minecraft:acacia_log":12,"minecraft:stick":4,"minecraft:wooden_axe":1,"minecraft:acacia_sapling":3,"toughasnails:leaf_boots":1,"minecraft:beef":2,"minecraft:wooden_pickaxe":2,"toughasnails:leaf_leggings":1,"minecraft:acacia_planks":10,"mowziesmobs:umvuthana_mask_fury":1},"minecraft:custom":{"minecraft:interact_with_furnace":5,"minecraft:mob_kills":8,"minecraft:interact_with_crafting_table":4,"minecraft:leave_game":1,"minecraft:time_since_death":31976,"minecraft:sleep_in_bed":5,"minecraft:climb_one_cm":1142,"minecraft:time_since_rest":7201,"minecraft:sprint_one_cm":225530,"minecraft:damage_taken":1130,"minecraft:walk_one_cm":208502,"minecraft:drop":36,"minecraft:damage_dealt":933,"minecraft:swim_one_cm":51870,"minecraft:fly_one_cm":380904,"minecraft:open_chest":17,"minecraft:crouch_one_cm":45612,"minecraft:play_time":93614,"minecraft:deaths":4,"minecraft:sneak_time":14782,"minecraft:walk_under_water_one_cm":7265,"minecraft:jump":1711,"minecraft:walk_on_water_one_cm":25230,"minecraft:total_world_time":93614,"minecraft:fall_one_cm":28900},"minecraft:picked_up":{"minecraft:wooden_axe":3,"toughasnails:leaf_leggings":3,"mowziesmobs:umvuthana_mask_fury":4,"minecraft:feather":3,"minecraft:wooden_pickaxe":3,"minecraft:oak_log":16,"minecraft:acacia_planks":33,"minecraft:wheat_seeds":1,"toughasnails:leaf_boots":3,"minecraft:beef":4,"minecraft:oak_planks":116,"minecraft:acacia_sapling":6,"toughasnails:leaf_chestplate":3,"minecraft:stick":6,"minecraft:sandstone":13,"minecraft:cooked_porkchop":9,"minecraft:acacia_log":137,"minecraft:porkchop":11,"minecraft:sand":90,"create:crimsite":105,"minecraft:stone_axe":1,"minecraft:mangrove_door":2,"minecraft:oak_sapling":1,"minecraft:cobblestone":10},"minecraft:killed":{"minecraft:pig":5,"minecraft:pillager":1,"mowziesmobs:umvuthana_raptor":1,"minecraft:cow":1}},"DataVersion":3465}