{"stats":{"minecraft:crafted":{"minecraft:oak_planks":12,"minecraft:cooked_porkchop":11,"minecraft:stick":4,"minecraft:wooden_pickaxe":1,"minecraft:wooden_axe":2,"minecraft:acacia_planks":164,"minecraft:air":0},"minecraft:used":{"minecraft:wooden_axe":93,"minecraft:mangrove_door":2,"minecraft:glass_bottle":6,"create:crimsite":2,"minecraft:wooden_pickaxe":36,"minecraft:potion":8,"minecraft:beef":2,"minecraft:cooked_porkchop":2,"minecraft:oak_sapling":1,"mowziesmobs:umvuthana_mask_fury":1,"minecraft:acacia_sapling":1,"minecraft:acacia_planks":165},"minecraft:killed_by":{"sanitydim:rotting_stalker":1},"minecraft:broken":{"minecraft:wooden_axe":2},"minecraft:mined":{"minecraft:tall_seagrass":1,"minecraft:acacia_leaves":14,"minecraft:torch":1,"minecraft:acacia_log":55,"minecraft:mangrove_door":2,"minecraft:oak_log":5,"minecraft:acacia_planks":17,"create:crimsite":36},"minecraft:dropped":{"minecraft:wheat_seeds":1,"toughasnails:leaf_chestplate":1,"minecraft:oak_log":5,"toughasnails:leaf_boots":1,"minecraft:acacia_sapling":3,"minecraft:feather":1,"minecraft:cobblestone":1,"minecraft:wooden_pickaxe":1,"minecraft:beef":2,"create:crimsite":34,"toughasnails:leaf_leggings":1,"minecraft:acacia_log":12,"minecraft:acacia_planks":1,"mowziesmobs:umvuthana_mask_fury":1,"minecraft:stick":2},"minecraft:custom":{"minecraft:time_since_rest":11838,"minecraft:interact_with_furnace":4,"minecraft:sprint_one_cm":141723,"minecraft:damage_taken":765,"minecraft:walk_one_cm":129356,"minecraft:mob_kills":7,"minecraft:drop":21,"minecraft:damage_dealt":755,"minecraft:swim_one_cm":42971,"minecraft:interact_with_crafting_table":2,"minecraft:fly_one_cm":229546,"minecraft:open_chest":12,"minecraft:crouch_one_cm":17983,"minecraft:play_time":51614,"minecraft:deaths":3,"minecraft:sneak_time":5231,"minecraft:walk_under_water_one_cm":5896,"minecraft:jump":1048,"minecraft:leave_game":1,"minecraft:walk_on_water_one_cm":22365,"minecraft:time_since_death":19688,"minecraft:sleep_in_bed":1,"minecraft:climb_one_cm":718,"minecraft:total_world_time":51614,"minecraft:fall_one_cm":18018},"minecraft:picked_up":{"toughasnails:leaf_chestplate":2,"toughasnails:leaf_leggings":2,"mowziesmobs:umvuthana_mask_fury":3,"minecraft:stick":4,"minecraft:feather":2,"minecraft:wooden_pickaxe":1,"minecraft:acacia_log":66,"minecraft:porkchop":11,"minecraft:oak_log":10,"create:crimsite":70,"minecraft:acacia_planks":14,"minecraft:wheat_seeds":1,"toughasnails:leaf_boots":2,"minecraft:beef":4,"minecraft:mangrove_door":2,"minecraft:oak_sapling":1,"minecraft:oak_planks":47,"minecraft:acacia_sapling":4,"minecraft:cobblestone":2,"minecraft:wooden_axe":1},"minecraft:killed":{"minecraft:pig":5,"mowziesmobs:umvuthana_raptor":1,"minecraft:cow":1}},"DataVersion":3465}