{"stats":{"minecraft:killed_by":{"minecraft:creeper":1,"sanitydim:rotting_stalker":6,"man:managgresive":3,"minecraft:player":3,"minecraft:skeleton":4,"mowziesmobs:umvuthana_raptor":1},"minecraft:mined":{"minecraft:white_bed":2,"minecraft:oak_sapling":3,"minecraft:jungle_leaves":1,"farmersdelight:canvas_rug":9,"minecraft:granite":60,"minecraft:acacia_log":137,"minecraft:mangrove_door":2,"minecraft:jungle_log":43,"minecraft:tall_seagrass":20,"minecraft:iron_ore":47,"minecraft:fire":6,"minecraft:moss_carpet":4,"minecraft:pink_tulip":4,"minecraft:azalea_leaves":1,"minecraft:clay":17,"minecraft:torch":12,"minecraft:chest":6,"minecraft:dead_bush":1,"minecraft:glass":3,"minecraft:cobblestone":33,"minecraft:oak_planks":43,"minecraft:bricks":1,"minecraft:wall_torch":19,"minecraft:seagrass":8,"minecraft:birch_log":2,"minecraft:tnt":3,"minecraft:grass":768,"minecraft:oak_log":141,"minecraft:sand":2098,"minecraft:dirt":110,"minecraft:mangrove_log":139,"create:crimsite":39,"minecraft:oak_leaves":53,"create:zinc_ore":19,"minecraft:mangrove_roots":8,"minecraft:glow_lichen":5,"minecraft:ladder":1,"minecraft:allium":10,"minecraft:jungle_planks":17,"minecraft:sandstone":155,"minecraft:large_fern":2,"minecraft:oak_trapdoor":1,"minecraft:furnace":5,"minecraft:andesite":484,"minecraft:vine":19,"minecraft:stone":152,"minecraft:white_tulip":3,"minecraft:acacia_leaves":102,"minecraft:lily_of_the_valley":1,"toughasnails:water_purifier":1,"minecraft:crafting_table":1,"minecraft:cornflower":2,"minecraft:emerald_ore":1,"minecraft:tall_grass":64,"minecraft:copper_ore":19,"minecraft:lily_pad":3,"minecraft:birch_leaves":23,"minecraft:mangrove_planks":26,"minecraft:mangrove_leaves":79,"minecraft:white_wall_banner":3,"minecraft:coal_ore":7,"minecraft:dripstone_block":1,"minecraft:acacia_planks":54,"minecraft:fern":3},"minecraft:crafted":{"minecraft:oak_planks":548,"farmersdelight:canvas":42,"toughasnails:leaf_leggings":4,"minecraft:glass":44,"minecraft:chest":11,"toughasnails:leaf_helmet":1,"minecraft:white_banner":1,"toughasnails:leaf_boots":4,"minecraft:cooked_porkchop":11,"minecraft:crafting_table":4,"minecraft:wooden_pickaxe":1,"minecraft:copper_ingot":54,"farmersdelight:canvas_rug":84,"minecraft:birch_planks":8,"minecraft:painting":2,"minecraft:tnt":5,"minecraft:stick":144,"minecraft:iron_ingot":18,"minecraft:iron_pickaxe":2,"minecraft:sandstone":12,"minecraft:shears":1,"toughasnails:empty_canteen":1,"minecraft:stone_shovel":16,"minecraft:acacia_fence_gate":4,"minecraft:bone_meal":6,"minecraft:oak_trapdoor":4,"minecraft:ladder":12,"minecraft:stone_pickaxe":4,"toughasnails:leaf_chestplate":3,"minecraft:mangrove_planks":496,"minecraft:bucket":1,"minecraft:stone_axe":7,"minecraft:jungle_planks":72,"minecraft:air":0,"minecraft:oak_boat":2,"minecraft:wooden_axe":2,"minecraft:acacia_planks":456,"minecraft:torch":80,"create:zinc_ingot":83},"minecraft:dropped":{"farmersdelight:iron_knife":4,"minecraft:oak_log":10,"minecraft:glass_bottle":1,"minecraft:cooked_porkchop":20,"minecraft:mangrove_planks":91,"create:crimsite":68,"minecraft:dirt":9,"mowziesmobs:umvuthana_mask_bliss":2,"minecraft:cornflower":2,"minecraft:sand":76,"minecraft:iron_pickaxe":3,"minecraft:bone":2,"minecraft:gravel":1,"minecraft:stone_axe":10,"minecraft:mangrove_roots":6,"minecraft:rotten_flesh":18,"minecraft:oak_planks":186,"minecraft:gunpowder":3,"minecraft:jungle_log":56,"minecraft:acacia_sapling":4,"minecraft:ladder":4,"minecraft:arrow":5,"minecraft:glass":18,"minecraft:beef":2,"farmersdelight:fish_stew":1,"mowziesmobs:umvuthana_mask_fury":4,"minecraft:egg":192,"minecraft:water_bucket":2,"minecraft:bread":27,"toughasnails:water_canteen":2,"minecraft:wheat_seeds":112,"minecraft:tnt":1,"minecraft:feather":2,"minecraft:cobblestone":46,"mowziesmobs:umvuthana_mask_fear":1,"minecraft:acacia_log":75,"minecraft:stick":16,"farmersdelight:cabbage_rolls":2,"farmersdelight:golden_knife":1,"minecraft:torch":43,"minecraft:wooden_axe":1,"toughasnails:leaf_boots":7,"minecraft:potion":6,"minecraft:white_banner":1,"toughasnails:leaf_leggings":7,"minecraft:string":3,"minecraft:lily_pad":34,"minecraft:acacia_planks":190,"minecraft:pink_tulip":6,"minecraft:moss_carpet":2,"toughasnails:leaf_chestplate":5,"minecraft:bowl":1,"minecraft:stone_shovel":4,"minecraft:clay_ball":4,"minecraft:shears":2,"minecraft:lily_of_the_valley":2,"minecraft:shield":2,"minecraft:allium":6,"farmersdelight:fried_egg":217,"minecraft:iron_chestplate":2,"minecraft:andesite":652,"minecraft:oak_boat":5,"minecraft:sandstone":28,"minecraft:stone_pickaxe":5,"minecraft:wooden_pickaxe":2,"minecraft:brick":3},"minecraft:killed":{"minecraft:spider":2,"minecraft:skeleton":7,"minecraft:pig":5,"minecraft:creeper":6,"minecraft:pillager":1,"minecraft:zombie":12,"mowziesmobs:umvuthana_raptor":1,"minecraft:cow":2,"minecraft:drowned":2},"minecraft:broken":{"mowziesmobs:umvuthana_mask_fear":1,"minecraft:iron_shovel":1,"toughasnails:leaf_boots":5,"toughasnails:leaf_chestplate":5,"minecraft:stone_pickaxe":3,"minecraft:stone_axe":5,"minecraft:wooden_axe":3,"minecraft:stone_shovel":13,"toughasnails:leaf_leggings":5,"toughasnails:water_canteen":1,"minecraft:wooden_pickaxe":1,"minecraft:iron_pickaxe":2},"minecraft:used":{"minecraft:moss_carpet":3,"minecraft:iron_shovel":251,"mowziesmobs:umvuthana_mask_fear":4,"farmersdelight:cabbage_rolls":2,"minecraft:ladder":13,"minecraft:chest":19,"minecraft:shield":26,"minecraft:iron_chestplate":1,"farmersdelight:fish_stew":2,"minecraft:jungle_planks":17,"minecraft:acacia_sapling":3,"minecraft:glass":91,"minecraft:mangrove_log":15,"minecraft:bricks":1,"minecraft:mangrove_roots":4,"minecraft:furnace":5,"minecraft:oak_sapling":15,"minecraft:mangrove_slab":1,"minecraft:egg":1,"minecraft:stone_pickaxe":394,"minecraft:oak_planks":619,"minecraft:mangrove_planks":524,"create:crimsite":5,"minecraft:wooden_pickaxe":59,"minecraft:sandstone":40,"minecraft:sugar_cane":7,"toughasnails:water_canteen":74,"minecraft:sand":1540,"minecraft:dripstone_block":1,"minecraft:shears":143,"minecraft:mangrove_door":2,"minecraft:bread":13,"minecraft:andesite":13,"minecraft:oak_boat":29,"minecraft:oak_trapdoor":5,"minecraft:white_tulip":2,"minecraft:acacia_log":1,"minecraft:flint_and_steel":2,"toughasnails:water_purifier":1,"minecraft:stone_shovel":1936,"toughasnails:leaf_boots":3,"minecraft:torch":114,"toughasnails:empty_canteen":2,"farmersdelight:beef_patty":2,"minecraft:wooden_axe":115,"farmersdelight:canvas_rug":93,"minecraft:beef":2,"minecraft:cooked_beef":1,"minecraft:acacia_planks":426,"farmersdelight:fried_egg":56,"farmersdelight:iron_knife":834,"minecraft:water_bucket":71,"toughasnails:leaf_leggings":2,"minecraft:glass_bottle":111,"minecraft:tnt":4,"minecraft:crafting_table":5,"minecraft:white_bed":2,"minecraft:painting":40,"minecraft:oak_log":3,"minecraft:apple":1,"minecraft:iron_pickaxe":578,"toughasnails:leaf_chestplate":2,"minecraft:acacia_fence_gate":4,"minecraft:stone_axe":706,"farmersdelight:cooked_bacon":1,"minecraft:cobblestone":12,"minecraft:potion":110,"mowziesmobs:umvuthana_mask_fury":1,"minecraft:white_banner":4,"minecraft:cooked_porkchop":9,"minecraft:bucket":72},"minecraft:custom":{"minecraft:interact_with_crafting_table":80,"minecraft:leave_game":8,"minecraft:time_since_death":25281,"minecraft:sprint_one_cm":1124147,"minecraft:damage_blocked_by_shield":1335,"minecraft:drop":312,"minecraft:talked_to_villager":1,"minecraft:play_time":591896,"minecraft:deaths":25,"minecraft:jump":9443,"minecraft:walk_on_water_one_cm":321793,"minecraft:interact_with_furnace":104,"minecraft:sleep_in_bed":33,"minecraft:damage_dealt":7611,"minecraft:crouch_one_cm":82644,"minecraft:interact_with_anvil":1,"minecraft:mob_kills":39,"minecraft:climb_one_cm":32102,"minecraft:walk_one_cm":1447184,"minecraft:sneak_time":32043,"minecraft:walk_under_water_one_cm":158526,"minecraft:boat_one_cm":734969,"minecraft:total_world_time":591896,"minecraft:time_since_rest":23781,"minecraft:damage_taken":8335,"minecraft:swim_one_cm":355935,"minecraft:fly_one_cm":1752216,"minecraft:open_chest":323,"minecraft:fall_one_cm":195553},"minecraft:picked_up":{"minecraft:wooden_axe":3,"toughasnails:leaf_leggings":14,"sereneseasons:calendar":2,"minecraft:iron_chestplate":4,"farmersdelight:cabbage_rolls":8,"minecraft:lead":3,"minecraft:potion":23,"minecraft:string":6,"minecraft:raw_copper":78,"minecraft:oak_sign":1,"minecraft:bucket":1,"toughasnails:leaf_boots":14,"minecraft:white_tulip":4,"minecraft:iron_pickaxe":7,"minecraft:azalea_leaves":2,"minecraft:mangrove_log":139,"minecraft:furnace":5,"minecraft:stick":48,"minecraft:torch":179,"minecraft:acacia_log":237,"minecraft:porkchop":11,"farmersdelight:fried_egg":461,"minecraft:rotten_flesh":34,"farmersdelight:onion":1,"minecraft:mangrove_roots":22,"minecraft:mangrove_door":4,"minecraft:cobblestone":259,"minecraft:birch_log":2,"minecraft:feather":59,"minecraft:cooked_beef":3,"minecraft:andesite":1081,"minecraft:water_bucket":2,"minecraft:jungle_log":112,"minecraft:acacia_leaves":75,"toughasnails:leaf_helmet":1,"create:raw_zinc":57,"minecraft:mangrove_slab":1,"minecraft:dirt":145,"minecraft:glass":30,"minecraft:bone":18,"farmersdelight:iron_knife":11,"minecraft:acacia_planks":476,"minecraft:wheat_seeds":115,"minecraft:raw_gold":2,"minecraft:oak_planks":534,"minecraft:cooked_porkchop":24,"minecraft:jungle_planks":17,"minecraft:sand":2701,"minecraft:lily_of_the_valley":2,"toughasnails:water_purifier":1,"toughasnails:water_canteen":3,"create:crimsite":106,"minecraft:granite":178,"minecraft:bone_meal":12,"minecraft:emerald":6,"minecraft:bread":122,"minecraft:oak_sapling":36,"minecraft:bricks":1,"minecraft:oak_leaves":29,"minecraft:crafting_table":1,"minecraft:allium":6,"minecraft:ladder":13,"minecraft:clay_ball":72,"minecraft:wooden_pickaxe":4,"minecraft:brick":3,"minecraft:shield":7,"minecraft:cornflower":3,"minecraft:oak_trapdoor":1,"minecraft:moss_carpet":5,"minecraft:flint_and_steel":3,"minecraft:iron_shovel":1,"minecraft:beef":14,"farmersdelight:straw":196,"minecraft:oak_boat":41,"minecraft:chest":5,"farmersdelight:canvas_rug":9,"minecraft:sugar_cane":7,"farmersdelight:golden_knife":1,"minecraft:egg":103,"minecraft:raw_iron":55,"minecraft:sandstone":219,"minecraft:copper_ingot":106,"minecraft:bowl":2,"farmersdelight:fish_stew":3,"minecraft:tnt":2,"minecraft:stone_shovel":14,"minecraft:arrow":28,"minecraft:shears":7,"minecraft:pink_tulip":6,"mowziesmobs:umvuthana_mask_bliss":8,"minecraft:white_wool":8,"mowziesmobs:umvuthana_mask_fury":11,"minecraft:birch_leaves":20,"minecraft:leather":4,"minecraft:oak_log":170,"minecraft:lily_pad":38,"minecraft:gunpowder":37,"minecraft:white_banner":5,"minecraft:apple":5,"mowziesmobs:umvuthana_mask_rage":8,"minecraft:oak_fence_gate":4,"minecraft:iron_ingot":3,"minecraft:stone_pickaxe":17,"minecraft:glass_bottle":3,"minecraft:mangrove_planks":122,"minecraft:acacia_sapling":7,"mowziesmobs:umvuthana_mask_misery":6,"toughasnails:leaf_chestplate":13,"minecraft:dripstone_block":1,"minecraft:gravel":1,"minecraft:white_bed":2,"minecraft:stone_axe":27,"minecraft:painting":38,"mowziesmobs:umvuthana_mask_fear":5,"minecraft:black_wool":4,"minecraft:mangrove_propagule":1,"minecraft:coal":45}},"DataVersion":3465}