{"stats":{"minecraft:crafted":{"minecraft:oak_planks":64,"minecraft:stone_shovel":1,"minecraft:glass":44,"minecraft:stone_pickaxe":1,"minecraft:cooked_porkchop":11,"minecraft:wooden_pickaxe":1,"minecraft:copper_ingot":54,"minecraft:mangrove_planks":320,"minecraft:stone_axe":4,"minecraft:air":0,"minecraft:jungle_planks":36,"minecraft:stick":16,"minecraft:iron_ingot":9,"minecraft:wooden_axe":2,"minecraft:acacia_planks":412},"minecraft:used":{"minecraft:moss_carpet":3,"minecraft:acacia_log":1,"toughasnails:water_purifier":1,"minecraft:stone_shovel":90,"minecraft:chest":1,"minecraft:jungle_planks":17,"minecraft:acacia_sapling":3,"minecraft:glass":91,"minecraft:wooden_axe":115,"minecraft:mangrove_log":14,"minecraft:beef":2,"minecraft:mangrove_roots":1,"minecraft:oak_sapling":1,"minecraft:furnace":5,"minecraft:acacia_planks":418,"farmersdelight:iron_knife":1,"toughasnails:leaf_leggings":1,"minecraft:oak_planks":123,"minecraft:glass_bottle":30,"minecraft:stone_pickaxe":33,"minecraft:mangrove_planks":300,"create:crimsite":5,"minecraft:wooden_pickaxe":59,"minecraft:sandstone":19,"minecraft:mangrove_door":2,"toughasnails:leaf_chestplate":1,"minecraft:stone_axe":371,"minecraft:potion":28,"mowziesmobs:umvuthana_mask_fury":1,"minecraft:cooked_porkchop":7,"minecraft:oak_boat":7},"minecraft:broken":{"minecraft:wooden_pickaxe":1,"minecraft:stone_axe":2,"minecraft:wooden_axe":3},"minecraft:killed_by":{"minecraft:player":1,"sanitydim:rotting_stalker":2},"minecraft:mined":{"minecraft:jungle_leaves":1,"minecraft:mangrove_roots":8,"minecraft:acacia_log":129,"minecraft:mangrove_door":2,"minecraft:jungle_planks":17,"minecraft:jungle_log":43,"minecraft:sandstone":28,"minecraft:tall_seagrass":1,"minecraft:furnace":5,"minecraft:moss_carpet":2,"minecraft:vine":17,"minecraft:acacia_leaves":22,"toughasnails:water_purifier":1,"minecraft:torch":1,"minecraft:chest":2,"minecraft:glass":3,"minecraft:cobblestone":19,"minecraft:oak_planks":28,"minecraft:seagrass":1,"minecraft:mangrove_planks":10,"minecraft:mangrove_leaves":50,"minecraft:grass":1,"minecraft:oak_log":17,"minecraft:sand":91,"minecraft:mangrove_log":100,"minecraft:acacia_planks":41,"create:crimsite":39,"minecraft:oak_leaves":3},"minecraft:custom":{"minecraft:mob_kills":9,"minecraft:interact_with_crafting_table":7,"minecraft:leave_game":1,"minecraft:time_since_death":19708,"minecraft:climb_one_cm":4532,"minecraft:sprint_one_cm":302914,"minecraft:walk_one_cm":323695,"minecraft:drop":67,"minecraft:play_time":153614,"minecraft:deaths":5,"minecraft:sneak_time":18090,"minecraft:walk_under_water_one_cm":35084,"minecraft:boat_one_cm":212760,"minecraft:jump":3115,"minecraft:walk_on_water_one_cm":59752,"minecraft:total_world_time":153614,"minecraft:interact_with_furnace":44,"minecraft:sleep_in_bed":7,"minecraft:time_since_rest":8093,"minecraft:damage_taken":1523,"minecraft:damage_dealt":1205,"minecraft:swim_one_cm":65659,"minecraft:fly_one_cm":487668,"minecraft:open_chest":33,"minecraft:crouch_one_cm":56340,"minecraft:fall_one_cm":43753},"minecraft:dropped":{"farmersdelight:iron_knife":1,"minecraft:wheat_seeds":1,"minecraft:oak_log":7,"minecraft:cooked_porkchop":14,"minecraft:feather":2,"minecraft:cobblestone":26,"minecraft:mangrove_planks":86,"create:crimsite":68,"minecraft:acacia_log":33,"minecraft:stick":6,"minecraft:wooden_axe":1,"toughasnails:leaf_boots":2,"minecraft:potion":2,"toughasnails:leaf_leggings":2,"minecraft:lily_pad":5,"minecraft:acacia_planks":74,"minecraft:moss_carpet":1,"minecraft:stone_axe":2,"toughasnails:leaf_chestplate":2,"minecraft:clay_ball":4,"minecraft:oak_planks":75,"minecraft:jungle_log":43,"minecraft:acacia_sapling":3,"minecraft:oak_boat":1,"minecraft:sandstone":9,"minecraft:beef":2,"minecraft:glass":6,"minecraft:stone_pickaxe":1,"minecraft:wooden_pickaxe":2,"mowziesmobs:umvuthana_mask_fury":2},"minecraft:picked_up":{"minecraft:wooden_axe":3,"toughasnails:leaf_leggings":4,"minecraft:clay_ball":4,"minecraft:lead":2,"minecraft:wooden_pickaxe":4,"minecraft:potion":9,"minecraft:brick":3,"minecraft:string":1,"minecraft:moss_carpet":4,"minecraft:oak_sign":1,"toughasnails:leaf_boots":4,"minecraft:beef":4,"minecraft:oak_boat":9,"minecraft:chest":1,"minecraft:mangrove_log":99,"minecraft:furnace":5,"minecraft:stick":13,"minecraft:sandstone":37,"minecraft:copper_ingot":106,"minecraft:acacia_log":158,"minecraft:porkchop":11,"minecraft:arrow":4,"mowziesmobs:umvuthana_mask_bliss":1,"minecraft:mangrove_roots":7,"minecraft:mangrove_door":4,"minecraft:cobblestone":43,"mowziesmobs:umvuthana_mask_fury":5,"minecraft:feather":27,"minecraft:jungle_log":86,"toughasnails:leaf_helmet":1,"minecraft:oak_log":23,"minecraft:lily_pad":5,"minecraft:dirt":6,"minecraft:glass":6,"minecraft:bone":1,"minecraft:acacia_planks":154,"farmersdelight:iron_knife":1,"minecraft:wheat_seeds":1,"minecraft:raw_gold":2,"minecraft:oak_fence_gate":2,"minecraft:stone_pickaxe":2,"minecraft:mangrove_planks":94,"minecraft:oak_planks":218,"minecraft:acacia_sapling":6,"toughasnails:leaf_chestplate":5,"minecraft:cooked_porkchop":14,"minecraft:sand":216,"minecraft:jungle_planks":17,"toughasnails:water_purifier":1,"create:crimsite":106,"minecraft:stone_axe":2,"minecraft:oak_sapling":22,"minecraft:black_wool":2,"minecraft:coal":31,"minecraft:mangrove_propagule":1},"minecraft:killed":{"minecraft:pig":5,"minecraft:pillager":1,"minecraft:zombie":1,"mowziesmobs:umvuthana_raptor":1,"minecraft:cow":1}},"DataVersion":3465}