{"stats":{"minecraft:crafted":{"minecraft:oak_planks":64,"minecraft:stone_shovel":1,"minecraft:cooked_porkchop":11,"minecraft:wooden_pickaxe":1,"minecraft:copper_ingot":54,"minecraft:mangrove_planks":32,"minecraft:stone_axe":2,"minecraft:air":0,"minecraft:glass":44,"minecraft:stick":12,"minecraft:iron_ingot":9,"minecraft:stone_pickaxe":1,"minecraft:wooden_axe":2,"minecraft:acacia_planks":412},"minecraft:used":{"toughasnails:leaf_leggings":1,"minecraft:acacia_log":1,"minecraft:stone_pickaxe":27,"minecraft:glass_bottle":20,"minecraft:stone_shovel":90,"minecraft:mangrove_planks":9,"minecraft:oak_planks":117,"create:crimsite":5,"minecraft:wooden_pickaxe":59,"minecraft:sandstone":19,"minecraft:acacia_sapling":3,"minecraft:glass":91,"minecraft:wooden_axe":115,"minecraft:mangrove_door":2,"toughasnails:leaf_chestplate":1,"minecraft:stone_axe":134,"minecraft:potion":18,"minecraft:beef":2,"minecraft:oak_sapling":1,"minecraft:cooked_porkchop":5,"mowziesmobs:umvuthana_mask_fury":1,"minecraft:oak_boat":1,"minecraft:acacia_planks":418},"minecraft:killed_by":{"sanitydim:rotting_stalker":2},"minecraft:broken":{"minecraft:stone_axe":1,"minecraft:wooden_axe":3,"minecraft:wooden_pickaxe":1},"minecraft:mined":{"minecraft:acacia_leaves":22,"minecraft:torch":1,"minecraft:acacia_log":129,"minecraft:mangrove_door":2,"minecraft:glass":1,"minecraft:cobblestone":19,"minecraft:oak_planks":22,"minecraft:sandstone":28,"minecraft:tall_seagrass":1,"minecraft:mangrove_planks":1,"minecraft:grass":1,"minecraft:oak_log":17,"minecraft:vine":10,"minecraft:sand":91,"minecraft:mangrove_log":8,"minecraft:acacia_planks":41,"create:crimsite":39,"minecraft:oak_leaves":3},"minecraft:dropped":{"minecraft:stone_axe":1,"toughasnails:leaf_chestplate":1,"minecraft:wheat_seeds":1,"minecraft:oak_log":7,"minecraft:cooked_porkchop":9,"minecraft:feather":2,"minecraft:cobblestone":9,"minecraft:oak_planks":54,"create:crimsite":68,"minecraft:acacia_log":12,"minecraft:stick":4,"minecraft:wooden_axe":1,"minecraft:acacia_sapling":3,"toughasnails:leaf_boots":1,"minecraft:beef":2,"minecraft:wooden_pickaxe":2,"toughasnails:leaf_leggings":1,"minecraft:acacia_planks":10,"mowziesmobs:umvuthana_mask_fury":1},"minecraft:custom":{"minecraft:interact_with_furnace":34,"minecraft:mob_kills":9,"minecraft:interact_with_crafting_table":6,"minecraft:leave_game":1,"minecraft:time_since_death":55976,"minecraft:sleep_in_bed":6,"minecraft:climb_one_cm":1411,"minecraft:time_since_rest":16084,"minecraft:sprint_one_cm":256648,"minecraft:damage_taken":1174,"minecraft:walk_one_cm":267318,"minecraft:drop":36,"minecraft:damage_dealt":1133,"minecraft:swim_one_cm":57662,"minecraft:fly_one_cm":425644,"minecraft:open_chest":22,"minecraft:crouch_one_cm":54466,"minecraft:play_time":117614,"minecraft:deaths":4,"minecraft:sneak_time":16839,"minecraft:walk_under_water_one_cm":8845,"minecraft:boat_one_cm":53595,"minecraft:jump":1969,"minecraft:walk_on_water_one_cm":31993,"minecraft:total_world_time":117614,"minecraft:fall_one_cm":33250},"minecraft:picked_up":{"minecraft:wooden_axe":3,"toughasnails:leaf_leggings":3,"mowziesmobs:umvuthana_mask_fury":4,"minecraft:feather":3,"minecraft:wooden_pickaxe":3,"minecraft:oak_log":23,"minecraft:acacia_planks":33,"minecraft:wheat_seeds":1,"toughasnails:leaf_boots":3,"minecraft:beef":4,"minecraft:oak_boat":2,"minecraft:oak_planks":122,"minecraft:acacia_sapling":6,"minecraft:mangrove_log":8,"toughasnails:leaf_chestplate":3,"minecraft:stick":6,"minecraft:sandstone":28,"minecraft:cooked_porkchop":9,"minecraft:acacia_log":137,"minecraft:porkchop":11,"minecraft:sand":90,"create:crimsite":106,"minecraft:stone_axe":1,"minecraft:mangrove_door":2,"minecraft:oak_sapling":1,"minecraft:coal":28,"minecraft:cobblestone":24},"minecraft:killed":{"minecraft:pig":5,"minecraft:pillager":1,"minecraft:zombie":1,"mowziesmobs:umvuthana_raptor":1,"minecraft:cow":1}},"DataVersion":3465}