{"stats":{"minecraft:dropped":{"minecraft:oak_sapling":1,"minecraft:stick":5},"minecraft:custom":{"minecraft:jump":139,"minecraft:time_since_rest":5496,"minecraft:crouch_one_cm":72,"minecraft:sprint_one_cm":34691,"minecraft:play_time":5496,"minecraft:damage_taken":180,"minecraft:time_since_death":5496,"minecraft:walk_one_cm":14938,"minecraft:sneak_time":14,"minecraft:total_world_time":5496,"minecraft:drop":4,"minecraft:fly_one_cm":39245,"minecraft:fall_one_cm":7249},"minecraft:mined":{"minecraft:birch_leaves":1,"minecraft:sand":6,"minecraft:oak_leaves":12},"minecraft:picked_up":{"minecraft:sand":6,"minecraft:stick":5,"minecraft:oak_sapling":1},"minecraft:used":{"jujutsucraft:uniform_normal_boots":1,"jujutsucraft:uniform_normal_chestplate":1,"jujutsucraft:uniform_normal_leggings":1}},"DataVersion":3465}