{"stats":{"minecraft:killed":{"minecraft:turtle":1,"minecraft:pig":1},"minecraft:dropped":{"minecraft:porkchop":3,"minecraft:oak_sapling":1,"minecraft:stick":5},"minecraft:mined":{"minecraft:oak_log":2,"minecraft:sand":22,"minecraft:birch_leaves":1,"minecraft:oak_leaves":14},"minecraft:used":{"minecraft:sand":22,"jujutsucraft:uniform_normal_leggings":1,"jujutsucraft:uniform_normal_boots":1,"jujutsucraft:uniform_normal_chestplate":1},"minecraft:custom":{"minecraft:time_since_rest":20320,"minecraft:crouch_one_cm":165,"minecraft:sprint_one_cm":102061,"minecraft:play_time":20320,"minecraft:damage_taken":216,"minecraft:walk_one_cm":48845,"minecraft:sneak_time":146,"minecraft:mob_kills":2,"minecraft:drop":5,"minecraft:jump":337,"minecraft:leave_game":1,"minecraft:time_since_death":20320,"minecraft:total_world_time":20320,"minecraft:fall_one_cm":10595,"minecraft:fly_one_cm":153159},"minecraft:picked_up":{"minecraft:stick":5,"minecraft:porkchop":3,"minecraft:sand":22,"minecraft:oak_log":3,"minecraft:oak_sapling":1}},"DataVersion":3465}