{"stats":{"minecraft:crafted":{"minecraft:acacia_planks":28,"minecraft:stick":4,"minecraft:wooden_pickaxe":1,"minecraft:wooden_axe":1},"minecraft:used":{"minecraft:wooden_axe":14,"minecraft:potion":1,"mowziesmobs:umvuthana_mask_fury":1,"minecraft:acacia_planks":19},"minecraft:killed_by":{"sanitydim:rotting_stalker":1},"minecraft:mined":{"minecraft:oak_log":5,"minecraft:acacia_log":8,"minecraft:acacia_leaves":3,"minecraft:tall_seagrass":1,"minecraft:torch":1},"minecraft:dropped":{"minecraft:acacia_log":3,"minecraft:acacia_sapling":2},"minecraft:custom":{"minecraft:open_chest":7,"minecraft:time_since_rest":1415,"minecraft:interact_with_furnace":1,"minecraft:crouch_one_cm":2774,"minecraft:play_time":17285,"minecraft:sprint_one_cm":54327,"minecraft:walk_one_cm":36785,"minecraft:damage_taken":465,"minecraft:deaths":2,"minecraft:sneak_time":997,"minecraft:walk_under_water_one_cm":1809,"minecraft:mob_kills":1,"minecraft:drop":3,"minecraft:jump":326,"minecraft:damage_dealt":155,"minecraft:time_since_death":1388,"minecraft:walk_on_water_one_cm":9454,"minecraft:climb_one_cm":233,"minecraft:total_world_time":17285,"minecraft:swim_one_cm":23881,"minecraft:interact_with_crafting_table":1,"minecraft:fall_one_cm":8028,"minecraft:fly_one_cm":70726},"minecraft:picked_up":{"minecraft:feather":1,"mowziesmobs:umvuthana_mask_fury":2,"minecraft:acacia_log":10,"minecraft:oak_log":5,"minecraft:cobblestone":1,"minecraft:acacia_sapling":2},"minecraft:killed":{"mowziesmobs:umvuthana_raptor":1}},"DataVersion":3465}