{"stats":{"minecraft:crafted":{"minecraft:oak_planks":80,"minecraft:stone_shovel":3,"minecraft:glass":44,"minecraft:ladder":6,"minecraft:stone_pickaxe":1,"minecraft:cooked_porkchop":11,"minecraft:wooden_pickaxe":1,"minecraft:copper_ingot":54,"minecraft:mangrove_planks":448,"minecraft:stone_axe":4,"minecraft:air":0,"minecraft:jungle_planks":36,"minecraft:stick":32,"minecraft:iron_ingot":9,"minecraft:wooden_axe":2,"minecraft:acacia_planks":412},"minecraft:used":{"minecraft:moss_carpet":3,"minecraft:acacia_log":1,"toughasnails:water_purifier":1,"minecraft:stone_shovel":167,"minecraft:ladder":2,"minecraft:chest":1,"minecraft:jungle_planks":17,"minecraft:acacia_sapling":3,"minecraft:glass":91,"minecraft:wooden_axe":115,"minecraft:mangrove_log":14,"minecraft:beef":2,"minecraft:mangrove_roots":1,"minecraft:oak_sapling":1,"minecraft:furnace":5,"minecraft:acacia_planks":422,"farmersdelight:iron_knife":1,"toughasnails:leaf_leggings":1,"minecraft:oak_planks":213,"minecraft:glass_bottle":34,"minecraft:stone_pickaxe":34,"minecraft:mangrove_planks":458,"create:crimsite":5,"minecraft:wooden_pickaxe":59,"minecraft:sandstone":19,"minecraft:sand":30,"minecraft:oak_log":1,"minecraft:mangrove_door":2,"toughasnails:leaf_chestplate":1,"minecraft:stone_axe":440,"minecraft:potion":33,"mowziesmobs:umvuthana_mask_fury":1,"minecraft:cooked_porkchop":9,"minecraft:oak_boat":11},"minecraft:broken":{"minecraft:wooden_pickaxe":1,"minecraft:stone_axe":2,"minecraft:wooden_axe":3},"minecraft:killed_by":{"minecraft:player":1,"sanitydim:rotting_stalker":3},"minecraft:mined":{"minecraft:jungle_leaves":1,"minecraft:mangrove_roots":8,"minecraft:acacia_log":129,"minecraft:mangrove_door":2,"minecraft:jungle_planks":17,"minecraft:jungle_log":43,"minecraft:sandstone":29,"minecraft:tall_seagrass":20,"minecraft:furnace":5,"minecraft:moss_carpet":3,"minecraft:vine":19,"minecraft:acacia_leaves":22,"toughasnails:water_purifier":1,"minecraft:torch":1,"minecraft:chest":2,"minecraft:glass":3,"minecraft:cobblestone":19,"minecraft:oak_planks":29,"minecraft:seagrass":8,"minecraft:mangrove_planks":13,"minecraft:mangrove_leaves":70,"minecraft:grass":2,"minecraft:oak_log":25,"minecraft:sand":168,"minecraft:mangrove_log":127,"minecraft:acacia_planks":46,"create:crimsite":39,"minecraft:oak_leaves":6},"minecraft:custom":{"minecraft:mob_kills":11,"minecraft:interact_with_crafting_table":9,"minecraft:leave_game":2,"minecraft:time_since_death":0,"minecraft:climb_one_cm":5044,"minecraft:sprint_one_cm":338152,"minecraft:walk_one_cm":361785,"minecraft:drop":90,"minecraft:play_time":178151,"minecraft:deaths":7,"minecraft:sneak_time":18427,"minecraft:walk_under_water_one_cm":57270,"minecraft:boat_one_cm":355725,"minecraft:jump":3403,"minecraft:walk_on_water_one_cm":80201,"minecraft:total_world_time":178151,"minecraft:interact_with_furnace":44,"minecraft:sleep_in_bed":9,"minecraft:time_since_rest":75,"minecraft:damage_taken":2060,"minecraft:damage_dealt":1855,"minecraft:swim_one_cm":73622,"minecraft:fly_one_cm":541100,"minecraft:open_chest":34,"minecraft:crouch_one_cm":56765,"minecraft:fall_one_cm":49161},"minecraft:dropped":{"farmersdelight:iron_knife":1,"minecraft:wheat_seeds":1,"minecraft:oak_log":7,"minecraft:cooked_porkchop":18,"minecraft:feather":2,"minecraft:cobblestone":38,"minecraft:mangrove_planks":90,"create:crimsite":68,"minecraft:acacia_log":54,"minecraft:stick":11,"minecraft:wooden_axe":1,"toughasnails:leaf_boots":3,"minecraft:potion":4,"toughasnails:leaf_leggings":3,"minecraft:lily_pad":5,"minecraft:acacia_planks":138,"minecraft:moss_carpet":2,"minecraft:stone_axe":4,"toughasnails:leaf_chestplate":3,"minecraft:mangrove_roots":3,"minecraft:rotten_flesh":1,"minecraft:clay_ball":4,"minecraft:oak_planks":150,"minecraft:jungle_log":43,"minecraft:acacia_sapling":3,"minecraft:oak_boat":2,"minecraft:sandstone":18,"minecraft:beef":2,"minecraft:glass":12,"minecraft:stone_pickaxe":2,"minecraft:wooden_pickaxe":2,"mowziesmobs:umvuthana_mask_fury":3},"minecraft:picked_up":{"minecraft:wooden_axe":3,"toughasnails:leaf_leggings":5,"farmersdelight:cabbage_rolls":2,"minecraft:clay_ball":4,"minecraft:lead":2,"minecraft:wooden_pickaxe":4,"minecraft:potion":11,"minecraft:brick":3,"minecraft:string":1,"minecraft:moss_carpet":5,"minecraft:oak_sign":1,"toughasnails:leaf_boots":5,"minecraft:beef":4,"minecraft:oak_boat":13,"minecraft:chest":1,"minecraft:mangrove_log":126,"minecraft:furnace":5,"minecraft:stick":18,"minecraft:sandstone":47,"minecraft:copper_ingot":106,"minecraft:acacia_log":179,"minecraft:porkchop":11,"minecraft:rotten_flesh":1,"minecraft:arrow":4,"mowziesmobs:umvuthana_mask_bliss":1,"minecraft:mangrove_roots":10,"minecraft:mangrove_door":4,"minecraft:cobblestone":55,"mowziesmobs:umvuthana_mask_fury":6,"minecraft:feather":27,"minecraft:jungle_log":86,"toughasnails:leaf_helmet":1,"minecraft:oak_log":31,"minecraft:lily_pad":5,"minecraft:dirt":6,"minecraft:glass":12,"minecraft:bone":1,"minecraft:acacia_planks":223,"farmersdelight:iron_knife":1,"minecraft:wheat_seeds":1,"minecraft:raw_gold":2,"minecraft:oak_fence_gate":2,"minecraft:stone_pickaxe":3,"minecraft:mangrove_planks":101,"minecraft:oak_planks":294,"minecraft:acacia_sapling":6,"toughasnails:leaf_chestplate":6,"minecraft:cooked_porkchop":18,"minecraft:sand":293,"minecraft:jungle_planks":17,"toughasnails:water_purifier":1,"create:crimsite":106,"minecraft:stone_axe":4,"minecraft:oak_sapling":22,"minecraft:black_wool":2,"minecraft:coal":31,"minecraft:mangrove_propagule":1},"minecraft:killed":{"minecraft:drowned":2,"minecraft:pig":5,"minecraft:pillager":1,"minecraft:zombie":1,"mowziesmobs:umvuthana_raptor":1,"minecraft:cow":1}},"DataVersion":3465}