{"stats":{"minecraft:used":{"epicfight:skillbook":16,"jujutsucraft:fester_life_blade":14,"minecraft:tall_grass":1,"minecraft:white_banner":4,"minecraft:goat_horn":1,"minecraft:white_concrete":2},"minecraft:dropped":{"minecraft:wheat_seeds":2,"minecraft:crossbow":10,"minecraft:tall_grass":1,"minecraft:chicken":1,"minecraft:feather":2,"jujutsucraft:sword_black":1,"jujutsucraft:hammer":1,"minecraft:white_banner":3,"jujutsucraft:uniform_normal_boots":1,"epicfight:skillbook":4},"minecraft:picked_up":{"minecraft:feather":2,"minecraft:chicken":1,"jujutsucraft:uniform_normal_boots":3,"jujutsucraft:cursed_technique_changer":2,"jujutsucraft:uniform_normal_leggings":1,"minecraft:white_banner":7,"minecraft:wheat_seeds":2,"minecraft:tall_grass":2,"jujutsucraft:item_insect":1,"epicfight:skillbook":8,"jujutsucraft:uniform_normal_chestplate":1,"jujutsucraft:naginata":1,"minecraft:crossbow":10,"jujutsucraft:hammer":1,"minecraft:white_concrete":2},"minecraft:killed":{"jujutsucraft:cursed_spirit_grade_21":1,"jujutsucraft:cursed_spirit_grade_31":2,"jujutsucraft:cursed_spirit_grade_33":1,"minecraft:pig":1,"jujutsucraft:kukuru":2,"jujutsucraft:nanako":1,"jujutsucraft:jujutsu_sorcerer":4,"minecraft:salmon":1,"minecraft:bat":1,"jujutsucraft:cursed_spirit_grade_35":1,"jujutsucraft:cursed_spirit_grade_318":2,"minecraft:frog":1,"jujutsucraft:curse_user_1":2,"jujutsucraft:cursed_spirit_grade_316":3,"jujutsucraft:curse_user":2,"jujutsucraft:cursed_spirit_grade_22":1,"jujutsucraft:cursed_spirit_grade_321":3,"jujutsucraft:cursed_spirit_grade_39":2,"jujutsucraft:fox_fire":12,"minecraft:pillager":185,"jujutsucraft:shigemo_haruta":1,"jujutsucraft:cursed_spirit_grade_314":4,"jujutsucraft:cursed_spirit_grade_313":2,"jujutsucraft:cursed_spirit_grade_310":2,"jujutsucraft:negi_toshihisa":1,"minecraft:chicken":1,"jujutsucraft:cursed_spirit_grade_36":2,"jujutsucraft:cursed_spirit_grade_25":2,"jujutsucraft:cursed_spirit_grade_315":2,"jujutsucraft:cursed_spirit_grade_317":1,"jujutsucraft:cockroach_larva":6,"jujutsucraft:cursed_spirit_grade_38":1,"jujutsucraft:cursed_spirit_grade_34":3,"jujutsucraft:cursed_spirit_grade_319":1,"jujutsucraft:hoshi_kirara":1,"jujutsucraft:cursed_spirit_grade_322":1,"minecraft:villager":2,"jujutsucraft:q":4},"minecraft:mined":{"minecraft:white_concrete":2,"minecraft:tall_grass":7,"minecraft:grass":5},"minecraft:killed_by":{"jujutsucraft:cursed_spirit_grade_14":3,"jujutsucraft:cursed_spirit_grade_05":1},"minecraft:custom":{"minecraft:mob_kills":268,"minecraft:open_barrel":8,"minecraft:raid_trigger":1,"minecraft:damage_dealt_resisted":24219,"minecraft:time_since_death":17128,"minecraft:damage_resisted":11263,"minecraft:time_since_rest":17152,"minecraft:sprint_one_cm":495799,"minecraft:damage_taken":3654,"minecraft:walk_one_cm":215976,"minecraft:drop":26,"minecraft:damage_dealt":240,"minecraft:swim_one_cm":8602,"minecraft:fly_one_cm":1023756,"minecraft:player_kills":1,"minecraft:open_chest":46,"minecraft:crouch_one_cm":332,"minecraft:play_time":27932,"minecraft:deaths":4,"minecraft:sneak_time":168,"minecraft:walk_under_water_one_cm":6805,"minecraft:jump":535,"minecraft:walk_on_water_one_cm":12779,"minecraft:total_world_time":27932,"minecraft:fall_one_cm":68483}},"DataVersion":3465}