{"stats":{"minecraft:custom":{"minecraft:mob_kills":847,"minecraft:open_barrel":53,"minecraft:damage_dealt_resisted":275977,"minecraft:leave_game":3,"minecraft:time_since_death":1786,"minecraft:climb_one_cm":3069,"minecraft:damage_resisted":62094,"minecraft:sprint_one_cm":2157927,"minecraft:walk_one_cm":977586,"minecraft:drop":130,"minecraft:talked_to_villager":1,"minecraft:play_time":134594,"minecraft:deaths":11,"minecraft:sneak_time":760,"minecraft:walk_under_water_one_cm":26036,"minecraft:jump":2665,"minecraft:walk_on_water_one_cm":79806,"minecraft:total_world_time":134594,"minecraft:raid_trigger":3,"minecraft:time_since_rest":1816,"minecraft:damage_taken":16289,"minecraft:trigger_trapped_chest":10,"minecraft:damage_dealt":1786,"minecraft:swim_one_cm":85693,"minecraft:player_kills":1,"minecraft:fly_one_cm":6821676,"minecraft:open_chest":127,"minecraft:crouch_one_cm":970,"minecraft:fall_one_cm":386828},"minecraft:dropped":{"jujutsucraft:clothes_kashimo_hajime_helmet":3,"minecraft:wheat_seeds":2,"minecraft:oak_pressure_plate":1,"jujutsucraft:sword_shigemo":2,"minecraft:mangrove_propagule":1,"minecraft:crossbow":22,"minecraft:feather":2,"jujutsucraft:sword_black":5,"minecraft:lantern":1,"minecraft:spruce_door":2,"jujutsucraft:gavel":7,"minecraft:item_frame":2,"jujutsucraft:slaughter_demon":1,"minecraft:dirt":1,"minecraft:grass":1,"minecraft:stone_button":1,"minecraft:warped_stairs":1,"minecraft:white_banner":5,"minecraft:mud":1,"minecraft:acacia_door":3,"jujutsucraft:fester_life_blade":1,"minecraft:tripwire_hook":1,"jujutsucraft:sukuna_finger":1,"minecraft:bone":2,"jujutsucraft:nyoi_staff":1,"minecraft:moss_carpet":17,"minecraft:lever":6,"jujutsucraft:cursed_spirit_armoury_chestplate":1,"jujutsucraft:supreme_martial_solution":1,"jujutsucraft:sword_miwa_kasumi":1,"jujutsucraft:domain":3,"jujutsucraft:item_master_simple_domain":1,"jujutsucraft:cursed_technique_changer":1,"minecraft:tall_grass":2,"minecraft:chicken":1,"minecraft:birch_pressure_plate":1,"jujutsucraft:sword_okkotsu_yuta":1,"jujutsucraft:naginata":5,"minecraft:green_banner":3,"jujutsucraft:knife":6,"jujutsucraft:recommendation_1":1,"jujutsucraft:sword_ogi":2,"jujutsucraft:sword_kusakabe":4,"minecraft:birch_door":2,"minecraft:golden_sword":1,"jujutsucraft:hammer":3,"minecraft:beef":1,"jujutsucraft:uniform_normal_boots":3,"jujutsucraft:g_staff":1,"epicfight:skillbook":5},"minecraft:mined":{"minecraft:spruce_trapdoor":1,"minecraft:spruce_fence":1,"minecraft:white_concrete":2,"minecraft:spruce_leaves":3,"minecraft:snow":1,"minecraft:vine":1,"minecraft:tall_grass":7,"minecraft:grass":5,"minecraft:dirt":1},"minecraft:killed":{"jujutsucraft:mimiko":2,"jujutsucraft:cursed_spirit_grade_32":4,"jujutsucraft:cursed_spirit_grade_21":2,"jujutsucraft:cursed_spirit_grade_31":7,"jujutsucraft:inumaki_toge":2,"jujutsucraft:cursed_spirit_grade_33":10,"jujutsucraft:reggie_star":1,"jujutsucraft:stevenson_screen":66,"jujutsucraft:daido_hagane":2,"jujutsucraft:cursed_spirit_grade_11":2,"jujutsucraft:nanako":1,"jujutsucraft:charles_bernard":1,"jujutsucraft:doll_1":1,"jujutsucraft:cursed_spirit_grade_24":2,"jujutsucraft:cursed_spirit_grade_12":2,"jujutsucraft:cursed_spirit_grade_35":7,"jujutsucraft:yoshino_junpei":1,"jujutsucraft:mahito":1,"jujutsucraft:cursed_spirit_grade_318":16,"jujutsucraft:cursed_spirit_grade_316":8,"jujutsucraft:cursed_spirit_grade_26":1,"jujutsucraft:geto_suguru":1,"jujutsucraft:cursed_spirit_grade_22":5,"jujutsucraft:transfigured_human_2":3,"jujutsucraft:cursed_spirit_grade_01":1,"jujutsucraft:wooden_spear_1":3,"jujutsucraft:cursed_spirit_grade_39":37,"jujutsucraft:fox_fire":15,"jujutsucraft:shigemo_haruta":3,"jujutsucraft:cursed_spirit_grade_312":4,"jujutsucraft:cursed_spirit_grade_313":6,"jujutsucraft:larue":1,"jujutsucraft:cursed_spirit_grade_15":2,"minecraft:chicken":1,"jujutsucraft:cursed_spirit_grade_19":2,"jujutsucraft:cursed_spirit_grade_16":1,"jujutsucraft:panda_normal":2,"jujutsucraft:rozetsu_shikigami":1,"jujutsucraft:cursed_spirit_grade_23":2,"jujutsucraft:cursed_spirit_grade_214":1,"jujutsucraft:eso":1,"jujutsucraft:cursed_spirit_grade_317":16,"jujutsucraft:cursed_spirit_grade_38":7,"jujutsucraft:cockroach_larva":13,"jujutsucraft:cursed_spirit_grade_34":16,"jujutsucraft:kurusu_hana":2,"jujutsucraft:higuruma_hiromi":1,"minecraft:tropical_fish":2,"jujutsucraft:cursed_spirit_grade_27":1,"jujutsucraft:ember_insect":1,"jujutsucraft:cursed_spirit_grade_210":1,"jujutsucraft:uraume":1,"minecraft:pig":2,"jujutsucraft:kukuru":6,"jujutsucraft:jujutsu_sorcerer":6,"jujutsucraft:cursed_spirit_grade_213":1,"minecraft:salmon":4,"jujutsucraft:cursed_spirit_grade_09":1,"jujutsucraft:zenin_jinichi":1,"minecraft:bat":5,"jujutsucraft:zenin_maki":2,"minecraft:frog":1,"jujutsucraft:curse_user_1":2,"jujutsucraft:curse_user":6,"jujutsucraft:yaga_masamichi":1,"jujutsucraft:itadori_yuji":2,"minecraft:squid":2,"jujutsucraft:cursed_spirit_grade_321":10,"jujutsucraft:polymorphic_soul_isomer":2,"minecraft:sheep":5,"jujutsucraft:panda_gorilla":2,"jujutsucraft:cursed_spirit_grade_29":4,"minecraft:pillager":359,"minecraft:goat":1,"jujutsucraft:cursed_spirit_grade_314":16,"jujutsucraft:entity_scissors":11,"jujutsucraft:cursed_spirit_grade_14":2,"jujutsucraft:cursed_spirit_grade_311":7,"jujutsucraft:cursed_spirit_grade_310":6,"jujutsucraft:negi_toshihisa":1,"jujutsucraft:cursed_spirit_grade_13":1,"jujutsucraft:cursed_spirit_grade_18":1,"jujutsucraft:cursed_spirit_grade_17":1,"jujutsucraft:cursed_spirit_grade_36":11,"jujutsucraft:cursed_spirit_grade_25":5,"jujutsucraft:moon_dregs":2,"jujutsucraft:cursed_spirit_grade_315":5,"jujutsucraft:kashimo_hajime":1,"jujutsucraft:cursed_spirit_grade_212":2,"jujutsucraft:cursed_spirit_grade_319":9,"jujutsucraft:hoshi_kirara":2,"jujutsucraft:cursed_spirit_grade_322":3,"jujutsucraft:ice_spear":2,"minecraft:villager":2,"jujutsucraft:q":7,"jujutsucraft:fushiguro_megumi":1,"minecraft:cow":4,"jujutsucraft:ogami":1},"minecraft:picked_up":{"minecraft:mud":1,"minecraft:birch_door":2,"jujutsucraft:slaughter_demon":1,"minecraft:chicken":1,"jujutsucraft:uniform_normal_boots":5,"jujutsucraft:cursed_technique_changer":3,"minecraft:golden_sword":1,"minecraft:warped_stairs":2,"minecraft:moss_carpet":17,"minecraft:acacia_door":3,"minecraft:item_frame":2,"jujutsucraft:sword_ogi":3,"minecraft:oak_sign":2,"jujutsucraft:sword_black":4,"minecraft:beef":1,"jujutsucraft:sword_shigemo":2,"minecraft:spruce_trapdoor":1,"jujutsucraft:domain":4,"minecraft:dark_oak_door":2,"minecraft:oak_door":2,"jujutsucraft:item_master_simple_domain":1,"minecraft:torch":1,"minecraft:green_bed":2,"minecraft:spruce_fence":1,"epicfight:skillbook":14,"jujutsucraft:sword_okkotsu_yuta":1,"jujutsucraft:gavel":7,"minecraft:stone_button":1,"minecraft:vine":1,"minecraft:warped_planks":2,"minecraft:green_banner":3,"jujutsucraft:naginata":6,"jujutsucraft:clothes_kashimo_hajime_helmet":3,"jujutsucraft:hammer":3,"jujutsucraft:mahito_hand_2":1,"minecraft:snowball":1,"minecraft:white_wool":1,"minecraft:feather":2,"minecraft:tripwire_hook":1,"jujutsucraft:recommendation_1":1,"jujutsucraft:g_staff":1,"jujutsucraft:sukuna_finger":1,"jujutsucraft:sword_kusakabe":4,"jujutsucraft:fester_life_blade":1,"minecraft:blue_bed":1,"minecraft:dirt":1,"minecraft:lantern":1,"minecraft:white_banner":17,"jujutsucraft:uniform_normal_leggings":1,"minecraft:birch_pressure_plate":1,"minecraft:bone":2,"jujutsucraft:knife":6,"minecraft:wheat_seeds":2,"minecraft:tall_grass":4,"jujutsucraft:sword_miwa_kasumi":1,"minecraft:acacia_sapling":2,"jujutsucraft:nyoi_staff":2,"jujutsucraft:item_insect":1,"minecraft:oak_pressure_plate":1,"jujutsucraft:uniform_normal_chestplate":1,"minecraft:grass_block":2,"minecraft:spruce_door":2,"minecraft:lever":8,"minecraft:crossbow":22,"minecraft:grass":2,"minecraft:white_concrete":2,"minecraft:mangrove_propagule":1},"minecraft:killed_by":{"jujutsucraft:cursed_spirit_grade_14":3,"jujutsucraft:kenjaku":1,"jujutsucraft:cursed_spirit_grade_05":1,"jujutsucraft:cursed_spirit_grade_03":1,"jujutsucraft:nanami_kento":1,"jujutsucraft:sukuna":2,"jujutsucraft:gojo_satoru":1,"jujutsucraft:geto_suguru_curse_user":1},"minecraft:used":{"minecraft:oak_sign":2,"minecraft:grass":1,"minecraft:oak_door":2,"minecraft:torch":1,"minecraft:acacia_sapling":2,"minecraft:spruce_fence":1,"minecraft:snowball":1,"minecraft:grass_block":2,"minecraft:warped_stairs":1,"minecraft:tall_grass":2,"minecraft:goat_horn":4,"epicfight:skillbook":21,"minecraft:white_wool":1,"jujutsucraft:nyoi_staff":17,"jujutsucraft:domain":1,"minecraft:vine":1,"minecraft:crossbow":2,"minecraft:warped_planks":2,"minecraft:dark_oak_door":2,"minecraft:lever":2,"jujutsucraft:stevenson_screen_spawn_egg":64,"minecraft:spruce_trapdoor":1,"jujutsucraft:fester_life_blade":14,"minecraft:white_banner":12,"minecraft:white_concrete":2,"minecraft:experience_bottle":2}},"DataVersion":3465}