{"stats":{"minecraft:used":{"minecraft:stone_sword":58,"minecraft:acacia_log":1,"toughasnails:leaf_helmet":1,"minecraft:stone_shovel":395,"minecraft:oak_sign":2,"minecraft:chest":8,"minecraft:grass":1,"toughasnails:leaf_boots":4,"minecraft:rotten_flesh":13,"minecraft:oak_door":5,"minecraft:torch":2,"mowziesmobs:umvuthana_mask_bliss":3,"minecraft:dirt":145,"minecraft:white_carpet":3,"minecraft:acacia_sapling":3,"farmersdelight:cooked_salmon_slice":2,"farmersdelight:tomato_seeds":1,"minecraft:acacia_planks":10,"minecraft:mangrove_leaves":1,"minecraft:wheat_seeds":21,"toughasnails:leaf_leggings":5,"minecraft:stone_pickaxe":100,"minecraft:glass_bottle":26,"minecraft:oak_planks":63,"minecraft:wooden_pickaxe":24,"minecraft:sandstone":5,"farmersdelight:onion":14,"minecraft:orange_carpet":2,"minecraft:sand":12,"minecraft:crafting_table":1,"minecraft:shears":89,"minecraft:flower_pot":1,"minecraft:apple":1,"minecraft:bread":2,"toughasnails:leaf_chestplate":5,"minecraft:stone_axe":112,"minecraft:potion":26,"farmersdelight:egg_sandwich":1,"minecraft:cooked_porkchop":4,"minecraft:bone_meal":15},"minecraft:crafted":{"minecraft:oak_door":3,"minecraft:oak_planks":116,"minecraft:stone_shovel":3,"minecraft:oak_sign":3,"minecraft:bone_meal":18,"toughasnails:leaf_leggings":3,"minecraft:stone_pickaxe":1,"minecraft:chest":5,"toughasnails:leaf_boots":4,"minecraft:crafting_table":1,"toughasnails:leaf_chestplate":3,"minecraft:wooden_pickaxe":1,"minecraft:stone_axe":1,"minecraft:stick":20,"minecraft:stone_sword":1,"minecraft:acacia_planks":44},"minecraft:killed_by":{"minecraft:spider":1,"mowziesmobs:umvuthana_follower_raptor":2,"man:managgresive":3,"minecraft:skeleton":3,"mowziesmobs:umvuthana_raptor":5},"minecraft:broken":{"toughasnails:leaf_leggings":2,"toughasnails:leaf_boots":2,"toughasnails:leaf_chestplate":2,"minecraft:shears":1,"toughasnails:leaf_helmet":1,"minecraft:stone_shovel":3},"minecraft:mined":{"minecraft:tuff":1,"farmersdelight:onions":5,"minecraft:acacia_log":25,"minecraft:allium":10,"minecraft:grass_block":412,"farmersdelight:tomatoes":5,"minecraft:oak_wall_sign":1,"minecraft:sandstone":2,"minecraft:hay_block":10,"farmersdelight:wild_onions":11,"minecraft:bell":2,"minecraft:bookshelf":8,"minecraft:water_cauldron":2,"minecraft:vine":2,"minecraft:flowering_azalea_leaves":11,"minecraft:dirt_path":3,"minecraft:azalea_leaves":24,"minecraft:blue_orchid":14,"minecraft:stone":39,"minecraft:acacia_leaves":1,"farmersdelight:organic_compost":6,"minecraft:kelp_plant":5,"minecraft:melon_stem":2,"minecraft:clay":6,"minecraft:chest":8,"minecraft:lectern":1,"minecraft:copper_ore":12,"minecraft:deepslate_coal_ore":1,"minecraft:grindstone":1,"minecraft:oak_planks":1,"minecraft:wall_torch":4,"minecraft:orange_carpet":2,"minecraft:coarse_dirt":2,"minecraft:acacia_sapling":3,"minecraft:wheat":5,"minecraft:white_carpet":3,"minecraft:grass":198,"minecraft:oak_log":29,"minecraft:coal_ore":55,"minecraft:sand":34,"minecraft:dirt":18,"minecraft:stonecutter":1,"minecraft:oak_leaves":59},"minecraft:custom":{"minecraft:mob_kills":29,"minecraft:interact_with_crafting_table":21,"minecraft:damage_dealt_resisted":84,"minecraft:leave_game":3,"minecraft:time_since_death":7507,"minecraft:climb_one_cm":2067,"minecraft:sprint_one_cm":534083,"minecraft:walk_one_cm":611361,"minecraft:drop":425,"minecraft:talked_to_villager":1,"minecraft:play_time":165804,"minecraft:deaths":17,"minecraft:sneak_time":10305,"minecraft:walk_under_water_one_cm":16667,"minecraft:boat_one_cm":29475,"minecraft:jump":3053,"minecraft:walk_on_water_one_cm":47266,"minecraft:total_world_time":165804,"minecraft:interact_with_furnace":4,"minecraft:pot_flower":1,"minecraft:sleep_in_bed":12,"minecraft:time_since_rest":4200,"minecraft:damage_taken":4998,"minecraft:damage_dealt":4128,"minecraft:swim_one_cm":58080,"minecraft:fly_one_cm":772708,"minecraft:open_chest":81,"minecraft:crouch_one_cm":44067,"minecraft:fall_one_cm":105270},"minecraft:dropped":{"minecraft:bread":6,"minecraft:porkchop":1,"minecraft:wheat_seeds":2,"minecraft:oak_log":23,"minecraft:cooked_porkchop":2,"farmersdelight:cooked_bacon":4,"minecraft:cobblestone":80,"minecraft:acacia_log":12,"minecraft:coal":59,"minecraft:cod":2,"minecraft:stick":3,"minecraft:pufferfish":6,"minecraft:dirt":120,"minecraft:grass":1,"toughasnails:leaf_boots":2,"minecraft:bone_meal":6,"farmersdelight:onion":5,"minecraft:potion":1,"toughasnails:leaf_helmet":1,"minecraft:sand":27,"toughasnails:leaf_leggings":1,"minecraft:acacia_planks":29,"minecraft:oak_door":1,"minecraft:stone_axe":1,"toughasnails:leaf_chestplate":1,"minecraft:coarse_dirt":2,"minecraft:stone_sword":1,"minecraft:clay_ball":26,"minecraft:salmon":1,"minecraft:oak_sapling":3,"minecraft:acacia_sapling":3,"minecraft:sandstone":5,"minecraft:beef":3,"minecraft:wooden_pickaxe":1,"minecraft:stone_pickaxe":1,"farmersdelight:tomato":2},"minecraft:picked_up":{"toughasnails:leaf_leggings":7,"minecraft:coarse_dirt":2,"minecraft:allium":30,"minecraft:clay_ball":24,"minecraft:wooden_pickaxe":5,"minecraft:potion":6,"minecraft:raw_copper":82,"minecraft:white_carpet":3,"minecraft:pufferfish":10,"minecraft:oak_sign":1,"minecraft:blue_orchid":14,"toughasnails:leaf_boots":5,"minecraft:beef":10,"minecraft:azalea_leaves":23,"minecraft:lectern":1,"minecraft:chest":11,"minecraft:sandstone":12,"minecraft:stick":11,"minecraft:oak_door":4,"minecraft:torch":35,"minecraft:acacia_log":60,"minecraft:flowering_azalea_leaves":10,"minecraft:porkchop":7,"farmersdelight:tomato_seeds":5,"minecraft:cauldron":2,"minecraft:stone_sword":6,"minecraft:rotten_flesh":14,"minecraft:stone_shovel":1,"minecraft:arrow":15,"farmersdelight:onion":30,"minecraft:shears":1,"minecraft:hay_block":10,"mowziesmobs:umvuthana_mask_bliss":7,"minecraft:cod":2,"minecraft:cobblestone":138,"minecraft:feather":11,"minecraft:salmon":1,"minecraft:orange_carpet":2,"minecraft:leather":1,"toughasnails:leaf_helmet":4,"minecraft:tuff":1,"minecraft:oak_log":52,"farmersdelight:cooked_bacon":4,"minecraft:gunpowder":4,"farmersdelight:tomato":2,"minecraft:dirt":433,"farmersdelight:organic_compost":6,"minecraft:bone":6,"minecraft:acacia_planks":87,"minecraft:apple":2,"minecraft:stonecutter":1,"minecraft:wheat_seeds":80,"minecraft:bell":2,"minecraft:grindstone":1,"minecraft:stone_pickaxe":4,"farmersdelight:egg_sandwich":1,"minecraft:glass_bottle":5,"mowziesmobs:umvuthana_mask_misery":2,"minecraft:acacia_sapling":12,"minecraft:oak_planks":15,"minecraft:book":24,"toughasnails:leaf_chestplate":7,"minecraft:cooked_porkchop":38,"minecraft:sand":122,"minecraft:spider_eye":2,"minecraft:mangrove_leaves":1,"minecraft:stone_axe":9,"minecraft:bone_meal":3,"minecraft:grass":2,"minecraft:bread":9,"mowziesmobs:umvuthana_mask_fear":4,"minecraft:oak_sapling":11,"farmersdelight:cooked_salmon_slice":4,"minecraft:coal":59,"minecraft:oak_leaves":53},"minecraft:killed":{"minecraft:spider":1,"minecraft:skeleton":1,"minecraft:drowned":1,"minecraft:pig":4,"minecraft:iron_golem":1,"mowziesmobs:umvuthana_follower_raptor":11,"minecraft:creeper":1,"minecraft:zombie":3,"mowziesmobs:umvuthana_raptor":2,"minecraft:cow":2}},"DataVersion":3465}