{"stats":{"minecraft:used":{"minecraft:stone_sword":29,"minecraft:acacia_log":1,"toughasnails:leaf_helmet":1,"minecraft:stone_shovel":395,"minecraft:oak_sign":2,"minecraft:chest":8,"minecraft:grass":1,"toughasnails:leaf_boots":2,"minecraft:rotten_flesh":13,"minecraft:oak_door":5,"minecraft:torch":2,"mowziesmobs:umvuthana_mask_bliss":1,"minecraft:dirt":145,"minecraft:white_carpet":3,"minecraft:acacia_sapling":3,"minecraft:acacia_planks":10,"minecraft:mangrove_leaves":1,"minecraft:wheat_seeds":20,"toughasnails:leaf_leggings":3,"minecraft:stone_pickaxe":100,"minecraft:glass_bottle":18,"minecraft:oak_planks":63,"minecraft:wooden_pickaxe":24,"minecraft:sandstone":5,"minecraft:orange_carpet":2,"minecraft:sand":12,"minecraft:crafting_table":1,"minecraft:shears":89,"minecraft:flower_pot":1,"minecraft:apple":1,"minecraft:bread":2,"toughasnails:leaf_chestplate":3,"minecraft:stone_axe":112,"minecraft:potion":18,"minecraft:cooked_porkchop":3},"minecraft:crafted":{"minecraft:oak_door":3,"minecraft:oak_planks":116,"minecraft:stone_shovel":3,"minecraft:oak_sign":3,"toughasnails:leaf_leggings":3,"minecraft:stone_pickaxe":1,"minecraft:chest":5,"toughasnails:leaf_boots":4,"minecraft:crafting_table":1,"toughasnails:leaf_chestplate":3,"minecraft:wooden_pickaxe":1,"minecraft:stone_axe":1,"minecraft:stick":20,"minecraft:stone_sword":1,"minecraft:acacia_planks":44},"minecraft:killed_by":{"minecraft:spider":1,"mowziesmobs:umvuthana_follower_raptor":1,"man:managgresive":3,"minecraft:skeleton":3,"mowziesmobs:umvuthana_raptor":2},"minecraft:broken":{"toughasnails:leaf_leggings":1,"toughasnails:leaf_boots":1,"toughasnails:leaf_chestplate":1,"minecraft:shears":1,"toughasnails:leaf_helmet":1,"minecraft:stone_shovel":3},"minecraft:mined":{"minecraft:tuff":1,"minecraft:acacia_log":25,"minecraft:allium":10,"minecraft:grass_block":412,"farmersdelight:tomatoes":4,"minecraft:oak_wall_sign":1,"minecraft:sandstone":2,"minecraft:hay_block":10,"farmersdelight:wild_onions":11,"minecraft:bell":2,"minecraft:bookshelf":8,"minecraft:water_cauldron":2,"minecraft:vine":2,"minecraft:flowering_azalea_leaves":11,"minecraft:dirt_path":3,"minecraft:azalea_leaves":24,"minecraft:blue_orchid":14,"minecraft:stone":39,"minecraft:acacia_leaves":1,"farmersdelight:organic_compost":6,"minecraft:kelp_plant":5,"minecraft:melon_stem":2,"minecraft:clay":6,"minecraft:chest":8,"minecraft:lectern":1,"minecraft:copper_ore":12,"minecraft:deepslate_coal_ore":1,"minecraft:grindstone":1,"minecraft:oak_planks":1,"minecraft:wall_torch":4,"minecraft:orange_carpet":2,"minecraft:coarse_dirt":2,"minecraft:acacia_sapling":3,"minecraft:wheat":4,"minecraft:white_carpet":3,"minecraft:grass":195,"minecraft:oak_log":29,"minecraft:coal_ore":55,"minecraft:sand":34,"minecraft:dirt":18,"minecraft:stonecutter":1,"minecraft:oak_leaves":59},"minecraft:custom":{"minecraft:mob_kills":20,"minecraft:interact_with_crafting_table":20,"minecraft:damage_dealt_resisted":36,"minecraft:leave_game":3,"minecraft:time_since_death":18979,"minecraft:climb_one_cm":1872,"minecraft:sprint_one_cm":439537,"minecraft:walk_one_cm":510441,"minecraft:drop":401,"minecraft:talked_to_villager":1,"minecraft:play_time":141804,"minecraft:deaths":13,"minecraft:sneak_time":9448,"minecraft:walk_under_water_one_cm":12785,"minecraft:boat_one_cm":5985,"minecraft:jump":2498,"minecraft:walk_on_water_one_cm":37203,"minecraft:total_world_time":141804,"minecraft:interact_with_furnace":4,"minecraft:pot_flower":1,"minecraft:sleep_in_bed":10,"minecraft:time_since_rest":11157,"minecraft:damage_taken":3715,"minecraft:damage_dealt":3068,"minecraft:swim_one_cm":53363,"minecraft:fly_one_cm":603520,"minecraft:open_chest":66,"minecraft:crouch_one_cm":40628,"minecraft:fall_one_cm":86635},"minecraft:dropped":{"minecraft:bread":6,"minecraft:porkchop":1,"minecraft:wheat_seeds":1,"minecraft:oak_log":23,"minecraft:cooked_porkchop":2,"farmersdelight:cooked_bacon":4,"minecraft:cobblestone":80,"minecraft:acacia_log":12,"minecraft:coal":59,"minecraft:stick":3,"minecraft:dirt":120,"minecraft:grass":1,"toughasnails:leaf_boots":2,"minecraft:potion":1,"toughasnails:leaf_helmet":1,"minecraft:sand":27,"toughasnails:leaf_leggings":1,"minecraft:acacia_planks":29,"minecraft:oak_door":1,"minecraft:stone_axe":1,"toughasnails:leaf_chestplate":1,"minecraft:coarse_dirt":2,"minecraft:clay_ball":26,"minecraft:oak_sapling":3,"minecraft:acacia_sapling":3,"minecraft:sandstone":5,"minecraft:beef":3,"minecraft:wooden_pickaxe":1,"minecraft:stone_pickaxe":1},"minecraft:picked_up":{"toughasnails:leaf_leggings":6,"minecraft:coarse_dirt":2,"minecraft:allium":30,"minecraft:clay_ball":24,"minecraft:wooden_pickaxe":5,"minecraft:potion":6,"minecraft:raw_copper":82,"minecraft:white_carpet":3,"minecraft:oak_sign":1,"minecraft:blue_orchid":14,"toughasnails:leaf_boots":4,"minecraft:beef":8,"minecraft:azalea_leaves":23,"minecraft:lectern":1,"minecraft:chest":11,"minecraft:sandstone":12,"minecraft:stick":10,"minecraft:oak_door":4,"minecraft:torch":27,"minecraft:acacia_log":60,"minecraft:flowering_azalea_leaves":10,"minecraft:porkchop":7,"farmersdelight:tomato_seeds":4,"minecraft:cauldron":2,"minecraft:stone_sword":1,"minecraft:rotten_flesh":12,"minecraft:stone_shovel":1,"minecraft:arrow":12,"farmersdelight:onion":11,"minecraft:shears":1,"minecraft:hay_block":10,"mowziesmobs:umvuthana_mask_bliss":3,"minecraft:cobblestone":138,"minecraft:feather":10,"minecraft:orange_carpet":2,"minecraft:leather":1,"toughasnails:leaf_helmet":4,"minecraft:tuff":1,"minecraft:oak_log":52,"farmersdelight:cooked_bacon":4,"minecraft:gunpowder":3,"minecraft:dirt":433,"farmersdelight:organic_compost":6,"minecraft:bone":4,"minecraft:acacia_planks":87,"minecraft:apple":2,"minecraft:stonecutter":1,"minecraft:wheat_seeds":78,"minecraft:bell":2,"minecraft:grindstone":1,"minecraft:stone_pickaxe":2,"farmersdelight:egg_sandwich":1,"minecraft:glass_bottle":1,"minecraft:acacia_sapling":12,"minecraft:oak_planks":15,"minecraft:book":24,"toughasnails:leaf_chestplate":6,"minecraft:cooked_porkchop":18,"minecraft:sand":122,"minecraft:spider_eye":2,"minecraft:mangrove_leaves":1,"minecraft:stone_axe":8,"minecraft:grass":2,"minecraft:bread":9,"minecraft:oak_sapling":10,"minecraft:coal":59,"minecraft:oak_leaves":53},"minecraft:killed":{"minecraft:spider":1,"minecraft:skeleton":1,"minecraft:drowned":1,"minecraft:pig":4,"minecraft:iron_golem":1,"mowziesmobs:umvuthana_follower_raptor":6,"minecraft:zombie":2,"mowziesmobs:umvuthana_raptor":1,"minecraft:cow":2}},"DataVersion":3465}