{"stats":{"minecraft:used":{"minecraft:rotten_flesh":4,"minecraft:stone_axe":32,"minecraft:potion":1},"minecraft:killed_by":{"minecraft:skeleton":3,"minecraft:spider":1},"minecraft:mined":{"minecraft:grass":1,"minecraft:acacia_log":24,"minecraft:acacia_leaves":1},"minecraft:picked_up":{"minecraft:arrow":6,"minecraft:rotten_flesh":6,"minecraft:stone_axe":2,"minecraft:acacia_log":23,"minecraft:potion":1,"minecraft:sand":1,"minecraft:gunpowder":2,"minecraft:spider_eye":1},"minecraft:custom":{"minecraft:open_chest":3,"minecraft:time_since_rest":5805,"minecraft:crouch_one_cm":767,"minecraft:play_time":17522,"minecraft:sprint_one_cm":50501,"minecraft:walk_one_cm":45477,"minecraft:damage_taken":1280,"minecraft:deaths":4,"minecraft:sneak_time":399,"minecraft:walk_under_water_one_cm":1933,"minecraft:mob_kills":2,"minecraft:jump":307,"minecraft:damage_dealt":455,"minecraft:time_since_death":7448,"minecraft:walk_on_water_one_cm":13220,"minecraft:sleep_in_bed":1,"minecraft:total_world_time":17522,"minecraft:interact_with_crafting_table":2,"minecraft:swim_one_cm":21940,"minecraft:fall_one_cm":8975,"minecraft:fly_one_cm":70616},"minecraft:killed":{"minecraft:skeleton":1,"minecraft:spider":1}},"DataVersion":3465}