{"stats":{"minecraft:used":{"minecraft:stone_sword":64,"minecraft:acacia_log":1,"toughasnails:leaf_helmet":1,"minecraft:stone_shovel":395,"minecraft:oak_sign":2,"minecraft:chest":8,"minecraft:grass":1,"toughasnails:leaf_boots":5,"minecraft:rotten_flesh":13,"minecraft:oak_door":5,"minecraft:torch":2,"mowziesmobs:umvuthana_mask_bliss":3,"minecraft:dirt":145,"minecraft:white_carpet":3,"minecraft:acacia_sapling":3,"minecraft:big_dripleaf":4,"farmersdelight:cooked_salmon_slice":4,"farmersdelight:tomato_seeds":5,"minecraft:acacia_planks":10,"minecraft:mangrove_leaves":1,"minecraft:wheat_seeds":21,"toughasnails:leaf_leggings":5,"minecraft:stone_pickaxe":100,"minecraft:glass_bottle":29,"minecraft:oak_planks":63,"minecraft:wooden_pickaxe":24,"minecraft:sandstone":5,"farmersdelight:onion":17,"minecraft:orange_carpet":2,"minecraft:sand":15,"minecraft:crafting_table":1,"minecraft:shears":89,"minecraft:flower_pot":1,"minecraft:apple":1,"minecraft:bread":2,"toughasnails:leaf_chestplate":5,"minecraft:stone_axe":112,"minecraft:potion":29,"farmersdelight:egg_sandwich":1,"minecraft:cooked_porkchop":6,"minecraft:air":1,"minecraft:bone_meal":23},"minecraft:crafted":{"minecraft:oak_door":3,"minecraft:oak_planks":116,"minecraft:stone_shovel":3,"minecraft:oak_sign":3,"minecraft:bone_meal":27,"toughasnails:leaf_leggings":3,"minecraft:stone_pickaxe":1,"minecraft:chest":5,"farmersdelight:tomato_seeds":4,"toughasnails:leaf_boots":4,"minecraft:crafting_table":1,"toughasnails:leaf_chestplate":3,"minecraft:wooden_pickaxe":1,"minecraft:stone_axe":1,"minecraft:stick":20,"minecraft:stone_sword":1,"minecraft:acacia_planks":44},"minecraft:broken":{"toughasnails:leaf_leggings":2,"toughasnails:leaf_boots":2,"toughasnails:leaf_chestplate":2,"minecraft:shears":1,"toughasnails:leaf_helmet":1,"minecraft:stone_shovel":3},"minecraft:killed_by":{"minecraft:player":1,"minecraft:spider":1,"mowziesmobs:umvuthana_follower_raptor":2,"man:managgresive":3,"minecraft:skeleton":3,"mowziesmobs:umvuthana_raptor":5},"minecraft:mined":{"minecraft:tuff":1,"farmersdelight:onions":6,"minecraft:acacia_log":25,"minecraft:allium":10,"minecraft:grass_block":412,"farmersdelight:tomatoes":5,"minecraft:oak_wall_sign":1,"minecraft:sandstone":2,"minecraft:hay_block":10,"farmersdelight:wild_onions":11,"minecraft:bell":2,"minecraft:bookshelf":8,"minecraft:water_cauldron":2,"minecraft:vine":2,"minecraft:flowering_azalea_leaves":11,"minecraft:dirt_path":3,"minecraft:azalea_leaves":24,"minecraft:blue_orchid":14,"minecraft:stone":39,"minecraft:acacia_leaves":1,"farmersdelight:organic_compost":6,"minecraft:kelp_plant":5,"minecraft:melon_stem":2,"minecraft:clay":6,"minecraft:chest":8,"minecraft:lectern":1,"farmersdelight:cabbages":2,"minecraft:copper_ore":12,"minecraft:deepslate_coal_ore":1,"minecraft:grindstone":1,"minecraft:oak_planks":1,"minecraft:wall_torch":4,"minecraft:orange_carpet":2,"minecraft:big_dripleaf":3,"minecraft:coarse_dirt":2,"minecraft:acacia_sapling":3,"minecraft:wheat":5,"minecraft:white_carpet":3,"minecraft:grass":198,"minecraft:oak_log":29,"minecraft:coal_ore":55,"minecraft:sand":37,"minecraft:dirt":18,"minecraft:stonecutter":1,"minecraft:oak_leaves":59},"minecraft:custom":{"minecraft:mob_kills":31,"minecraft:interact_with_crafting_table":21,"minecraft:damage_dealt_resisted":84,"minecraft:leave_game":4,"minecraft:time_since_death":9388,"minecraft:climb_one_cm":2067,"minecraft:sprint_one_cm":586999,"minecraft:walk_one_cm":669705,"minecraft:drop":426,"minecraft:talked_to_villager":1,"minecraft:play_time":178159,"minecraft:deaths":18,"minecraft:sneak_time":10603,"minecraft:walk_under_water_one_cm":17229,"minecraft:boat_one_cm":29475,"minecraft:jump":3288,"minecraft:walk_on_water_one_cm":50831,"minecraft:total_world_time":178159,"minecraft:interact_with_furnace":4,"minecraft:pot_flower":1,"minecraft:sleep_in_bed":13,"minecraft:time_since_rest":1966,"minecraft:damage_taken":5419,"minecraft:damage_dealt":4344,"minecraft:swim_one_cm":67947,"minecraft:fly_one_cm":830827,"minecraft:open_chest":85,"minecraft:crouch_one_cm":46096,"minecraft:fall_one_cm":113556},"minecraft:dropped":{"minecraft:bread":6,"minecraft:porkchop":1,"minecraft:wheat_seeds":2,"minecraft:oak_log":23,"minecraft:cooked_porkchop":2,"farmersdelight:cooked_bacon":4,"minecraft:cobblestone":80,"minecraft:acacia_log":12,"minecraft:coal":59,"minecraft:cod":2,"minecraft:stick":3,"minecraft:pufferfish":6,"minecraft:dirt":120,"minecraft:grass":1,"toughasnails:leaf_boots":2,"minecraft:bone_meal":6,"farmersdelight:onion":5,"minecraft:potion":1,"toughasnails:leaf_helmet":1,"minecraft:sand":27,"toughasnails:leaf_leggings":1,"minecraft:acacia_planks":29,"minecraft:oak_door":1,"farmersdelight:rotten_tomato":1,"minecraft:stone_axe":1,"toughasnails:leaf_chestplate":1,"minecraft:coarse_dirt":2,"minecraft:stone_sword":1,"minecraft:clay_ball":26,"minecraft:salmon":1,"minecraft:oak_sapling":3,"minecraft:acacia_sapling":3,"minecraft:sandstone":5,"minecraft:beef":3,"minecraft:wooden_pickaxe":1,"minecraft:stone_pickaxe":1,"farmersdelight:tomato":2},"minecraft:picked_up":{"toughasnails:leaf_leggings":9,"minecraft:coarse_dirt":2,"minecraft:allium":30,"minecraft:clay_ball":24,"minecraft:wooden_pickaxe":5,"minecraft:potion":7,"minecraft:string":2,"minecraft:raw_copper":82,"minecraft:white_carpet":3,"minecraft:pufferfish":10,"minecraft:oak_sign":1,"minecraft:blue_orchid":14,"farmersdelight:cabbage":2,"toughasnails:leaf_boots":6,"minecraft:beef":10,"minecraft:azalea_leaves":23,"minecraft:lectern":1,"minecraft:chest":11,"farmersdelight:cabbage_seeds":4,"minecraft:sandstone":12,"minecraft:stick":12,"minecraft:oak_door":4,"farmersdelight:rotten_tomato":1,"minecraft:big_dripleaf":4,"minecraft:torch":35,"minecraft:acacia_log":60,"minecraft:flowering_azalea_leaves":10,"minecraft:porkchop":7,"farmersdelight:tomato_seeds":5,"minecraft:cauldron":2,"minecraft:stone_sword":7,"minecraft:rotten_flesh":14,"minecraft:stone_shovel":1,"minecraft:arrow":17,"farmersdelight:onion":33,"minecraft:shears":1,"minecraft:hay_block":10,"mowziesmobs:umvuthana_mask_bliss":7,"minecraft:cod":2,"minecraft:cobblestone":138,"minecraft:feather":15,"minecraft:salmon":1,"minecraft:orange_carpet":2,"minecraft:leather":1,"toughasnails:leaf_helmet":4,"minecraft:tuff":1,"minecraft:oak_log":52,"farmersdelight:cooked_bacon":4,"minecraft:gunpowder":5,"farmersdelight:tomato":6,"minecraft:dirt":433,"farmersdelight:organic_compost":6,"minecraft:bone":10,"minecraft:acacia_planks":87,"minecraft:apple":2,"mowziesmobs:umvuthana_mask_rage":2,"minecraft:stonecutter":1,"minecraft:wheat_seeds":80,"minecraft:bell":2,"minecraft:grindstone":1,"minecraft:stone_pickaxe":4,"farmersdelight:egg_sandwich":1,"minecraft:glass_bottle":5,"mowziesmobs:umvuthana_mask_misery":2,"minecraft:acacia_sapling":12,"minecraft:oak_planks":15,"minecraft:book":24,"toughasnails:leaf_chestplate":8,"minecraft:cooked_porkchop":42,"minecraft:sand":125,"minecraft:spider_eye":3,"minecraft:mangrove_leaves":1,"minecraft:stone_axe":9,"minecraft:bone_meal":3,"minecraft:grass":2,"minecraft:bread":9,"mowziesmobs:umvuthana_mask_fear":5,"minecraft:oak_sapling":12,"farmersdelight:cooked_salmon_slice":6,"minecraft:coal":59,"minecraft:oak_leaves":53},"minecraft:killed":{"minecraft:spider":2,"minecraft:skeleton":1,"minecraft:drowned":1,"minecraft:pig":4,"minecraft:iron_golem":1,"mowziesmobs:umvuthana_follower_raptor":12,"minecraft:creeper":1,"minecraft:zombie":3,"mowziesmobs:umvuthana_raptor":2,"minecraft:cow":2}},"DataVersion":3465}