{"stats":{"minecraft:crafted":{"minecraft:oak_door":3,"toughasnails:leaf_boots":1,"minecraft:oak_planks":116,"minecraft:stone_shovel":2,"minecraft:oak_sign":3,"toughasnails:leaf_chestplate":1,"minecraft:crafting_table":1,"minecraft:wooden_pickaxe":1,"minecraft:stone_axe":1,"toughasnails:leaf_leggings":1,"minecraft:stick":20,"minecraft:stone_sword":1,"minecraft:stone_pickaxe":1,"minecraft:chest":5,"minecraft:acacia_planks":44},"minecraft:used":{"minecraft:wheat_seeds":20,"minecraft:stone_sword":2,"toughasnails:leaf_leggings":3,"minecraft:acacia_log":1,"toughasnails:leaf_helmet":1,"minecraft:stone_pickaxe":3,"minecraft:glass_bottle":6,"minecraft:stone_shovel":264,"minecraft:oak_planks":63,"minecraft:oak_sign":2,"minecraft:chest":8,"minecraft:wooden_pickaxe":24,"minecraft:sandstone":5,"toughasnails:leaf_boots":2,"minecraft:rotten_flesh":13,"minecraft:oak_door":5,"minecraft:torch":2,"mowziesmobs:umvuthana_mask_bliss":1,"minecraft:sand":12,"minecraft:dirt":138,"minecraft:crafting_table":1,"minecraft:shears":35,"minecraft:apple":1,"toughasnails:leaf_chestplate":3,"minecraft:stone_axe":94,"minecraft:potion":6,"minecraft:acacia_planks":10,"minecraft:mangrove_leaves":1},"minecraft:broken":{"toughasnails:leaf_leggings":1,"toughasnails:leaf_boots":1,"toughasnails:leaf_chestplate":1,"toughasnails:leaf_helmet":1,"minecraft:stone_shovel":2},"minecraft:killed_by":{"man:managgresive":2,"minecraft:skeleton":3,"minecraft:spider":1,"mowziesmobs:umvuthana_follower_raptor":1,"mowziesmobs:umvuthana_raptor":2},"minecraft:mined":{"minecraft:acacia_leaves":1,"minecraft:kelp_plant":5,"minecraft:acacia_log":25,"minecraft:grass_block":278,"minecraft:chest":6,"minecraft:copper_ore":3,"minecraft:oak_planks":1,"minecraft:oak_wall_sign":1,"minecraft:sandstone":2,"minecraft:wall_torch":2,"minecraft:coarse_dirt":2,"minecraft:flowering_azalea_leaves":11,"minecraft:grass":186,"minecraft:vine":1,"minecraft:oak_log":29,"minecraft:dirt":11,"minecraft:sand":34,"minecraft:azalea_leaves":24,"minecraft:stone":22,"minecraft:oak_leaves":5},"minecraft:custom":{"minecraft:interact_with_furnace":1,"minecraft:mob_kills":12,"minecraft:interact_with_crafting_table":14,"minecraft:damage_dealt_resisted":36,"minecraft:leave_game":1,"minecraft:time_since_death":14028,"minecraft:sleep_in_bed":9,"minecraft:climb_one_cm":644,"minecraft:time_since_rest":7201,"minecraft:sprint_one_cm":291539,"minecraft:damage_taken":3416,"minecraft:walk_one_cm":355260,"minecraft:drop":293,"minecraft:damage_dealt":1548,"minecraft:swim_one_cm":34406,"minecraft:fly_one_cm":370354,"minecraft:open_chest":39,"minecraft:crouch_one_cm":26993,"minecraft:play_time":95254,"minecraft:deaths":12,"minecraft:sneak_time":5967,"minecraft:walk_under_water_one_cm":10312,"minecraft:jump":1618,"minecraft:walk_on_water_one_cm":27666,"minecraft:total_world_time":95254,"minecraft:fall_one_cm":54549},"minecraft:picked_up":{"toughasnails:leaf_leggings":5,"minecraft:coarse_dirt":2,"minecraft:feather":8,"minecraft:wooden_pickaxe":5,"toughasnails:leaf_helmet":4,"minecraft:potion":6,"minecraft:oak_log":52,"minecraft:gunpowder":3,"minecraft:dirt":287,"minecraft:raw_copper":8,"minecraft:bone":4,"minecraft:oak_sign":1,"minecraft:acacia_planks":87,"minecraft:apple":2,"minecraft:wheat_seeds":57,"toughasnails:leaf_boots":4,"minecraft:beef":3,"minecraft:stone_pickaxe":1,"minecraft:azalea_leaves":23,"minecraft:chest":9,"minecraft:oak_planks":15,"minecraft:acacia_sapling":9,"toughasnails:leaf_chestplate":5,"minecraft:stick":10,"minecraft:sandstone":12,"minecraft:oak_door":4,"minecraft:torch":23,"minecraft:acacia_log":60,"minecraft:flowering_azalea_leaves":10,"minecraft:porkchop":3,"minecraft:sand":117,"minecraft:spider_eye":2,"minecraft:mangrove_leaves":1,"minecraft:stone_shovel":1,"minecraft:arrow":12,"minecraft:rotten_flesh":9,"minecraft:stone_axe":7,"minecraft:shears":1,"mowziesmobs:umvuthana_mask_bliss":2,"minecraft:oak_sapling":10,"minecraft:cobblestone":117},"minecraft:dropped":{"minecraft:oak_door":1,"minecraft:stone_axe":1,"toughasnails:leaf_chestplate":1,"minecraft:wheat_seeds":1,"minecraft:coarse_dirt":2,"minecraft:oak_log":23,"minecraft:cobblestone":62,"minecraft:acacia_log":12,"minecraft:stick":3,"minecraft:dirt":114,"toughasnails:leaf_boots":1,"minecraft:oak_sapling":3,"minecraft:acacia_sapling":3,"minecraft:potion":1,"toughasnails:leaf_helmet":1,"minecraft:sandstone":5,"minecraft:sand":27,"minecraft:stone_pickaxe":1,"minecraft:wooden_pickaxe":1,"toughasnails:leaf_leggings":1,"minecraft:acacia_planks":29},"minecraft:killed":{"minecraft:pig":2,"minecraft:spider":1,"mowziesmobs:umvuthana_follower_raptor":4,"minecraft:skeleton":1,"minecraft:zombie":1,"minecraft:drowned":1,"mowziesmobs:umvuthana_raptor":1}},"DataVersion":3465}