{"stats":{"minecraft:crafted":{"minecraft:oak_door":3,"minecraft:oak_planks":116,"minecraft:stone_shovel":2,"minecraft:oak_sign":3,"minecraft:crafting_table":1,"minecraft:wooden_pickaxe":1,"minecraft:stick":8,"minecraft:chest":5,"minecraft:acacia_planks":44},"minecraft:used":{"minecraft:wheat_seeds":3,"toughasnails:leaf_leggings":2,"minecraft:acacia_log":1,"toughasnails:leaf_helmet":1,"minecraft:glass_bottle":4,"minecraft:stone_shovel":264,"minecraft:oak_planks":63,"minecraft:oak_sign":2,"minecraft:chest":8,"minecraft:wooden_pickaxe":15,"minecraft:sandstone":5,"toughasnails:leaf_boots":2,"minecraft:rotten_flesh":7,"minecraft:oak_door":4,"minecraft:torch":1,"minecraft:sand":12,"minecraft:dirt":136,"minecraft:crafting_table":1,"minecraft:apple":1,"toughasnails:leaf_chestplate":2,"minecraft:stone_axe":82,"minecraft:potion":4,"minecraft:acacia_planks":10},"minecraft:broken":{"minecraft:stone_shovel":2},"minecraft:killed_by":{"man:managgresive":1,"minecraft:skeleton":3,"minecraft:spider":1},"minecraft:mined":{"minecraft:acacia_leaves":1,"minecraft:kelp_plant":5,"minecraft:acacia_log":25,"minecraft:grass_block":276,"minecraft:chest":6,"minecraft:oak_planks":1,"minecraft:oak_wall_sign":1,"minecraft:sandstone":2,"minecraft:wall_torch":1,"minecraft:coarse_dirt":2,"minecraft:grass":50,"minecraft:vine":1,"minecraft:oak_log":29,"minecraft:dirt":11,"minecraft:sand":33,"minecraft:stone":13,"minecraft:oak_leaves":5},"minecraft:dropped":{"minecraft:stone_axe":1,"toughasnails:leaf_chestplate":1,"minecraft:wheat_seeds":1,"minecraft:coarse_dirt":2,"minecraft:oak_log":23,"minecraft:cobblestone":32,"minecraft:acacia_log":12,"minecraft:stick":3,"minecraft:dirt":114,"toughasnails:leaf_boots":1,"minecraft:oak_sapling":3,"minecraft:acacia_sapling":3,"minecraft:potion":1,"toughasnails:leaf_helmet":1,"minecraft:sandstone":5,"minecraft:sand":27,"minecraft:wooden_pickaxe":1,"toughasnails:leaf_leggings":1,"minecraft:acacia_planks":29},"minecraft:custom":{"minecraft:interact_with_furnace":1,"minecraft:mob_kills":6,"minecraft:interact_with_crafting_table":10,"minecraft:leave_game":1,"minecraft:time_since_death":15346,"minecraft:sleep_in_bed":6,"minecraft:climb_one_cm":424,"minecraft:time_since_rest":6124,"minecraft:sprint_one_cm":194108,"minecraft:damage_taken":1957,"minecraft:walk_one_cm":219925,"minecraft:drop":261,"minecraft:damage_dealt":891,"minecraft:swim_one_cm":32579,"minecraft:fly_one_cm":243483,"minecraft:open_chest":15,"minecraft:crouch_one_cm":24229,"minecraft:play_time":65254,"minecraft:deaths":7,"minecraft:sneak_time":4983,"minecraft:walk_under_water_one_cm":4980,"minecraft:jump":1092,"minecraft:walk_on_water_one_cm":20678,"minecraft:total_world_time":65254,"minecraft:fall_one_cm":35709},"minecraft:picked_up":{"toughasnails:leaf_leggings":4,"minecraft:coarse_dirt":2,"minecraft:feather":2,"minecraft:wooden_pickaxe":3,"toughasnails:leaf_helmet":4,"minecraft:potion":4,"minecraft:oak_log":52,"minecraft:gunpowder":3,"minecraft:dirt":285,"minecraft:oak_sign":1,"minecraft:acacia_planks":87,"minecraft:apple":2,"minecraft:wheat_seeds":9,"toughasnails:leaf_boots":4,"minecraft:chest":9,"minecraft:oak_planks":15,"minecraft:acacia_sapling":9,"toughasnails:leaf_chestplate":4,"minecraft:stick":6,"minecraft:sandstone":12,"minecraft:oak_door":3,"minecraft:torch":22,"minecraft:acacia_log":60,"minecraft:sand":117,"minecraft:spider_eye":2,"minecraft:stone_shovel":1,"minecraft:arrow":8,"minecraft:rotten_flesh":9,"minecraft:stone_axe":5,"minecraft:oak_sapling":10,"minecraft:cobblestone":108},"minecraft:killed":{"minecraft:spider":1,"mowziesmobs:umvuthana_follower_raptor":2,"minecraft:skeleton":1,"minecraft:zombie":1,"minecraft:drowned":1}},"DataVersion":3465}