{"stats":{"minecraft:killed_by":{"minecraft:player":1,"minecraft:spider":1,"mowziesmobs:umvuthana_follower_raptor":2,"man:managgresive":5,"minecraft:skeleton":6,"mowziesmobs:umvuthana_raptor":5},"minecraft:mined":{"create:zinc_ore":8,"minecraft:white_bed":2,"minecraft:tuff":1,"farmersdelight:onions":27,"minecraft:glow_lichen":4,"minecraft:allium":10,"minecraft:acacia_log":25,"minecraft:grass_block":413,"farmersdelight:tomatoes":5,"minecraft:composter":1,"minecraft:sandstone":2,"minecraft:oak_wall_sign":1,"minecraft:large_fern":2,"minecraft:hay_block":22,"farmersdelight:wild_onions":11,"minecraft:iron_ore":16,"minecraft:andesite":10,"minecraft:flowering_azalea_leaves":11,"minecraft:gold_block":2,"minecraft:dirt_path":3,"minecraft:bell":2,"minecraft:vine":2,"minecraft:water_cauldron":2,"minecraft:bookshelf":8,"minecraft:pointed_dripstone":2,"farmersdelight:rice_panicles":15,"minecraft:azalea_leaves":24,"minecraft:stone":53,"minecraft:blue_orchid":14,"minecraft:acacia_leaves":1,"farmersdelight:organic_compost":6,"minecraft:kelp_plant":5,"minecraft:melon_stem":2,"minecraft:clay":6,"minecraft:cornflower":1,"minecraft:emerald_ore":1,"minecraft:chest":8,"minecraft:dead_bush":1,"minecraft:lectern":1,"minecraft:cobblestone":4,"minecraft:copper_ore":15,"minecraft:tall_grass":1,"farmersdelight:cabbages":3,"minecraft:deepslate_coal_ore":1,"minecraft:oak_planks":1,"minecraft:grindstone":1,"minecraft:sugar_cane":5,"minecraft:wall_torch":4,"minecraft:orange_carpet":2,"minecraft:big_dripleaf":3,"minecraft:coarse_dirt":2,"minecraft:acacia_sapling":3,"minecraft:wheat":52,"minecraft:white_carpet":3,"minecraft:jungle_fence":1,"minecraft:grass":229,"minecraft:coal_ore":62,"minecraft:oak_log":29,"minecraft:dirt":18,"minecraft:sand":37,"minecraft:stonecutter":1,"minecraft:small_dripleaf":1,"minecraft:oak_leaves":59},"minecraft:crafted":{"minecraft:oak_door":3,"minecraft:oak_planks":116,"minecraft:oak_sign":3,"minecraft:stone_shovel":3,"minecraft:bone_meal":45,"toughasnails:leaf_leggings":4,"minecraft:stone_pickaxe":1,"minecraft:chest":5,"farmersdelight:rice":12,"minecraft:wheat":108,"farmersdelight:tomato_seeds":25,"toughasnails:leaf_boots":5,"minecraft:crafting_table":1,"toughasnails:leaf_chestplate":4,"minecraft:wooden_pickaxe":1,"minecraft:iron_sword":1,"minecraft:stone_axe":1,"minecraft:bread":50,"minecraft:stick":44,"minecraft:iron_pickaxe":1,"minecraft:stone_sword":1,"minecraft:acacia_planks":56},"minecraft:dropped":{"minecraft:bread":6,"minecraft:porkchop":1,"minecraft:wheat_seeds":8,"minecraft:oak_log":23,"minecraft:cooked_porkchop":2,"farmersdelight:cooked_bacon":4,"minecraft:feather":2,"minecraft:cobblestone":80,"mowziesmobs:umvuthana_mask_fear":1,"minecraft:acacia_log":12,"minecraft:coal":59,"minecraft:cod":6,"minecraft:stick":4,"minecraft:pufferfish":7,"minecraft:dirt":120,"minecraft:grass":1,"farmersdelight:cooked_cod_slice":5,"toughasnails:leaf_boots":2,"minecraft:potion":1,"farmersdelight:onion":5,"toughasnails:leaf_helmet":1,"minecraft:bone_meal":6,"minecraft:sand":27,"toughasnails:leaf_leggings":1,"minecraft:acacia_planks":29,"minecraft:oak_door":1,"minecraft:white_tulip":4,"farmersdelight:rotten_tomato":1,"minecraft:stone_axe":1,"toughasnails:leaf_chestplate":1,"minecraft:coarse_dirt":2,"minecraft:stone_sword":1,"minecraft:wheat":8,"minecraft:rotten_flesh":8,"minecraft:clay_ball":26,"minecraft:salmon":1,"farmersdelight:rice_panicle":2,"mowziesmobs:umvuthana_mask_misery":2,"minecraft:melon_seeds":1,"minecraft:oak_sapling":3,"minecraft:acacia_sapling":3,"minecraft:ladder":1,"minecraft:sandstone":5,"minecraft:beef":3,"minecraft:stone_pickaxe":1,"minecraft:wooden_pickaxe":1,"farmersdelight:tomato":3},"minecraft:killed":{"minecraft:spider":3,"minecraft:skeleton":1,"minecraft:chicken":2,"minecraft:drowned":1,"minecraft:pig":4,"minecraft:iron_golem":1,"mowziesmobs:umvuthana_follower_raptor":17,"minecraft:creeper":2,"minecraft:zombie":12,"mowziesmobs:umvuthana_raptor":3,"minecraft:cow":2},"minecraft:broken":{"toughasnails:leaf_leggings":4,"toughasnails:leaf_boots":4,"toughasnails:leaf_chestplate":4,"minecraft:shears":1,"toughasnails:leaf_helmet":1,"minecraft:stone_shovel":3},"minecraft:used":{"minecraft:stone_sword":117,"toughasnails:leaf_helmet":1,"minecraft:acacia_log":1,"minecraft:stone_shovel":395,"farmersdelight:cabbage_seeds":7,"minecraft:oak_sign":2,"minecraft:chest":10,"minecraft:iron_sword":1,"toughasnails:leaf_boots":7,"minecraft:cooked_chicken":1,"minecraft:rotten_flesh":13,"minecraft:grass":1,"minecraft:oak_door":5,"minecraft:torch":2,"minecraft:dirt":145,"mowziesmobs:umvuthana_mask_bliss":3,"minecraft:white_carpet":3,"farmersdelight:cooked_cod_slice":5,"minecraft:acacia_sapling":3,"minecraft:oak_fence_gate":2,"minecraft:big_dripleaf":4,"farmersdelight:cooked_salmon_slice":4,"farmersdelight:rotten_tomato":7,"minecraft:egg":3,"farmersdelight:tomato_seeds":26,"minecraft:acacia_planks":10,"farmersdelight:fried_egg":29,"minecraft:mangrove_leaves":1,"minecraft:wheat_seeds":123,"toughasnails:leaf_leggings":7,"minecraft:stone_pickaxe":100,"minecraft:glass_bottle":91,"minecraft:jungle_fence":2,"minecraft:oak_planks":63,"minecraft:wooden_pickaxe":24,"minecraft:sandstone":5,"minecraft:composter":1,"farmersdelight:onion":89,"minecraft:sand":15,"minecraft:orange_carpet":2,"minecraft:tnt":1,"minecraft:crafting_table":1,"minecraft:white_bed":3,"farmersdelight:rice":12,"minecraft:shears":89,"minecraft:flower_pot":1,"minecraft:apple":1,"minecraft:bread":12,"minecraft:iron_pickaxe":70,"toughasnails:leaf_chestplate":7,"minecraft:stone_axe":112,"minecraft:fishing_rod":3,"minecraft:cobblestone":16,"minecraft:potion":92,"farmersdelight:egg_sandwich":1,"minecraft:white_banner":1,"minecraft:cooked_porkchop":9,"minecraft:air":5,"minecraft:bone_meal":54},"minecraft:custom":{"minecraft:mob_kills":50,"minecraft:animals_bred":17,"minecraft:interact_with_crafting_table":42,"minecraft:open_barrel":2,"minecraft:damage_dealt_resisted":97,"minecraft:leave_game":7,"minecraft:time_since_death":22546,"minecraft:climb_one_cm":6011,"minecraft:sprint_one_cm":1097064,"minecraft:walk_one_cm":1399946,"minecraft:drop":473,"minecraft:play_time":370259,"minecraft:sneak_time":18391,"minecraft:deaths":24,"minecraft:talked_to_villager":1,"minecraft:walk_under_water_one_cm":26959,"minecraft:boat_one_cm":92829,"minecraft:jump":6202,"minecraft:walk_on_water_one_cm":92032,"minecraft:total_world_time":370259,"minecraft:interact_with_furnace":4,"minecraft:pot_flower":1,"minecraft:sleep_in_bed":27,"minecraft:time_since_rest":543,"minecraft:damage_taken":7734,"minecraft:damage_dealt":6580,"minecraft:swim_one_cm":116638,"minecraft:fly_one_cm":1517812,"minecraft:open_chest":157,"minecraft:crouch_one_cm":74747,"minecraft:fish_caught":1,"minecraft:fall_one_cm":190086},"minecraft:picked_up":{"sereneseasons:calendar":1,"toughasnails:leaf_leggings":12,"minecraft:fishing_rod":3,"minecraft:coarse_dirt":2,"minecraft:wheat":52,"minecraft:allium":30,"minecraft:chicken":1,"minecraft:ladder":1,"minecraft:clay_ball":24,"minecraft:wooden_pickaxe":5,"farmersdelight:rice_panicle":14,"minecraft:gold_block":4,"minecraft:potion":13,"minecraft:oak_trapdoor":1,"minecraft:string":6,"minecraft:raw_copper":102,"minecraft:white_carpet":3,"minecraft:pufferfish":11,"minecraft:blue_orchid":14,"minecraft:oak_sign":1,"farmersdelight:cabbage":3,"toughasnails:leaf_boots":9,"minecraft:beef":10,"minecraft:white_tulip":4,"minecraft:iron_pickaxe":1,"farmersdelight:cod_slice":2,"minecraft:iron_nugget":11,"minecraft:azalea_leaves":23,"minecraft:lectern":1,"minecraft:sugar_cane":20,"minecraft:chest":11,"farmersdelight:golden_knife":1,"farmersdelight:cabbage_seeds":7,"minecraft:egg":38,"minecraft:stick":14,"minecraft:raw_iron":32,"minecraft:sandstone":12,"minecraft:oak_door":4,"farmersdelight:rotten_tomato":8,"minecraft:composter":2,"minecraft:big_dripleaf":4,"minecraft:torch":35,"minecraft:bowl":1,"minecraft:acacia_log":60,"minecraft:flowering_azalea_leaves":10,"minecraft:porkchop":7,"farmersdelight:tomato_seeds":8,"minecraft:pointed_dripstone":10,"minecraft:tnt":1,"minecraft:cauldron":2,"farmersdelight:cooked_cod_slice":10,"minecraft:stone_sword":13,"farmersdelight:fried_egg":68,"minecraft:arrow":28,"minecraft:stone_shovel":3,"minecraft:rotten_flesh":36,"farmersdelight:onion":114,"minecraft:shears":1,"minecraft:hay_block":34,"mowziesmobs:umvuthana_mask_bliss":8,"minecraft:cod":8,"minecraft:cobblestone":156,"mowziesmobs:umvuthana_mask_fury":2,"minecraft:feather":55,"minecraft:andesite":20,"minecraft:salmon":1,"minecraft:orange_carpet":2,"minecraft:leather":1,"minecraft:jungle_fence":2,"minecraft:potato":5,"toughasnails:leaf_helmet":4,"minecraft:tuff":1,"create:raw_zinc":8,"minecraft:oak_log":52,"farmersdelight:cooked_bacon":4,"minecraft:gunpowder":7,"farmersdelight:tomato":162,"minecraft:dirt":433,"minecraft:white_banner":1,"farmersdelight:organic_compost":6,"minecraft:bone":16,"minecraft:acacia_planks":87,"minecraft:apple":2,"mowziesmobs:umvuthana_mask_rage":2,"minecraft:stonecutter":1,"minecraft:wheat_seeds":226,"minecraft:bell":2,"minecraft:grindstone":1,"minecraft:iron_ingot":2,"minecraft:oak_fence_gate":2,"minecraft:stone_pickaxe":8,"minecraft:cooked_chicken":1,"farmersdelight:egg_sandwich":1,"minecraft:glass_bottle":5,"minecraft:iron_sword":1,"mowziesmobs:umvuthana_mask_misery":5,"minecraft:oak_planks":15,"minecraft:acacia_sapling":12,"minecraft:book":24,"toughasnails:leaf_chestplate":11,"minecraft:cooked_porkchop":42,"minecraft:sand":125,"minecraft:white_bed":3,"minecraft:spider_eye":5,"create:wheat_flour":10,"minecraft:mangrove_leaves":1,"minecraft:stone_axe":9,"minecraft:bone_meal":15,"minecraft:grass":2,"minecraft:emerald":2,"minecraft:bread":17,"mowziesmobs:umvuthana_mask_fear":12,"minecraft:oak_sapling":17,"farmersdelight:cooked_salmon_slice":6,"minecraft:melon_seeds":2,"minecraft:coal":73,"minecraft:oak_leaves":53}},"DataVersion":3465}