{"stats":{"minecraft:used":{"minecraft:rotten_flesh":2},"minecraft:picked_up":{"minecraft:sand":1,"minecraft:rotten_flesh":2},"minecraft:custom":{"minecraft:jump":128,"minecraft:time_since_rest":5522,"minecraft:damage_dealt":20,"minecraft:crouch_one_cm":338,"minecraft:walk_on_water_one_cm":6779,"minecraft:sprint_one_cm":17058,"minecraft:play_time":5522,"minecraft:damage_taken":120,"minecraft:time_since_death":5522,"minecraft:walk_one_cm":9199,"minecraft:sneak_time":271,"minecraft:total_world_time":5522,"minecraft:walk_under_water_one_cm":1683,"minecraft:swim_one_cm":21664,"minecraft:fall_one_cm":4886,"minecraft:fly_one_cm":23239}},"DataVersion":3465}