{"stats":{"minecraft:used":{"minecraft:stone_sword":25,"minecraft:acacia_log":1,"toughasnails:leaf_helmet":1,"minecraft:stone_shovel":264,"minecraft:oak_sign":2,"minecraft:chest":8,"toughasnails:leaf_boots":2,"minecraft:rotten_flesh":13,"minecraft:oak_door":5,"minecraft:torch":2,"mowziesmobs:umvuthana_mask_bliss":1,"minecraft:dirt":145,"minecraft:acacia_sapling":1,"minecraft:acacia_planks":10,"minecraft:mangrove_leaves":1,"minecraft:wheat_seeds":20,"toughasnails:leaf_leggings":3,"minecraft:stone_pickaxe":100,"minecraft:glass_bottle":10,"minecraft:oak_planks":63,"minecraft:wooden_pickaxe":24,"minecraft:sandstone":5,"minecraft:sand":12,"minecraft:crafting_table":1,"minecraft:shears":35,"minecraft:apple":1,"toughasnails:leaf_chestplate":3,"minecraft:stone_axe":108,"minecraft:potion":11,"minecraft:cooked_porkchop":2},"minecraft:crafted":{"minecraft:oak_door":3,"minecraft:oak_planks":116,"minecraft:stone_shovel":2,"minecraft:oak_sign":3,"toughasnails:leaf_leggings":1,"minecraft:stone_pickaxe":1,"minecraft:chest":5,"toughasnails:leaf_boots":1,"minecraft:crafting_table":1,"toughasnails:leaf_chestplate":1,"minecraft:wooden_pickaxe":1,"minecraft:stone_axe":1,"minecraft:stick":20,"minecraft:stone_sword":1,"minecraft:acacia_planks":44},"minecraft:killed_by":{"minecraft:spider":1,"mowziesmobs:umvuthana_follower_raptor":1,"man:managgresive":2,"minecraft:skeleton":3,"mowziesmobs:umvuthana_raptor":2},"minecraft:broken":{"toughasnails:leaf_leggings":1,"toughasnails:leaf_boots":1,"toughasnails:leaf_chestplate":1,"toughasnails:leaf_helmet":1,"minecraft:stone_shovel":2},"minecraft:mined":{"minecraft:tuff":1,"minecraft:acacia_log":25,"minecraft:allium":10,"minecraft:grass_block":281,"farmersdelight:tomatoes":4,"minecraft:oak_wall_sign":1,"minecraft:sandstone":2,"minecraft:hay_block":10,"farmersdelight:wild_onions":11,"minecraft:bell":2,"minecraft:bookshelf":8,"minecraft:water_cauldron":2,"minecraft:vine":2,"minecraft:flowering_azalea_leaves":11,"minecraft:dirt_path":3,"minecraft:azalea_leaves":24,"minecraft:blue_orchid":14,"minecraft:stone":39,"minecraft:acacia_leaves":1,"farmersdelight:organic_compost":6,"minecraft:kelp_plant":5,"minecraft:melon_stem":2,"minecraft:clay":6,"minecraft:chest":8,"minecraft:lectern":1,"minecraft:copper_ore":12,"minecraft:deepslate_coal_ore":1,"minecraft:grindstone":1,"minecraft:oak_planks":1,"minecraft:wall_torch":4,"minecraft:orange_carpet":2,"minecraft:coarse_dirt":2,"minecraft:acacia_sapling":3,"minecraft:wheat":4,"minecraft:white_carpet":2,"minecraft:grass":192,"minecraft:oak_log":29,"minecraft:coal_ore":55,"minecraft:sand":34,"minecraft:dirt":18,"minecraft:stonecutter":1,"minecraft:oak_leaves":5},"minecraft:dropped":{"minecraft:wheat_seeds":1,"minecraft:oak_log":23,"minecraft:cobblestone":80,"minecraft:acacia_log":12,"minecraft:stick":3,"minecraft:dirt":116,"toughasnails:leaf_boots":2,"minecraft:potion":1,"toughasnails:leaf_helmet":1,"minecraft:sand":27,"toughasnails:leaf_leggings":1,"minecraft:acacia_planks":29,"minecraft:oak_door":1,"minecraft:stone_axe":1,"toughasnails:leaf_chestplate":1,"minecraft:coarse_dirt":2,"minecraft:oak_sapling":3,"minecraft:acacia_sapling":3,"minecraft:sandstone":5,"minecraft:wooden_pickaxe":1,"minecraft:stone_pickaxe":1},"minecraft:custom":{"minecraft:mob_kills":15,"minecraft:interact_with_crafting_table":14,"minecraft:damage_dealt_resisted":36,"minecraft:leave_game":3,"minecraft:time_since_death":36578,"minecraft:climb_one_cm":975,"minecraft:sprint_one_cm":360403,"minecraft:walk_one_cm":434402,"minecraft:drop":297,"minecraft:talked_to_villager":1,"minecraft:play_time":117804,"minecraft:deaths":12,"minecraft:sneak_time":7556,"minecraft:walk_under_water_one_cm":11330,"minecraft:jump":2034,"minecraft:walk_on_water_one_cm":28864,"minecraft:total_world_time":117804,"minecraft:interact_with_furnace":3,"minecraft:sleep_in_bed":9,"minecraft:time_since_rest":29751,"minecraft:damage_taken":3485,"minecraft:damage_dealt":2748,"minecraft:swim_one_cm":39587,"minecraft:fly_one_cm":473175,"minecraft:open_chest":44,"minecraft:crouch_one_cm":29190,"minecraft:fall_one_cm":66978},"minecraft:picked_up":{"toughasnails:leaf_leggings":5,"minecraft:coarse_dirt":2,"minecraft:allium":30,"minecraft:clay_ball":24,"minecraft:wooden_pickaxe":5,"minecraft:potion":6,"minecraft:raw_copper":41,"minecraft:white_carpet":2,"minecraft:oak_sign":1,"minecraft:blue_orchid":14,"toughasnails:leaf_boots":4,"minecraft:beef":3,"minecraft:azalea_leaves":23,"minecraft:lectern":1,"minecraft:chest":11,"minecraft:sandstone":12,"minecraft:stick":10,"minecraft:oak_door":4,"minecraft:torch":25,"minecraft:acacia_log":60,"minecraft:flowering_azalea_leaves":10,"minecraft:porkchop":6,"farmersdelight:tomato_seeds":4,"minecraft:cauldron":2,"minecraft:rotten_flesh":10,"minecraft:stone_shovel":1,"minecraft:arrow":12,"farmersdelight:onion":11,"minecraft:shears":1,"minecraft:hay_block":10,"mowziesmobs:umvuthana_mask_bliss":2,"minecraft:cobblestone":138,"minecraft:feather":8,"minecraft:orange_carpet":2,"toughasnails:leaf_helmet":4,"minecraft:tuff":1,"minecraft:oak_log":52,"minecraft:gunpowder":3,"minecraft:dirt":300,"farmersdelight:organic_compost":6,"minecraft:bone":4,"minecraft:acacia_planks":87,"minecraft:apple":2,"minecraft:stonecutter":1,"minecraft:wheat_seeds":78,"minecraft:bell":2,"minecraft:grindstone":1,"minecraft:stone_pickaxe":1,"minecraft:acacia_sapling":12,"minecraft:oak_planks":15,"minecraft:book":24,"toughasnails:leaf_chestplate":5,"minecraft:cooked_porkchop":11,"minecraft:sand":117,"minecraft:spider_eye":2,"minecraft:mangrove_leaves":1,"minecraft:stone_axe":7,"minecraft:oak_sapling":10,"minecraft:coal":59},"minecraft:killed":{"minecraft:spider":1,"minecraft:skeleton":1,"minecraft:drowned":1,"minecraft:pig":4,"minecraft:iron_golem":1,"mowziesmobs:umvuthana_follower_raptor":4,"minecraft:zombie":1,"mowziesmobs:umvuthana_raptor":1}},"DataVersion":3465}