{"stats":{"minecraft:crafted":{"minecraft:oak_door":3,"toughasnails:leaf_boots":1,"minecraft:oak_planks":116,"minecraft:stone_shovel":2,"minecraft:oak_sign":3,"minecraft:crafting_table":1,"toughasnails:leaf_chestplate":1,"minecraft:wooden_pickaxe":1,"minecraft:stone_axe":1,"toughasnails:leaf_leggings":1,"minecraft:stick":20,"minecraft:stone_pickaxe":1,"minecraft:stone_sword":1,"minecraft:chest":5,"minecraft:acacia_planks":44},"minecraft:used":{"minecraft:wheat_seeds":20,"toughasnails:leaf_leggings":3,"minecraft:stone_sword":4,"minecraft:acacia_log":1,"toughasnails:leaf_helmet":1,"minecraft:stone_pickaxe":86,"minecraft:glass_bottle":9,"minecraft:stone_shovel":264,"minecraft:oak_planks":63,"minecraft:oak_sign":2,"minecraft:chest":8,"minecraft:wooden_pickaxe":24,"minecraft:sandstone":5,"toughasnails:leaf_boots":2,"minecraft:rotten_flesh":13,"mowziesmobs:umvuthana_mask_bliss":1,"minecraft:oak_door":5,"minecraft:sand":12,"minecraft:torch":2,"minecraft:dirt":138,"minecraft:crafting_table":1,"minecraft:shears":35,"minecraft:apple":1,"minecraft:stone_axe":95,"minecraft:potion":9,"toughasnails:leaf_chestplate":3,"minecraft:cooked_porkchop":1,"minecraft:acacia_planks":10,"minecraft:mangrove_leaves":1},"minecraft:broken":{"toughasnails:leaf_leggings":1,"toughasnails:leaf_boots":1,"toughasnails:leaf_chestplate":1,"toughasnails:leaf_helmet":1,"minecraft:stone_shovel":2},"minecraft:killed_by":{"man:managgresive":2,"minecraft:skeleton":3,"minecraft:spider":1,"mowziesmobs:umvuthana_follower_raptor":1,"mowziesmobs:umvuthana_raptor":2},"minecraft:mined":{"minecraft:tuff":1,"minecraft:acacia_leaves":1,"minecraft:kelp_plant":5,"minecraft:allium":10,"minecraft:acacia_log":25,"minecraft:grass_block":278,"minecraft:chest":6,"minecraft:copper_ore":12,"minecraft:deepslate_coal_ore":1,"minecraft:oak_planks":1,"minecraft:oak_wall_sign":1,"minecraft:sandstone":2,"minecraft:wall_torch":2,"farmersdelight:wild_onions":11,"minecraft:coarse_dirt":2,"minecraft:grass":192,"minecraft:coal_ore":55,"minecraft:oak_log":29,"minecraft:vine":1,"minecraft:flowering_azalea_leaves":11,"minecraft:sand":34,"minecraft:dirt":13,"minecraft:azalea_leaves":24,"minecraft:stone":39,"minecraft:blue_orchid":14,"minecraft:oak_leaves":5},"minecraft:custom":{"minecraft:interact_with_furnace":3,"minecraft:mob_kills":14,"minecraft:interact_with_crafting_table":14,"minecraft:damage_dealt_resisted":36,"minecraft:leave_game":2,"minecraft:time_since_death":24621,"minecraft:sleep_in_bed":9,"minecraft:climb_one_cm":825,"minecraft:time_since_rest":17794,"minecraft:sprint_one_cm":322386,"minecraft:damage_taken":3416,"minecraft:walk_one_cm":391924,"minecraft:drop":295,"minecraft:damage_dealt":1748,"minecraft:swim_one_cm":35055,"minecraft:fly_one_cm":406309,"minecraft:play_time":105847,"minecraft:crouch_one_cm":28895,"minecraft:open_chest":39,"minecraft:sneak_time":7355,"minecraft:deaths":12,"minecraft:walk_under_water_one_cm":11020,"minecraft:jump":1783,"minecraft:walk_on_water_one_cm":27917,"minecraft:total_world_time":105847,"minecraft:fall_one_cm":58857},"minecraft:picked_up":{"toughasnails:leaf_leggings":5,"minecraft:coarse_dirt":2,"minecraft:allium":30,"minecraft:feather":8,"minecraft:wooden_pickaxe":5,"toughasnails:leaf_helmet":4,"minecraft:potion":6,"minecraft:tuff":1,"minecraft:oak_log":52,"minecraft:gunpowder":3,"minecraft:dirt":289,"minecraft:raw_copper":41,"minecraft:bone":4,"minecraft:acacia_planks":87,"minecraft:oak_sign":1,"minecraft:blue_orchid":14,"minecraft:apple":2,"minecraft:wheat_seeds":59,"toughasnails:leaf_boots":4,"minecraft:beef":3,"minecraft:stone_pickaxe":1,"minecraft:azalea_leaves":23,"minecraft:chest":9,"minecraft:oak_planks":15,"minecraft:acacia_sapling":9,"toughasnails:leaf_chestplate":5,"minecraft:stick":10,"minecraft:sandstone":12,"minecraft:cooked_porkchop":11,"minecraft:oak_door":4,"minecraft:torch":23,"minecraft:acacia_log":60,"minecraft:flowering_azalea_leaves":10,"minecraft:porkchop":6,"minecraft:sand":117,"minecraft:spider_eye":2,"minecraft:mangrove_leaves":1,"minecraft:arrow":12,"minecraft:stone_shovel":1,"minecraft:rotten_flesh":10,"minecraft:stone_axe":7,"farmersdelight:onion":11,"minecraft:shears":1,"mowziesmobs:umvuthana_mask_bliss":2,"minecraft:oak_sapling":10,"minecraft:coal":59,"minecraft:cobblestone":135},"minecraft:dropped":{"minecraft:oak_door":1,"minecraft:stone_axe":1,"toughasnails:leaf_chestplate":1,"minecraft:wheat_seeds":1,"minecraft:coarse_dirt":2,"minecraft:oak_log":23,"minecraft:cobblestone":77,"minecraft:acacia_log":12,"minecraft:stick":3,"minecraft:dirt":114,"toughasnails:leaf_boots":2,"minecraft:acacia_sapling":3,"minecraft:oak_sapling":3,"minecraft:potion":1,"toughasnails:leaf_helmet":1,"minecraft:sandstone":5,"minecraft:sand":27,"minecraft:stone_pickaxe":1,"minecraft:wooden_pickaxe":1,"toughasnails:leaf_leggings":1,"minecraft:acacia_planks":29},"minecraft:killed":{"minecraft:pig":4,"minecraft:spider":1,"mowziesmobs:umvuthana_follower_raptor":4,"minecraft:skeleton":1,"minecraft:zombie":1,"minecraft:drowned":1,"mowziesmobs:umvuthana_raptor":1}},"DataVersion":3465}