{"stats":{"minecraft:crafted":{"minecraft:oak_planks":92,"minecraft:wooden_pickaxe":1,"minecraft:stick":4,"minecraft:chest":5,"minecraft:acacia_planks":44},"minecraft:used":{"toughasnails:leaf_leggings":1,"minecraft:acacia_log":1,"toughasnails:leaf_helmet":1,"minecraft:glass_bottle":3,"minecraft:oak_planks":51,"minecraft:chest":5,"minecraft:wooden_pickaxe":13,"minecraft:sandstone":2,"toughasnails:leaf_boots":1,"minecraft:rotten_flesh":7,"minecraft:dirt":2,"minecraft:apple":1,"toughasnails:leaf_chestplate":1,"minecraft:stone_axe":73,"minecraft:potion":3,"minecraft:acacia_planks":10},"minecraft:killed_by":{"man:managgresive":1,"minecraft:skeleton":3,"minecraft:spider":1},"minecraft:mined":{"minecraft:acacia_leaves":1,"minecraft:kelp_plant":5,"minecraft:acacia_log":25,"minecraft:grass_block":1,"minecraft:chest":3,"minecraft:oak_planks":1,"minecraft:grass":1,"minecraft:oak_log":23,"minecraft:dirt":1,"minecraft:sand":6,"minecraft:stone":13,"minecraft:oak_leaves":5},"minecraft:custom":{"minecraft:mob_kills":6,"minecraft:interact_with_crafting_table":6,"minecraft:leave_game":1,"minecraft:time_since_death":5773,"minecraft:sleep_in_bed":4,"minecraft:time_since_rest":0,"minecraft:sprint_one_cm":130008,"minecraft:damage_taken":1738,"minecraft:walk_one_cm":119162,"minecraft:drop":144,"minecraft:damage_dealt":882,"minecraft:swim_one_cm":32579,"minecraft:fly_one_cm":174951,"minecraft:open_chest":5,"minecraft:crouch_one_cm":5533,"minecraft:play_time":41254,"minecraft:deaths":6,"minecraft:sneak_time":1652,"minecraft:walk_under_water_one_cm":4980,"minecraft:jump":747,"minecraft:walk_on_water_one_cm":19943,"minecraft:total_world_time":41254,"minecraft:fall_one_cm":22645},"minecraft:dropped":{"minecraft:stone_axe":1,"toughasnails:leaf_chestplate":1,"minecraft:oak_log":23,"minecraft:cobblestone":32,"minecraft:acacia_log":12,"minecraft:stick":3,"toughasnails:leaf_boots":1,"minecraft:oak_sapling":3,"minecraft:acacia_sapling":3,"minecraft:potion":1,"toughasnails:leaf_helmet":1,"minecraft:sandstone":5,"minecraft:sand":27,"minecraft:wooden_pickaxe":1,"toughasnails:leaf_leggings":1,"minecraft:acacia_planks":29},"minecraft:picked_up":{"toughasnails:leaf_leggings":3,"minecraft:feather":1,"minecraft:wooden_pickaxe":2,"toughasnails:leaf_helmet":3,"minecraft:potion":3,"minecraft:oak_log":46,"minecraft:gunpowder":2,"minecraft:dirt":2,"minecraft:acacia_planks":58,"minecraft:apple":2,"toughasnails:leaf_boots":3,"minecraft:chest":3,"minecraft:oak_planks":4,"minecraft:acacia_sapling":6,"toughasnails:leaf_chestplate":3,"minecraft:stick":6,"minecraft:sandstone":10,"minecraft:acacia_log":48,"minecraft:sand":59,"minecraft:spider_eye":1,"minecraft:arrow":6,"minecraft:rotten_flesh":9,"minecraft:stone_axe":4,"minecraft:oak_sapling":7,"minecraft:cobblestone":77},"minecraft:killed":{"minecraft:spider":1,"mowziesmobs:umvuthana_follower_raptor":2,"minecraft:skeleton":1,"minecraft:zombie":1,"minecraft:drowned":1}},"DataVersion":3465}