{"stats":{"minecraft:crafted":{"minecraft:stick":4,"minecraft:wooden_pickaxe":1,"minecraft:acacia_planks":44},"minecraft:used":{"toughasnails:leaf_leggings":1,"minecraft:apple":1,"minecraft:acacia_log":1,"toughasnails:leaf_helmet":1,"minecraft:glass_bottle":3,"minecraft:wooden_pickaxe":13,"toughasnails:leaf_chestplate":1,"toughasnails:leaf_boots":1,"minecraft:rotten_flesh":6,"minecraft:dirt":2,"minecraft:stone_axe":65,"minecraft:potion":3,"minecraft:acacia_planks":10},"minecraft:killed_by":{"man:managgresive":1,"minecraft:skeleton":3,"minecraft:spider":1},"minecraft:mined":{"minecraft:acacia_leaves":1,"minecraft:grass":1,"minecraft:acacia_log":25,"minecraft:grass_block":1,"minecraft:oak_log":23,"minecraft:dirt":1,"minecraft:stone":13,"minecraft:oak_leaves":5},"minecraft:custom":{"minecraft:time_since_rest":6200,"minecraft:sprint_one_cm":99971,"minecraft:damage_taken":1596,"minecraft:walk_one_cm":78604,"minecraft:mob_kills":3,"minecraft:damage_dealt":635,"minecraft:swim_one_cm":23004,"minecraft:interact_with_crafting_table":4,"minecraft:fly_one_cm":134744,"minecraft:open_chest":4,"minecraft:crouch_one_cm":3103,"minecraft:play_time":29254,"minecraft:sneak_time":1072,"minecraft:deaths":5,"minecraft:walk_under_water_one_cm":2915,"minecraft:jump":564,"minecraft:leave_game":1,"minecraft:time_since_death":6176,"minecraft:walk_on_water_one_cm":15537,"minecraft:sleep_in_bed":1,"minecraft:total_world_time":29254,"minecraft:fall_one_cm":15392},"minecraft:picked_up":{"toughasnails:leaf_chestplate":2,"toughasnails:leaf_leggings":2,"minecraft:stick":3,"minecraft:sandstone":5,"minecraft:acacia_log":36,"minecraft:wooden_pickaxe":1,"toughasnails:leaf_helmet":2,"minecraft:potion":2,"minecraft:sand":26,"minecraft:oak_log":23,"minecraft:gunpowder":2,"minecraft:spider_eye":1,"minecraft:dirt":2,"minecraft:arrow":6,"minecraft:rotten_flesh":9,"minecraft:acacia_planks":29,"minecraft:apple":2,"minecraft:stone_axe":3,"toughasnails:leaf_boots":2,"minecraft:oak_sapling":4,"minecraft:acacia_sapling":3,"minecraft:cobblestone":45},"minecraft:killed":{"minecraft:skeleton":1,"minecraft:zombie":1,"minecraft:spider":1}},"DataVersion":3465}