{"stats":{"minecraft:used":{"minecraft:spruce_sign":1,"jujutsucraft:clothes_zenin_2_leggings":1,"jujutsucraft:clothes_zenin_boots":1,"wom:agony":19,"jujutsucraft:clothes_zenin_2_chestplate":1,"minecraft:egg":1},"minecraft:dropped":{"minecraft:vine":2,"minecraft:porkchop":3,"jujutsucraft:uniform_normal_leggings":1,"minecraft:coarse_dirt":8,"jujutsucraft:sword_miwa_kasumi":1,"minecraft:tall_grass":1,"minecraft:chicken":2,"minecraft:feather":1,"jujutsucraft:sword_okkotsu_yuta":1,"minecraft:salmon":1,"jujutsucraft:uniform_normal_chestplate":1,"minecraft:dirt":7,"minecraft:stone":1,"minecraft:oak_sapling":1,"minecraft:spruce_log":3,"jujutsucraft:uniform_normal_boots":1,"minecraft:oak_leaves":3},"minecraft:picked_up":{"minecraft:coarse_dirt":8,"minecraft:feather":1,"minecraft:chicken":2,"minecraft:salmon":1,"jujutsucraft:item_master_domain_expansion":1,"minecraft:dirt":7,"jujutsucraft:pendant_todo_aoi":1,"minecraft:tall_grass":1,"jujutsucraft:sword_miwa_kasumi":1,"minecraft:oak_planks":4,"minecraft:egg":1,"minecraft:stone":1,"jujutsucraft:sword_okkotsu_yuta":2,"minecraft:porkchop":3,"minecraft:spruce_log":3,"minecraft:vine":2,"minecraft:spruce_sign":1,"minecraft:oak_sapling":1,"minecraft:oak_leaves":3},"minecraft:killed":{"jujutsucraft:cursed_spirit_grade_32":11,"jujutsucraft:cursed_spirit_grade_31":1,"jujutsucraft:cursed_spirit_grade_33":4,"jujutsucraft:cursed_spirit_grade_24":1,"minecraft:bat":10,"jujutsucraft:cursed_spirit_grade_37":1,"jujutsucraft:cursed_spirit_grade_35":1,"jujutsucraft:cursed_spirit_grade_318":4,"jujutsucraft:cursed_spirit_grade_211":1,"jujutsucraft:cursed_spirit_grade_316":1,"jujutsucraft:curse_user":1,"jujutsucraft:cursed_spirit_grade_321":4,"jujutsucraft:wooden_spear_1":2,"jujutsucraft:cursed_spirit_grade_39":19,"jujutsucraft:shigemo_haruta":1,"jujutsucraft:cursed_spirit_grade_313":1,"jujutsucraft:cursed_spirit_grade_314":9,"jujutsucraft:cursed_spirit_grade_310":3,"minecraft:chicken":1,"jujutsucraft:rabbit_escape":7,"jujutsucraft:cursed_spirit_grade_36":11,"jujutsucraft:cursed_spirit_grade_25":1,"jujutsucraft:cursed_spirit_grade_317":4,"jujutsucraft:cursed_spirit_grade_315":4,"jujutsucraft:cockroach_larva":2,"jujutsucraft:cursed_spirit_grade_38":1,"jujutsucraft:cursed_spirit_grade_34":1,"jujutsucraft:cursed_spirit_grade_319":6,"jujutsucraft:transfigured_human_1":1,"jujutsucraft:cursed_spirit_grade_322":4,"jujutsucraft:wooden_ball_1":2,"jujutsucraft:gravestone_3":1},"minecraft:custom":{"minecraft:mob_kills":196,"minecraft:damage_dealt_resisted":26427,"minecraft:leave_game":1,"minecraft:time_since_death":597,"minecraft:damage_resisted":7276,"minecraft:time_since_rest":629,"minecraft:sprint_one_cm":863024,"minecraft:damage_taken":22240,"minecraft:walk_one_cm":419391,"minecraft:drop":29,"minecraft:damage_dealt":3473,"minecraft:swim_one_cm":4057,"minecraft:fly_one_cm":1228646,"minecraft:player_kills":5,"minecraft:open_chest":7,"minecraft:crouch_one_cm":7471,"minecraft:play_time":67008,"minecraft:deaths":59,"minecraft:sneak_time":1596,"minecraft:walk_under_water_one_cm":3556,"minecraft:jump":1502,"minecraft:walk_on_water_one_cm":10242,"minecraft:total_world_time":67008,"minecraft:fall_one_cm":177707},"minecraft:killed_by":{"jujutsucraft:cursed_spirit_grade_214":1,"jujutsucraft:cursed_spirit_grade_25":4,"jujutsucraft:hoshi_kirara":4,"jujutsucraft:cursed_spirit_grade_24":1,"jujutsucraft:cursed_spirit_grade_15":3,"jujutsucraft:cursed_spirit_grade_39":2,"minecraft:player":2,"jujutsucraft:cursed_spirit_grade_16":5,"jujutsucraft:cursed_spirit_grade_14":3,"jujutsucraft:todo_aoi":1,"jujutsucraft:cursed_spirit_grade_312":2,"jujutsucraft:kenjaku":2,"jujutsucraft:negi_toshihisa":1,"jujutsucraft:cursed_spirit_grade_12":2,"jujutsucraft:cursed_spirit_grade_05":1,"jujutsucraft:jogo":1,"jujutsucraft:moon_dregs":2,"jujutsucraft:hakari_kinji":2,"jujutsucraft:cursed_spirit_grade_22":5,"jujutsucraft:panda_gorilla":1,"jujutsucraft:cursed_spirit_grade_211":1,"jujutsucraft:curse_user_1":1,"jujutsucraft:yoshino_junpei":1,"jujutsucraft:q":1,"jujutsucraft:fushiguro_megumi":1,"jujutsucraft:cursed_spirit_grade_29":2,"jujutsucraft:takaba_fumihiko":1,"jujutsucraft:curse_user":1,"jujutsucraft:cursed_spirit_grade_27":1,"jujutsucraft:jujutsu_sorcerer":2}},"DataVersion":3465}