{"stats":{"minecraft:used":{"mowziesmobs:umvuthana_mask_fear":4,"minecraft:oak_sign":2,"minecraft:black_carpet":3,"minecraft:chest":5,"minecraft:shield":19,"minecraft:stone":6,"minecraft:iron_sword":125,"create:mechanical_bearing":2,"minecraft:iron_chestplate":1,"mowziesmobs:umvuthana_mask_bliss":1,"farmersdelight:fish_stew":1,"farmersdelight:cooked_cod_slice":2,"create:depot":1,"minecraft:glass":31,"farmersdelight:tomato":5,"minecraft:item_frame":2,"farmersdelight:tomato_sauce":1,"mowziesmobs:umvuthana_mask_rage":5,"create:shaft":6,"minecraft:oak_sapling":1,"minecraft:furnace":5,"minecraft:egg":10,"minecraft:stripped_acacia_log":1,"minecraft:oak_planks":157,"minecraft:stone_pickaxe":833,"minecraft:jungle_fence":21,"minecraft:ender_pearl":1,"minecraft:wooden_pickaxe":14,"minecraft:sandstone":1,"minecraft:sugar_cane":4,"create:mechanical_saw":17,"toughasnails:water_canteen":82,"minecraft:jungle_boat":5,"minecraft:sand":19,"minecraft:bread":14,"minecraft:andesite":25,"minecraft:oak_boat":1,"minecraft:air":1,"minecraft:oak_trapdoor":1,"toughasnails:leaf_helmet":3,"minecraft:acacia_log":12,"minecraft:flint_and_steel":4,"minecraft:stone_shovel":195,"minecraft:dried_kelp":1,"toughasnails:leaf_boots":5,"minecraft:oak_door":3,"minecraft:torch":57,"minecraft:brewing_stand":2,"minecraft:dirt":172,"minecraft:anvil":1,"toughasnails:empty_canteen":11,"minecraft:wooden_axe":47,"create:wrench":67,"minecraft:iron_boots":1,"farmersdelight:canvas_rug":7,"minecraft:beef":1,"farmersdelight:cooked_mutton_chops":2,"minecraft:acacia_planks":1,"minecraft:cooked_beef":1,"minecraft:cobbled_deepslate":4,"create:belt_connector":2,"farmersdelight:fried_egg":5,"minecraft:wheat_seeds":10,"farmersdelight:iron_knife":6,"minecraft:water_bucket":138,"toughasnails:leaf_leggings":6,"farmersdelight:skillet":1,"minecraft:glass_bottle":26,"minecraft:andesite_slab":10,"create:encased_fan":10,"minecraft:crafting_table":16,"minecraft:white_bed":5,"minecraft:cod":1,"minecraft:oak_log":6,"create:linear_chassis":3,"create:mechanical_press":3,"minecraft:chicken":1,"minecraft:iron_pickaxe":290,"create:water_wheel":12,"toughasnails:leaf_chestplate":1,"minecraft:stone_axe":246,"minecraft:fishing_rod":68,"farmersdelight:cooked_bacon":1,"minecraft:cobblestone":381,"minecraft:potion":26,"mowziesmobs:umvuthana_mask_fury":1,"farmersdelight:egg_sandwich":21,"minecraft:porkchop":2,"minecraft:cooked_porkchop":2,"minecraft:bucket":139,"minecraft:stripped_oak_log":1,"create:hand_crank":3},"minecraft:crafted":{"minecraft:oak_planks":180,"minecraft:oak_sign":3,"minecraft:stone":38,"create:mechanical_bearing":1,"toughasnails:leaf_leggings":6,"minecraft:glass":65,"minecraft:iron_boots":1,"create:mechanical_press":1,"farmersdelight:tomato_sauce":1,"minecraft:chest":5,"create:cogwheel":1,"minecraft:item_frame":1,"toughasnails:leaf_boots":4,"minecraft:crafting_table":3,"farmersdelight:iron_knife":1,"create:mechanical_saw":3,"minecraft:jungle_boat":1,"minecraft:acacia_slab":6,"minecraft:wooden_pickaxe":1,"farmersdelight:egg_sandwich":30,"create:zinc_nugget":45,"minecraft:clock":1,"minecraft:copper_ingot":99,"create:encased_fan":1,"minecraft:iron_chestplate":4,"minecraft:paper":9,"create:water_wheel":2,"minecraft:shield":1,"create:super_glue":1,"create:portable_storage_interface":1,"minecraft:stick":72,"minecraft:iron_ingot":108,"minecraft:iron_pickaxe":2,"minecraft:iron_block":4,"sereneseasons:calendar":1,"minecraft:gold_ingot":13,"create:propeller":1,"toughasnails:empty_canteen":1,"create:chute":4,"minecraft:oak_door":3,"minecraft:stone_shovel":2,"minecraft:fishing_rod":2,"create:wrench":1,"minecraft:iron_nugget":9,"minecraft:furnace":4,"minecraft:stone_pickaxe":6,"minecraft:jungle_fence":21,"create:belt_connector":3,"minecraft:wheat":126,"minecraft:sugar":1,"create:andesite_alloy":18,"minecraft:dried_kelp":19,"minecraft:iron_sword":1,"create:goggles":2,"minecraft:bucket":1,"minecraft:stone_axe":3,"minecraft:bread":44,"minecraft:air":0,"minecraft:jungle_planks":32,"minecraft:oak_boat":1,"minecraft:andesite_slab":6,"create:linear_chassis":6,"minecraft:wooden_axe":1,"minecraft:black_carpet":3,"minecraft:anvil":1,"create:shaft":8,"minecraft:acacia_planks":32,"minecraft:torch":48,"create:zinc_ingot":14},"minecraft:killed_by":{"minecraft:creeper":1,"mowziesmobs:umvuthana_follower_raptor":2,"sanitydim:rotting_stalker":2,"man:managgresive":3,"sanitydim:sneaking_terror":1,"minecraft:enderman":3,"minecraft:skeleton":1},"minecraft:broken":{"mowziesmobs:umvuthana_mask_fear":1,"toughasnails:leaf_boots":4,"minecraft:stone_pickaxe":6,"minecraft:stone_axe":1,"minecraft:stone_shovel":1,"toughasnails:leaf_leggings":5,"toughasnails:water_canteen":10,"minecraft:iron_pickaxe":1},"minecraft:mined":{"minecraft:white_bed":6,"create:andesite_casing":10,"farmersdelight:canvas_rug":1,"minecraft:brewing_stand":2,"minecraft:granite":1,"minecraft:acacia_log":16,"minecraft:grass_block":179,"create:belt":1,"minecraft:iron_ore":87,"minecraft:cobbled_deepslate":4,"minecraft:fire":2,"minecraft:black_carpet":1,"create:mechanical_press":2,"minecraft:deepslate_redstone_ore":4,"minecraft:kelp_plant":7,"minecraft:torch":4,"minecraft:melon":1,"minecraft:glass":14,"minecraft:cobblestone":59,"minecraft:sugar_cane":15,"minecraft:oak_planks":142,"minecraft:wall_torch":5,"minecraft:wheat":10,"minecraft:grass":3,"minecraft:oak_log":45,"create:hand_crank":3,"minecraft:sand":60,"minecraft:dirt":29,"minecraft:deepslate":79,"create:zinc_ore":11,"minecraft:deepslate_diamond_ore":2,"create:depot":1,"create:encased_fan":10,"minecraft:sandstone":2,"minecraft:large_fern":1,"minecraft:hay_block":14,"minecraft:redstone_ore":6,"create:shaft":5,"minecraft:oak_trapdoor":1,"minecraft:furnace":1,"minecraft:andesite":87,"minecraft:deepslate_iron_ore":3,"minecraft:stripped_acacia_log":4,"minecraft:stripped_oak_log":6,"minecraft:bamboo":1,"minecraft:stone":557,"minecraft:acacia_leaves":1,"minecraft:crafting_table":14,"minecraft:emerald_ore":2,"minecraft:andesite_slab":10,"create:water_wheel":10,"minecraft:tall_grass":2,"minecraft:copper_ore":52,"minecraft:lapis_ore":6,"minecraft:deepslate_gold_ore":7,"minecraft:lily_pad":4,"create:mechanical_saw":17,"farmersdelight:skillet":1,"minecraft:jungle_fence":3,"minecraft:coal_ore":88,"create:mechanical_bearing":1,"minecraft:acacia_planks":12,"minecraft:fern":2},"minecraft:custom":{"minecraft:animals_bred":2,"minecraft:interact_with_crafting_table":175,"minecraft:open_barrel":1,"minecraft:leave_game":13,"minecraft:time_since_death":15921,"minecraft:sprint_one_cm":1285821,"minecraft:damage_blocked_by_shield":1875,"minecraft:drop":207,"minecraft:talked_to_villager":1,"minecraft:play_time":601490,"minecraft:deaths":24,"minecraft:jump":6340,"minecraft:walk_on_water_one_cm":84021,"minecraft:interact_with_furnace":277,"minecraft:sleep_in_bed":50,"minecraft:damage_dealt":7620,"minecraft:player_kills":1,"minecraft:crouch_one_cm":36284,"minecraft:mob_kills":106,"minecraft:interact_with_anvil":8,"minecraft:damage_dealt_resisted":50,"minecraft:climb_one_cm":24224,"minecraft:walk_one_cm":1328096,"minecraft:sneak_time":12267,"minecraft:walk_under_water_one_cm":36550,"minecraft:boat_one_cm":308145,"minecraft:total_world_time":601490,"minecraft:time_since_rest":4329,"minecraft:damage_taken":7526,"minecraft:swim_one_cm":48819,"minecraft:fly_one_cm":1401586,"minecraft:open_chest":489,"minecraft:fish_caught":31,"minecraft:fall_one_cm":133998},"minecraft:dropped":{"farmersdelight:iron_knife":1,"minecraft:leather":2,"minecraft:cod":15,"minecraft:dirt":79,"mowziesmobs:umvuthana_mask_bliss":2,"minecraft:cornflower":1,"create:goggles":2,"minecraft:sand":27,"minecraft:sugar":2,"minecraft:fishing_rod":1,"minecraft:gold_ingot":12,"minecraft:bone":3,"minecraft:white_tulip":1,"minecraft:cobbled_deepslate":3,"minecraft:wheat":102,"minecraft:rotten_flesh":5,"minecraft:oak_planks":96,"minecraft:salmon":6,"minecraft:gunpowder":17,"create:wrench":1,"create:wheat_flour":46,"minecraft:arrow":8,"minecraft:iron_ingot":38,"minecraft:wheat_seeds":38,"minecraft:feather":12,"minecraft:cobblestone":188,"mowziesmobs:umvuthana_mask_fear":1,"minecraft:acacia_log":3,"minecraft:coal":6,"minecraft:pufferfish":5,"minecraft:wooden_axe":1,"minecraft:potion":1,"toughasnails:leaf_leggings":3,"minecraft:string":2,"minecraft:paper":1,"minecraft:acacia_planks":10,"toughasnails:leaf_chestplate":1,"minecraft:bowl":2,"mowziesmobs:spear":1,"farmersdelight:straw":7,"farmersdelight:fried_egg":6,"mowziesmobs:umvuthana_mask_misery":3,"create:zinc_ingot":1,"minecraft:iron_chestplate":4,"minecraft:andesite":2,"minecraft:oak_boat":1,"minecraft:spider_eye":1,"minecraft:bamboo":9,"minecraft:sandstone":1,"minecraft:stone_pickaxe":1},"minecraft:picked_up":{"minecraft:wooden_axe":2,"toughasnails:leaf_leggings":14,"sereneseasons:calendar":7,"minecraft:wheat":9,"minecraft:iron_chestplate":19,"minecraft:black_carpet":1,"create:wrench":5,"minecraft:potion":6,"minecraft:brewing_stand":8,"mowziesmobs:spear":1,"minecraft:string":8,"minecraft:raw_copper":208,"minecraft:pufferfish":5,"create:water_wheel":10,"create:mechanical_press":6,"minecraft:cobbled_deepslate":134,"minecraft:bucket":3,"toughasnails:leaf_boots":10,"minecraft:white_tulip":2,"minecraft:iron_pickaxe":21,"minecraft:melon_slice":7,"minecraft:furnace":1,"minecraft:stick":97,"minecraft:torch":222,"minecraft:acacia_log":44,"create:andesite_casing":25,"minecraft:porkchop":2,"farmersdelight:fried_egg":72,"minecraft:rotten_flesh":10,"minecraft:cod":19,"minecraft:cobblestone":1846,"minecraft:feather":24,"minecraft:cooked_beef":1,"minecraft:water_bucket":14,"minecraft:andesite":779,"toughasnails:leaf_helmet":3,"create:belt_connector":9,"create:raw_zinc":27,"farmersdelight:cooked_bacon":2,"minecraft:lapis_lazuli":40,"farmersdelight:tomato":26,"minecraft:dirt":262,"minecraft:name_tag":1,"farmersdelight:mutton_chops":2,"minecraft:bone":28,"farmersdelight:iron_knife":5,"minecraft:acacia_planks":42,"minecraft:wheat_seeds":61,"minecraft:raw_gold":7,"create:goggles":5,"create:shaft":30,"farmersdelight:egg_sandwich":83,"minecraft:bamboo":18,"create:super_glue":2,"minecraft:oak_planks":536,"minecraft:cooked_porkchop":3,"create:cogwheel":1,"minecraft:jungle_planks":20,"minecraft:sand":48,"farmersdelight:cooked_mutton_chops":2,"minecraft:stripped_acacia_log":4,"toughasnails:water_canteen":9,"minecraft:sugar":1,"minecraft:diamond":2,"minecraft:granite":1,"minecraft:emerald":26,"minecraft:bread":132,"minecraft:oak_sapling":1,"minecraft:andesite_slab":41,"minecraft:fishing_rod":14,"minecraft:crafting_table":34,"minecraft:chicken":1,"minecraft:shield":10,"minecraft:cornflower":1,"minecraft:flint_and_steel":5,"minecraft:item_frame":1,"minecraft:beef":7,"farmersdelight:straw":7,"minecraft:oak_boat":1,"minecraft:iron_nugget":16,"farmersdelight:canvas_rug":7,"minecraft:sugar_cane":17,"minecraft:egg":5,"minecraft:raw_iron":122,"minecraft:sandstone":12,"create:golden_sheet":5,"minecraft:copper_ingot":219,"minecraft:bowl":5,"create:hand_crank":3,"farmersdelight:fish_stew":1,"minecraft:redstone":89,"create:zinc_ingot":76,"toughasnails:empty_canteen":1,"farmersdelight:cooked_cod_slice":2,"minecraft:arrow":22,"minecraft:stone_shovel":9,"minecraft:hay_block":14,"create:depot":1,"mowziesmobs:umvuthana_mask_bliss":20,"minecraft:saddle":12,"minecraft:gold_ingot":26,"minecraft:stripped_oak_log":7,"mowziesmobs:umvuthana_mask_fury":4,"create:iron_sheet":4,"minecraft:jungle_boat":13,"minecraft:salmon":7,"minecraft:leather":15,"minecraft:jungle_fence":3,"minecraft:lily_pad":18,"minecraft:oak_log":45,"create:andesite_alloy":30,"minecraft:gunpowder":17,"farmersdelight:skillet":1,"mowziesmobs:umvuthana_mask_rage":18,"minecraft:kelp":33,"minecraft:iron_ingot":84,"minecraft:stone_pickaxe":12,"minecraft:glass_bottle":5,"mowziesmobs:umvuthana_mask_misery":3,"minecraft:iron_sword":17,"create:mechanical_saw":20,"toughasnails:leaf_chestplate":7,"create:mechanical_bearing":1,"minecraft:white_bed":5,"minecraft:spider_eye":1,"create:wheat_flour":11,"minecraft:slime_ball":13,"minecraft:stone_axe":18,"create:encased_fan":12,"create:portable_storage_interface":1,"mowziesmobs:umvuthana_mask_fear":21,"minecraft:acacia_slab":5,"minecraft:coal":405,"minecraft:ender_pearl":1},"minecraft:killed":{"minecraft:spider":5,"minecraft:skeleton":9,"minecraft:chicken":56,"minecraft:pig":1,"minecraft:zombie":8,"mowziesmobs:umvuthana_raptor":5,"minecraft:cow":2,"mowziesmobs:umvuthana_follower_raptor":18,"minecraft:enderman":1}},"DataVersion":3465}