{"stats":{"minecraft:killed_by":{"mowziesmobs:umvuthana_follower_raptor":1,"sanitydim:rotting_stalker":1,"man:managgresive":2,"sanitydim:sneaking_terror":1,"minecraft:skeleton":1},"minecraft:mined":{"minecraft:white_bed":5,"minecraft:deepslate_diamond_ore":2,"create:andesite_casing":5,"farmersdelight:canvas_rug":1,"minecraft:brewing_stand":2,"minecraft:granite":1,"minecraft:large_fern":1,"minecraft:hay_block":14,"minecraft:redstone_ore":6,"minecraft:oak_trapdoor":1,"minecraft:iron_ore":87,"minecraft:cobbled_deepslate":4,"minecraft:andesite":68,"minecraft:black_carpet":1,"minecraft:deepslate_iron_ore":3,"minecraft:bamboo":1,"minecraft:stone":537,"create:mechanical_press":2,"minecraft:deepslate_redstone_ore":4,"minecraft:crafting_table":13,"minecraft:torch":4,"minecraft:emerald_ore":2,"minecraft:melon":1,"minecraft:copper_ore":49,"minecraft:tall_grass":2,"minecraft:cobblestone":48,"minecraft:deepslate_gold_ore":7,"minecraft:lapis_ore":6,"minecraft:lily_pad":4,"minecraft:oak_planks":27,"minecraft:sugar_cane":15,"minecraft:wall_torch":4,"farmersdelight:skillet":1,"minecraft:wheat":10,"minecraft:jungle_fence":3,"minecraft:grass":3,"create:hand_crank":3,"minecraft:coal_ore":88,"minecraft:oak_log":43,"minecraft:sand":50,"minecraft:deepslate":79,"minecraft:fern":2,"create:zinc_ore":11},"minecraft:crafted":{"minecraft:oak_door":3,"minecraft:oak_planks":172,"minecraft:stone_shovel":1,"minecraft:oak_sign":3,"minecraft:fishing_rod":2,"minecraft:furnace":2,"minecraft:stone":38,"toughasnails:leaf_leggings":2,"minecraft:glass":61,"create:mechanical_press":1,"minecraft:stone_pickaxe":6,"farmersdelight:tomato_sauce":1,"minecraft:chest":4,"minecraft:jungle_fence":21,"minecraft:wheat":126,"minecraft:sugar":1,"toughasnails:leaf_boots":1,"minecraft:item_frame":1,"create:andesite_alloy":9,"minecraft:crafting_table":3,"farmersdelight:iron_knife":1,"minecraft:jungle_boat":1,"minecraft:wooden_pickaxe":1,"farmersdelight:egg_sandwich":9,"minecraft:iron_sword":1,"create:zinc_nugget":27,"minecraft:clock":1,"minecraft:copper_ingot":99,"minecraft:bucket":1,"minecraft:stone_axe":2,"minecraft:bread":44,"minecraft:air":0,"minecraft:jungle_planks":32,"minecraft:oak_boat":1,"minecraft:iron_chestplate":4,"minecraft:paper":9,"minecraft:shield":1,"minecraft:stick":64,"create:propeller":1,"minecraft:iron_ingot":70,"minecraft:iron_pickaxe":1,"minecraft:black_carpet":3,"minecraft:wooden_axe":1,"minecraft:iron_block":4,"sereneseasons:calendar":1,"minecraft:gold_ingot":4,"minecraft:anvil":1,"create:shaft":8,"minecraft:acacia_planks":4,"minecraft:torch":48,"create:zinc_ingot":14,"toughasnails:empty_canteen":1},"minecraft:dropped":{"minecraft:iron_ingot":24,"farmersdelight:iron_knife":1,"minecraft:wheat_seeds":38,"minecraft:feather":4,"minecraft:cobblestone":172,"mowziesmobs:umvuthana_mask_fear":1,"minecraft:coal":6,"minecraft:cod":15,"minecraft:pufferfish":5,"mowziesmobs:umvuthana_mask_bliss":1,"minecraft:cornflower":1,"minecraft:wooden_axe":1,"minecraft:potion":1,"minecraft:sand":24,"minecraft:sugar":2,"toughasnails:leaf_leggings":3,"minecraft:paper":1,"minecraft:fishing_rod":1,"minecraft:bone":3,"toughasnails:leaf_chestplate":1,"minecraft:cobbled_deepslate":3,"minecraft:bowl":2,"minecraft:wheat":96,"minecraft:oak_planks":96,"mowziesmobs:spear":1,"farmersdelight:straw":7,"minecraft:salmon":6,"minecraft:gunpowder":17,"farmersdelight:fried_egg":3,"mowziesmobs:umvuthana_mask_misery":3,"minecraft:iron_chestplate":3,"minecraft:oak_boat":1,"minecraft:bamboo":9,"create:wheat_flour":46,"minecraft:sandstone":1,"minecraft:arrow":4,"minecraft:stone_pickaxe":1},"minecraft:killed":{"minecraft:spider":3,"minecraft:skeleton":2,"minecraft:chicken":1,"minecraft:pig":1,"mowziesmobs:umvuthana_follower_raptor":8,"minecraft:zombie":2,"mowziesmobs:umvuthana_raptor":3,"minecraft:cow":2},"minecraft:broken":{"toughasnails:leaf_leggings":2,"toughasnails:leaf_boots":1,"toughasnails:water_canteen":2,"minecraft:stone_pickaxe":6},"minecraft:used":{"minecraft:acacia_log":3,"toughasnails:leaf_helmet":3,"mowziesmobs:umvuthana_mask_fear":2,"minecraft:oak_sign":2,"minecraft:black_carpet":3,"minecraft:chest":4,"minecraft:iron_sword":41,"minecraft:stone":3,"toughasnails:leaf_boots":2,"minecraft:oak_door":3,"minecraft:iron_chestplate":1,"minecraft:torch":49,"mowziesmobs:umvuthana_mask_bliss":1,"minecraft:brewing_stand":1,"minecraft:anvil":1,"toughasnails:empty_canteen":3,"farmersdelight:fish_stew":1,"farmersdelight:cooked_cod_slice":2,"minecraft:glass":17,"minecraft:wooden_axe":47,"farmersdelight:tomato":5,"minecraft:item_frame":2,"farmersdelight:canvas_rug":7,"farmersdelight:tomato_sauce":1,"mowziesmobs:umvuthana_mask_rage":5,"minecraft:beef":1,"minecraft:oak_sapling":1,"minecraft:furnace":2,"farmersdelight:cooked_mutton_chops":2,"minecraft:egg":7,"minecraft:cooked_beef":1,"minecraft:cobbled_deepslate":4,"farmersdelight:fried_egg":5,"minecraft:wheat_seeds":10,"minecraft:water_bucket":55,"farmersdelight:iron_knife":6,"toughasnails:leaf_leggings":4,"farmersdelight:skillet":1,"minecraft:stone_pickaxe":833,"minecraft:glass_bottle":26,"minecraft:oak_planks":42,"minecraft:jungle_fence":21,"minecraft:wooden_pickaxe":14,"minecraft:sugar_cane":4,"toughasnails:water_canteen":26,"minecraft:jungle_boat":4,"minecraft:sand":17,"minecraft:crafting_table":15,"minecraft:white_bed":4,"minecraft:cod":1,"create:mechanical_press":2,"minecraft:chicken":1,"minecraft:iron_pickaxe":175,"minecraft:bread":12,"toughasnails:leaf_chestplate":1,"minecraft:stone_axe":65,"minecraft:fishing_rod":68,"farmersdelight:cooked_bacon":1,"minecraft:potion":26,"minecraft:cobblestone":359,"farmersdelight:egg_sandwich":3,"mowziesmobs:umvuthana_mask_fury":1,"minecraft:porkchop":2,"minecraft:cooked_porkchop":2,"minecraft:bucket":56,"create:hand_crank":3,"minecraft:stripped_oak_log":1,"minecraft:oak_boat":1,"minecraft:air":1,"minecraft:oak_trapdoor":1},"minecraft:custom":{"minecraft:interact_with_anvil":7,"minecraft:mob_kills":23,"minecraft:animals_bred":2,"minecraft:interact_with_crafting_table":82,"minecraft:open_barrel":1,"minecraft:damage_dealt_resisted":26,"minecraft:leave_game":10,"minecraft:time_since_death":59666,"minecraft:climb_one_cm":11595,"minecraft:sprint_one_cm":728528,"minecraft:walk_one_cm":790287,"minecraft:drop":136,"minecraft:talked_to_villager":1,"minecraft:play_time":379826,"minecraft:deaths":15,"minecraft:sneak_time":7701,"minecraft:walk_under_water_one_cm":11675,"minecraft:boat_one_cm":243390,"minecraft:jump":4012,"minecraft:walk_on_water_one_cm":45158,"minecraft:total_world_time":379826,"minecraft:interact_with_furnace":200,"minecraft:sleep_in_bed":35,"minecraft:time_since_rest":12793,"minecraft:damage_taken":4559,"minecraft:damage_dealt":3110,"minecraft:player_kills":1,"minecraft:swim_one_cm":20461,"minecraft:fly_one_cm":810638,"minecraft:open_chest":242,"minecraft:crouch_one_cm":25037,"minecraft:fish_caught":31,"minecraft:fall_one_cm":80029},"minecraft:picked_up":{"minecraft:wooden_axe":2,"toughasnails:leaf_leggings":8,"sereneseasons:calendar":3,"minecraft:fishing_rod":5,"minecraft:black_carpet":1,"minecraft:iron_chestplate":10,"minecraft:crafting_table":26,"minecraft:wheat":9,"minecraft:chicken":1,"minecraft:potion":6,"minecraft:brewing_stand":3,"minecraft:shield":1,"mowziesmobs:spear":1,"minecraft:cornflower":1,"minecraft:string":6,"minecraft:raw_copper":199,"minecraft:item_frame":1,"minecraft:pufferfish":5,"create:mechanical_press":2,"minecraft:cobbled_deepslate":134,"minecraft:bucket":1,"toughasnails:leaf_boots":4,"minecraft:beef":7,"minecraft:white_tulip":1,"farmersdelight:straw":7,"minecraft:oak_boat":1,"minecraft:iron_pickaxe":11,"farmersdelight:canvas_rug":7,"minecraft:melon_slice":7,"minecraft:sugar_cane":17,"minecraft:egg":5,"minecraft:raw_iron":118,"minecraft:stick":89,"minecraft:sandstone":11,"minecraft:copper_ingot":14,"minecraft:torch":128,"minecraft:bowl":5,"minecraft:acacia_log":21,"create:andesite_casing":5,"minecraft:porkchop":2,"create:hand_crank":3,"farmersdelight:fish_stew":1,"minecraft:redstone":89,"farmersdelight:cooked_cod_slice":2,"farmersdelight:fried_egg":26,"minecraft:arrow":6,"minecraft:rotten_flesh":5,"minecraft:hay_block":14,"mowziesmobs:umvuthana_mask_bliss":17,"minecraft:saddle":4,"minecraft:cod":19,"minecraft:cobblestone":1610,"minecraft:stripped_oak_log":1,"create:iron_sheet":4,"mowziesmobs:umvuthana_mask_fury":3,"minecraft:jungle_boat":8,"minecraft:feather":12,"minecraft:cooked_beef":1,"minecraft:salmon":7,"minecraft:water_bucket":7,"minecraft:andesite":152,"minecraft:leather":15,"minecraft:jungle_fence":3,"toughasnails:leaf_helmet":3,"create:raw_zinc":27,"minecraft:oak_log":43,"minecraft:lily_pad":17,"farmersdelight:cooked_bacon":2,"minecraft:gunpowder":17,"farmersdelight:skillet":1,"minecraft:lapis_lazuli":40,"farmersdelight:tomato":26,"minecraft:name_tag":1,"farmersdelight:mutton_chops":2,"minecraft:bone":3,"farmersdelight:iron_knife":5,"mowziesmobs:umvuthana_mask_rage":13,"minecraft:wheat_seeds":61,"minecraft:raw_gold":7,"minecraft:iron_ingot":63,"minecraft:stone_pickaxe":12,"minecraft:glass_bottle":5,"minecraft:bamboo":18,"minecraft:iron_sword":8,"minecraft:oak_planks":371,"mowziesmobs:umvuthana_mask_misery":3,"toughasnails:leaf_chestplate":7,"minecraft:cooked_porkchop":3,"minecraft:sand":41,"minecraft:jungle_planks":20,"minecraft:white_bed":4,"farmersdelight:cooked_mutton_chops":2,"create:wheat_flour":11,"toughasnails:water_canteen":1,"minecraft:sugar":1,"minecraft:diamond":2,"minecraft:stone_axe":10,"minecraft:granite":1,"minecraft:emerald":2,"minecraft:bread":40,"mowziesmobs:umvuthana_mask_fear":11,"minecraft:oak_sapling":1,"minecraft:coal":333}},"DataVersion":3465}