{"stats":{"minecraft:crafted":{"minecraft:oak_planks":172,"minecraft:crafting_table":2,"minecraft:wooden_pickaxe":1,"minecraft:furnace":1,"minecraft:copper_ingot":15,"minecraft:stone_axe":1,"minecraft:air":0,"minecraft:oak_boat":1,"minecraft:stick":20,"minecraft:iron_ingot":11,"minecraft:iron_pickaxe":1,"minecraft:stone_pickaxe":3,"minecraft:wooden_axe":1,"minecraft:torch":28,"create:zinc_ingot":11},"minecraft:used":{"toughasnails:leaf_leggings":3,"toughasnails:leaf_helmet":3,"minecraft:stone_pickaxe":299,"minecraft:oak_planks":29,"minecraft:wooden_pickaxe":14,"toughasnails:leaf_boots":2,"minecraft:torch":9,"minecraft:sand":2,"minecraft:crafting_table":6,"minecraft:wooden_axe":47,"minecraft:iron_pickaxe":14,"minecraft:stone_axe":6,"mowziesmobs:umvuthana_mask_rage":3,"minecraft:cobblestone":82,"minecraft:furnace":1,"minecraft:oak_sapling":1,"minecraft:oak_boat":1},"minecraft:killed_by":{"man:managgresive":1,"sanitydim:sneaking_terror":1,"minecraft:skeleton":1,"mowziesmobs:umvuthana_follower_raptor":1,"sanitydim:rotting_stalker":1},"minecraft:broken":{"minecraft:stone_pickaxe":2,"toughasnails:leaf_boots":1},"minecraft:mined":{"create:zinc_ore":11,"minecraft:crafting_table":5,"minecraft:copper_ore":6,"minecraft:cobblestone":7,"minecraft:wall_torch":2,"minecraft:iron_ore":12,"minecraft:oak_log":43,"minecraft:coal_ore":39,"minecraft:sand":16,"minecraft:stone":250},"minecraft:dropped":{"minecraft:cobblestone":128,"minecraft:oak_planks":95,"minecraft:wooden_axe":1,"minecraft:potion":1,"minecraft:arrow":4,"minecraft:bone":1},"minecraft:custom":{"minecraft:interact_with_furnace":28,"minecraft:mob_kills":8,"minecraft:interact_with_crafting_table":16,"minecraft:damage_dealt_resisted":14,"minecraft:leave_game":3,"minecraft:time_since_death":2960,"minecraft:sleep_in_bed":14,"minecraft:climb_one_cm":1032,"minecraft:time_since_rest":2986,"minecraft:sprint_one_cm":110770,"minecraft:damage_taken":1662,"minecraft:walk_one_cm":118930,"minecraft:drop":8,"minecraft:damage_dealt":900,"minecraft:swim_one_cm":8994,"minecraft:fly_one_cm":136902,"minecraft:open_chest":22,"minecraft:crouch_one_cm":1735,"minecraft:play_time":61975,"minecraft:deaths":6,"minecraft:sneak_time":884,"minecraft:walk_under_water_one_cm":3023,"minecraft:boat_one_cm":23130,"minecraft:jump":844,"minecraft:walk_on_water_one_cm":15209,"minecraft:total_world_time":61975,"minecraft:fall_one_cm":12837},"minecraft:picked_up":{"toughasnails:leaf_leggings":4,"minecraft:crafting_table":8,"toughasnails:leaf_helmet":3,"minecraft:potion":1,"create:raw_zinc":11,"minecraft:oak_log":43,"minecraft:raw_copper":15,"minecraft:bone":1,"mowziesmobs:umvuthana_mask_rage":3,"toughasnails:leaf_boots":3,"minecraft:stone_pickaxe":2,"minecraft:iron_pickaxe":1,"minecraft:oak_planks":295,"toughasnails:leaf_chestplate":1,"minecraft:raw_iron":11,"minecraft:stick":10,"minecraft:torch":29,"minecraft:sand":2,"minecraft:arrow":4,"minecraft:stone_axe":1,"mowziesmobs:umvuthana_mask_bliss":1,"minecraft:oak_sapling":1,"minecraft:coal":45,"minecraft:cobblestone":422,"minecraft:wooden_axe":2},"minecraft:killed":{"mowziesmobs:umvuthana_follower_raptor":4,"minecraft:skeleton":1,"minecraft:zombie":1,"mowziesmobs:umvuthana_raptor":1}},"DataVersion":3465}