{"stats":{"minecraft:custom":{"minecraft:jump":118,"minecraft:time_since_rest":2936,"minecraft:crouch_one_cm":220,"minecraft:damage_taken":60,"minecraft:sprint_one_cm":17070,"minecraft:play_time":2936,"minecraft:walk_on_water_one_cm":403,"minecraft:time_since_death":2936,"minecraft:walk_one_cm":6170,"minecraft:sneak_time":38,"minecraft:climb_one_cm":469,"minecraft:total_world_time":2936,"minecraft:walk_under_water_one_cm":324,"minecraft:swim_one_cm":3223,"minecraft:fall_one_cm":2793,"minecraft:fly_one_cm":23770}},"DataVersion":3465}