{"stats":{"minecraft:killed_by":{"minecraft:creeper":1,"mowziesmobs:umvuthana_follower_raptor":1,"sanitydim:rotting_stalker":1,"man:managgresive":3,"sanitydim:sneaking_terror":1,"minecraft:enderman":3,"minecraft:skeleton":1},"minecraft:mined":{"minecraft:white_bed":5,"create:andesite_casing":5,"farmersdelight:canvas_rug":1,"minecraft:brewing_stand":2,"minecraft:granite":1,"minecraft:acacia_log":2,"minecraft:grass_block":96,"create:belt":1,"minecraft:iron_ore":87,"minecraft:cobbled_deepslate":4,"minecraft:fire":2,"minecraft:black_carpet":1,"create:mechanical_press":2,"minecraft:deepslate_redstone_ore":4,"minecraft:kelp_plant":7,"minecraft:torch":4,"minecraft:melon":1,"minecraft:glass":14,"minecraft:cobblestone":52,"minecraft:sugar_cane":15,"minecraft:oak_planks":142,"minecraft:wall_torch":4,"minecraft:wheat":10,"minecraft:grass":3,"minecraft:oak_log":45,"create:hand_crank":3,"minecraft:sand":56,"minecraft:dirt":7,"minecraft:deepslate":79,"create:zinc_ore":11,"minecraft:deepslate_diamond_ore":2,"create:depot":1,"create:encased_fan":10,"minecraft:sandstone":1,"minecraft:large_fern":1,"minecraft:hay_block":14,"minecraft:redstone_ore":6,"create:shaft":5,"minecraft:oak_trapdoor":1,"minecraft:andesite":87,"minecraft:deepslate_iron_ore":3,"minecraft:bamboo":1,"minecraft:stone":543,"minecraft:acacia_leaves":1,"minecraft:crafting_table":14,"minecraft:emerald_ore":2,"minecraft:andesite_slab":10,"create:water_wheel":8,"minecraft:tall_grass":2,"minecraft:copper_ore":49,"minecraft:lapis_ore":6,"minecraft:deepslate_gold_ore":7,"minecraft:lily_pad":4,"farmersdelight:skillet":1,"minecraft:jungle_fence":3,"minecraft:coal_ore":88,"minecraft:acacia_planks":12,"minecraft:fern":2},"minecraft:crafted":{"minecraft:oak_planks":180,"minecraft:oak_sign":3,"minecraft:stone":38,"toughasnails:leaf_leggings":5,"minecraft:glass":65,"create:mechanical_press":1,"farmersdelight:tomato_sauce":1,"minecraft:chest":5,"create:cogwheel":1,"minecraft:item_frame":1,"toughasnails:leaf_boots":3,"minecraft:crafting_table":3,"farmersdelight:iron_knife":1,"minecraft:jungle_boat":1,"minecraft:wooden_pickaxe":1,"farmersdelight:egg_sandwich":30,"create:zinc_nugget":27,"minecraft:clock":1,"minecraft:copper_ingot":99,"create:encased_fan":1,"minecraft:iron_chestplate":4,"minecraft:paper":9,"create:water_wheel":1,"minecraft:shield":1,"minecraft:stick":72,"minecraft:iron_ingot":73,"minecraft:iron_pickaxe":2,"minecraft:iron_block":4,"sereneseasons:calendar":1,"minecraft:gold_ingot":13,"create:propeller":1,"toughasnails:empty_canteen":1,"minecraft:oak_door":3,"minecraft:stone_shovel":1,"minecraft:fishing_rod":2,"create:wrench":1,"minecraft:furnace":2,"minecraft:stone_pickaxe":6,"minecraft:jungle_fence":21,"create:belt_connector":3,"minecraft:wheat":126,"minecraft:sugar":1,"create:andesite_alloy":9,"minecraft:dried_kelp":19,"minecraft:iron_sword":1,"create:goggles":2,"minecraft:bucket":1,"minecraft:stone_axe":3,"minecraft:bread":44,"minecraft:air":0,"minecraft:jungle_planks":32,"minecraft:oak_boat":1,"minecraft:andesite_slab":6,"minecraft:wooden_axe":1,"minecraft:black_carpet":3,"minecraft:anvil":1,"create:shaft":8,"minecraft:acacia_planks":12,"minecraft:torch":48,"create:zinc_ingot":14},"minecraft:dropped":{"farmersdelight:iron_knife":1,"minecraft:leather":2,"minecraft:cod":15,"minecraft:dirt":79,"mowziesmobs:umvuthana_mask_bliss":2,"minecraft:cornflower":1,"minecraft:sand":27,"create:goggles":1,"minecraft:sugar":2,"minecraft:fishing_rod":1,"minecraft:gold_ingot":12,"minecraft:bone":3,"minecraft:white_tulip":1,"minecraft:cobbled_deepslate":3,"minecraft:wheat":102,"minecraft:rotten_flesh":3,"minecraft:oak_planks":96,"minecraft:salmon":6,"minecraft:gunpowder":17,"create:wheat_flour":46,"minecraft:arrow":8,"minecraft:iron_ingot":24,"minecraft:wheat_seeds":38,"minecraft:feather":4,"minecraft:cobblestone":176,"mowziesmobs:umvuthana_mask_fear":1,"minecraft:acacia_log":3,"minecraft:coal":6,"minecraft:pufferfish":5,"minecraft:wooden_axe":1,"minecraft:potion":1,"toughasnails:leaf_leggings":3,"minecraft:paper":1,"minecraft:acacia_planks":10,"toughasnails:leaf_chestplate":1,"minecraft:bowl":2,"mowziesmobs:spear":1,"farmersdelight:straw":7,"farmersdelight:fried_egg":3,"mowziesmobs:umvuthana_mask_misery":3,"minecraft:iron_chestplate":4,"minecraft:andesite":2,"minecraft:oak_boat":1,"minecraft:bamboo":9,"minecraft:sandstone":1,"minecraft:stone_pickaxe":1},"minecraft:killed":{"minecraft:spider":4,"minecraft:skeleton":9,"minecraft:chicken":4,"minecraft:pig":1,"minecraft:zombie":6,"mowziesmobs:umvuthana_raptor":3,"minecraft:cow":2,"mowziesmobs:umvuthana_follower_raptor":9,"minecraft:enderman":1},"minecraft:broken":{"toughasnails:leaf_boots":3,"minecraft:stone_pickaxe":6,"minecraft:stone_axe":1,"toughasnails:leaf_leggings":4,"toughasnails:water_canteen":7,"minecraft:iron_pickaxe":1},"minecraft:used":{"mowziesmobs:umvuthana_mask_fear":2,"minecraft:oak_sign":2,"minecraft:black_carpet":3,"minecraft:chest":5,"minecraft:shield":13,"minecraft:stone":6,"minecraft:iron_sword":101,"minecraft:iron_chestplate":1,"mowziesmobs:umvuthana_mask_bliss":1,"farmersdelight:fish_stew":1,"farmersdelight:cooked_cod_slice":2,"create:depot":1,"minecraft:glass":31,"farmersdelight:tomato":5,"minecraft:item_frame":2,"farmersdelight:tomato_sauce":1,"mowziesmobs:umvuthana_mask_rage":5,"create:shaft":6,"minecraft:furnace":2,"minecraft:oak_sapling":1,"minecraft:egg":10,"minecraft:oak_planks":157,"minecraft:stone_pickaxe":833,"minecraft:jungle_fence":21,"minecraft:wooden_pickaxe":14,"minecraft:sugar_cane":4,"toughasnails:water_canteen":52,"minecraft:jungle_boat":5,"minecraft:sand":17,"minecraft:bread":14,"minecraft:andesite":25,"minecraft:oak_boat":1,"minecraft:air":1,"minecraft:oak_trapdoor":1,"toughasnails:leaf_helmet":3,"minecraft:acacia_log":4,"minecraft:flint_and_steel":4,"minecraft:stone_shovel":94,"minecraft:dried_kelp":1,"toughasnails:leaf_boots":4,"minecraft:oak_door":3,"minecraft:torch":51,"minecraft:brewing_stand":2,"minecraft:dirt":37,"minecraft:anvil":1,"toughasnails:empty_canteen":8,"minecraft:wooden_axe":47,"create:wrench":4,"farmersdelight:canvas_rug":7,"minecraft:beef":1,"farmersdelight:cooked_mutton_chops":2,"minecraft:cooked_beef":1,"minecraft:cobbled_deepslate":4,"create:belt_connector":2,"farmersdelight:fried_egg":5,"minecraft:wheat_seeds":10,"farmersdelight:iron_knife":6,"minecraft:water_bucket":119,"toughasnails:leaf_leggings":6,"farmersdelight:skillet":1,"minecraft:glass_bottle":26,"minecraft:andesite_slab":10,"create:encased_fan":10,"minecraft:crafting_table":16,"minecraft:white_bed":4,"minecraft:cod":1,"create:mechanical_press":3,"minecraft:chicken":1,"minecraft:iron_pickaxe":239,"create:water_wheel":9,"toughasnails:leaf_chestplate":1,"minecraft:stone_axe":197,"minecraft:fishing_rod":68,"farmersdelight:cooked_bacon":1,"minecraft:cobblestone":364,"minecraft:potion":26,"mowziesmobs:umvuthana_mask_fury":1,"farmersdelight:egg_sandwich":13,"minecraft:porkchop":2,"minecraft:cooked_porkchop":2,"minecraft:bucket":120,"minecraft:stripped_oak_log":1,"create:hand_crank":3},"minecraft:custom":{"minecraft:animals_bred":2,"minecraft:interact_with_crafting_table":130,"minecraft:open_barrel":1,"minecraft:leave_game":10,"minecraft:time_since_death":28814,"minecraft:sprint_one_cm":1057090,"minecraft:damage_blocked_by_shield":915,"minecraft:drop":171,"minecraft:talked_to_villager":1,"minecraft:play_time":500947,"minecraft:deaths":20,"minecraft:jump":5264,"minecraft:walk_on_water_one_cm":59155,"minecraft:interact_with_furnace":244,"minecraft:sleep_in_bed":44,"minecraft:damage_dealt":5891,"minecraft:player_kills":1,"minecraft:crouch_one_cm":31502,"minecraft:mob_kills":40,"minecraft:interact_with_anvil":8,"minecraft:damage_dealt_resisted":26,"minecraft:climb_one_cm":23155,"minecraft:walk_one_cm":1111185,"minecraft:sneak_time":10172,"minecraft:walk_under_water_one_cm":22471,"minecraft:boat_one_cm":265575,"minecraft:total_world_time":500947,"minecraft:time_since_rest":6248,"minecraft:damage_taken":6328,"minecraft:swim_one_cm":37996,"minecraft:fly_one_cm":1154070,"minecraft:open_chest":390,"minecraft:fish_caught":31,"minecraft:fall_one_cm":110505},"minecraft:picked_up":{"minecraft:wooden_axe":2,"toughasnails:leaf_leggings":10,"sereneseasons:calendar":5,"minecraft:wheat":9,"minecraft:iron_chestplate":15,"minecraft:black_carpet":1,"minecraft:potion":6,"minecraft:brewing_stand":8,"mowziesmobs:spear":1,"minecraft:string":6,"minecraft:raw_copper":199,"minecraft:pufferfish":5,"create:water_wheel":8,"create:mechanical_press":6,"minecraft:cobbled_deepslate":134,"minecraft:bucket":2,"toughasnails:leaf_boots":7,"minecraft:white_tulip":2,"minecraft:iron_pickaxe":17,"minecraft:melon_slice":7,"minecraft:stick":89,"minecraft:torch":181,"minecraft:acacia_log":26,"create:andesite_casing":20,"minecraft:porkchop":2,"farmersdelight:fried_egg":69,"minecraft:rotten_flesh":8,"minecraft:cod":19,"minecraft:cobblestone":1679,"minecraft:feather":12,"minecraft:cooked_beef":1,"minecraft:water_bucket":11,"minecraft:andesite":779,"toughasnails:leaf_helmet":3,"create:belt_connector":9,"create:raw_zinc":27,"farmersdelight:cooked_bacon":2,"minecraft:lapis_lazuli":40,"farmersdelight:tomato":26,"minecraft:dirt":127,"minecraft:name_tag":1,"farmersdelight:mutton_chops":2,"minecraft:bone":19,"farmersdelight:iron_knife":5,"minecraft:acacia_planks":13,"minecraft:wheat_seeds":61,"minecraft:raw_gold":7,"create:shaft":30,"farmersdelight:egg_sandwich":24,"minecraft:bamboo":18,"minecraft:oak_planks":536,"minecraft:cooked_porkchop":3,"create:cogwheel":1,"minecraft:jungle_planks":20,"minecraft:sand":44,"farmersdelight:cooked_mutton_chops":2,"toughasnails:water_canteen":5,"minecraft:sugar":1,"minecraft:diamond":2,"minecraft:granite":1,"minecraft:emerald":14,"minecraft:bread":132,"minecraft:oak_sapling":1,"minecraft:andesite_slab":17,"minecraft:fishing_rod":10,"minecraft:crafting_table":34,"minecraft:chicken":1,"minecraft:shield":6,"minecraft:cornflower":1,"minecraft:flint_and_steel":1,"minecraft:item_frame":1,"minecraft:beef":7,"farmersdelight:straw":7,"minecraft:oak_boat":1,"farmersdelight:canvas_rug":7,"minecraft:sugar_cane":17,"minecraft:egg":5,"minecraft:raw_iron":118,"minecraft:sandstone":11,"create:golden_sheet":1,"minecraft:copper_ingot":219,"minecraft:bowl":5,"create:hand_crank":3,"farmersdelight:fish_stew":1,"minecraft:redstone":89,"create:zinc_ingot":75,"farmersdelight:cooked_cod_slice":2,"toughasnails:empty_canteen":1,"minecraft:arrow":22,"minecraft:stone_shovel":5,"minecraft:hay_block":14,"create:depot":1,"mowziesmobs:umvuthana_mask_bliss":18,"minecraft:saddle":9,"minecraft:gold_ingot":14,"minecraft:stripped_oak_log":1,"mowziesmobs:umvuthana_mask_fury":3,"create:iron_sheet":4,"minecraft:jungle_boat":13,"minecraft:salmon":7,"minecraft:leather":15,"minecraft:jungle_fence":3,"minecraft:lily_pad":17,"minecraft:oak_log":45,"create:andesite_alloy":30,"minecraft:gunpowder":17,"farmersdelight:skillet":1,"mowziesmobs:umvuthana_mask_rage":18,"minecraft:kelp":33,"minecraft:iron_ingot":63,"minecraft:stone_pickaxe":12,"minecraft:glass_bottle":5,"mowziesmobs:umvuthana_mask_misery":3,"minecraft:iron_sword":13,"toughasnails:leaf_chestplate":7,"minecraft:white_bed":4,"create:wheat_flour":11,"minecraft:slime_ball":9,"minecraft:stone_axe":14,"create:encased_fan":12,"mowziesmobs:umvuthana_mask_fear":16,"minecraft:coal":352}},"DataVersion":3465}