{"stats":{"minecraft:used":{"toughasnails:leaf_leggings":3,"toughasnails:leaf_helmet":3,"mowziesmobs:umvuthana_mask_fear":2,"minecraft:stone_pickaxe":395,"minecraft:oak_planks":33,"minecraft:oak_sign":1,"minecraft:chest":2,"minecraft:wooden_pickaxe":14,"toughasnails:leaf_boots":2,"minecraft:oak_door":3,"minecraft:torch":11,"minecraft:sand":6,"minecraft:crafting_table":7,"minecraft:white_bed":3,"minecraft:wooden_axe":47,"minecraft:iron_pickaxe":14,"minecraft:stone_axe":31,"mowziesmobs:umvuthana_mask_rage":5,"minecraft:cobblestone":89,"minecraft:furnace":2,"minecraft:oak_sapling":1,"minecraft:oak_boat":1},"minecraft:crafted":{"minecraft:oak_door":3,"minecraft:oak_planks":172,"minecraft:oak_sign":3,"minecraft:crafting_table":2,"minecraft:wooden_pickaxe":1,"minecraft:iron_sword":1,"minecraft:furnace":2,"minecraft:copper_ingot":15,"minecraft:stone_axe":1,"minecraft:air":0,"minecraft:oak_boat":1,"minecraft:stick":20,"minecraft:iron_ingot":11,"minecraft:iron_pickaxe":1,"minecraft:stone_pickaxe":3,"minecraft:wooden_axe":1,"minecraft:chest":2,"minecraft:torch":28,"create:zinc_ingot":13},"minecraft:killed_by":{"man:managgresive":1,"sanitydim:sneaking_terror":1,"minecraft:skeleton":1,"mowziesmobs:umvuthana_follower_raptor":1,"sanitydim:rotting_stalker":1},"minecraft:broken":{"minecraft:stone_pickaxe":3,"toughasnails:leaf_leggings":1,"toughasnails:leaf_boots":1},"minecraft:mined":{"create:zinc_ore":11,"minecraft:white_bed":2,"minecraft:crafting_table":5,"minecraft:copper_ore":14,"minecraft:cobblestone":9,"minecraft:oak_planks":20,"minecraft:wall_torch":2,"minecraft:iron_ore":25,"minecraft:oak_log":43,"minecraft:coal_ore":63,"minecraft:sand":26,"minecraft:stone":297},"minecraft:dropped":{"minecraft:cobblestone":128,"minecraft:oak_planks":95,"mowziesmobs:spear":1,"minecraft:wooden_axe":1,"minecraft:potion":1,"minecraft:sand":6,"minecraft:arrow":4,"toughasnails:leaf_leggings":2,"minecraft:bone":1},"minecraft:custom":{"minecraft:interact_with_furnace":31,"minecraft:mob_kills":9,"minecraft:interact_with_crafting_table":23,"minecraft:damage_dealt_resisted":14,"minecraft:leave_game":3,"minecraft:time_since_death":11817,"minecraft:sleep_in_bed":18,"minecraft:climb_one_cm":1032,"minecraft:time_since_rest":10094,"minecraft:sprint_one_cm":143850,"minecraft:damage_taken":2164,"minecraft:walk_one_cm":152546,"minecraft:drop":12,"minecraft:damage_dealt":1100,"minecraft:swim_one_cm":8994,"minecraft:fly_one_cm":167452,"minecraft:open_chest":39,"minecraft:crouch_one_cm":1798,"minecraft:play_time":79975,"minecraft:deaths":8,"minecraft:sneak_time":921,"minecraft:walk_under_water_one_cm":3023,"minecraft:boat_one_cm":23130,"minecraft:jump":1030,"minecraft:walk_on_water_one_cm":15857,"minecraft:total_world_time":79975,"minecraft:fall_one_cm":15262},"minecraft:picked_up":{"toughasnails:leaf_leggings":7,"minecraft:crafting_table":10,"minecraft:feather":4,"toughasnails:leaf_helmet":3,"minecraft:potion":1,"create:raw_zinc":11,"minecraft:oak_log":43,"mowziesmobs:spear":1,"minecraft:raw_copper":46,"minecraft:bone":1,"mowziesmobs:umvuthana_mask_rage":5,"toughasnails:leaf_boots":3,"minecraft:stone_pickaxe":4,"minecraft:iron_pickaxe":3,"minecraft:oak_planks":361,"toughasnails:leaf_chestplate":3,"minecraft:raw_iron":24,"minecraft:stick":14,"minecraft:torch":29,"minecraft:sand":12,"minecraft:white_bed":3,"minecraft:arrow":4,"minecraft:stone_axe":3,"mowziesmobs:umvuthana_mask_bliss":3,"mowziesmobs:umvuthana_mask_fear":2,"minecraft:oak_sapling":1,"minecraft:coal":75,"minecraft:cobblestone":521,"minecraft:wooden_axe":2},"minecraft:killed":{"mowziesmobs:umvuthana_follower_raptor":5,"minecraft:skeleton":1,"minecraft:zombie":1,"mowziesmobs:umvuthana_raptor":1}},"DataVersion":3465}