{"stats":{"minecraft:crafted":{"minecraft:oak_boat":1,"minecraft:oak_planks":172,"minecraft:crafting_table":2,"minecraft:stick":4,"minecraft:wooden_pickaxe":1,"minecraft:stone_pickaxe":1,"minecraft:wooden_axe":1,"minecraft:torch":4},"minecraft:used":{"minecraft:wooden_axe":38,"toughasnails:leaf_leggings":2,"toughasnails:leaf_helmet":2,"minecraft:stone_pickaxe":79,"minecraft:oak_planks":13,"minecraft:wooden_pickaxe":14,"toughasnails:leaf_boots":2,"minecraft:torch":2,"minecraft:crafting_table":4,"minecraft:oak_sapling":1,"minecraft:oak_boat":1},"minecraft:killed_by":{"man:managgresive":1,"sanitydim:sneaking_terror":1,"sanitydim:rotting_stalker":1,"minecraft:skeleton":1},"minecraft:mined":{"minecraft:iron_ore":2,"minecraft:crafting_table":3,"minecraft:oak_log":43,"minecraft:coal_ore":14,"minecraft:sand":14,"minecraft:stone":76,"minecraft:wall_torch":1},"minecraft:dropped":{"minecraft:potion":1,"minecraft:arrow":4,"minecraft:bone":1},"minecraft:custom":{"minecraft:time_since_rest":7561,"minecraft:sprint_one_cm":68403,"minecraft:damage_taken":1240,"minecraft:walk_one_cm":58497,"minecraft:mob_kills":4,"minecraft:drop":3,"minecraft:damage_dealt":317,"minecraft:interact_with_crafting_table":4,"minecraft:swim_one_cm":8994,"minecraft:fly_one_cm":88412,"minecraft:open_chest":2,"minecraft:crouch_one_cm":1398,"minecraft:play_time":26747,"minecraft:deaths":4,"minecraft:sneak_time":588,"minecraft:walk_under_water_one_cm":2751,"minecraft:boat_one_cm":23130,"minecraft:jump":444,"minecraft:damage_dealt_resisted":14,"minecraft:leave_game":1,"minecraft:time_since_death":7483,"minecraft:walk_on_water_one_cm":11156,"minecraft:climb_one_cm":1032,"minecraft:total_world_time":26747,"minecraft:fall_one_cm":9586},"minecraft:picked_up":{"minecraft:wooden_axe":1,"toughasnails:leaf_leggings":2,"minecraft:raw_iron":2,"minecraft:crafting_table":4,"minecraft:stick":8,"minecraft:torch":1,"toughasnails:leaf_helmet":2,"minecraft:potion":1,"minecraft:oak_log":43,"minecraft:arrow":4,"minecraft:bone":1,"toughasnails:leaf_boots":2,"minecraft:oak_sapling":1,"minecraft:oak_planks":138,"minecraft:coal":14,"minecraft:cobblestone":67},"minecraft:killed":{"minecraft:skeleton":1,"mowziesmobs:umvuthana_follower_raptor":2}},"DataVersion":3465}