{"stats":{"minecraft:crafted":{"minecraft:oak_door":3,"minecraft:oak_planks":172,"minecraft:oak_sign":3,"minecraft:crafting_table":3,"minecraft:wooden_pickaxe":1,"minecraft:iron_sword":1,"minecraft:furnace":2,"minecraft:copper_ingot":97,"minecraft:bucket":1,"minecraft:stone_axe":1,"minecraft:air":0,"minecraft:glass":45,"minecraft:oak_boat":1,"minecraft:iron_chestplate":4,"minecraft:stick":36,"minecraft:iron_ingot":45,"minecraft:iron_pickaxe":1,"minecraft:stone_pickaxe":5,"minecraft:wooden_axe":1,"minecraft:chest":2,"minecraft:torch":28,"create:zinc_ingot":13},"minecraft:used":{"minecraft:water_bucket":4,"toughasnails:leaf_leggings":3,"toughasnails:leaf_helmet":3,"mowziesmobs:umvuthana_mask_fear":2,"minecraft:stone_pickaxe":571,"minecraft:oak_planks":36,"minecraft:oak_sign":1,"minecraft:chest":2,"minecraft:wooden_pickaxe":14,"minecraft:iron_sword":1,"toughasnails:leaf_boots":2,"minecraft:oak_door":3,"minecraft:torch":20,"minecraft:sand":10,"minecraft:crafting_table":9,"minecraft:white_bed":3,"minecraft:glass":1,"minecraft:wooden_axe":47,"minecraft:iron_pickaxe":23,"minecraft:stone_axe":36,"mowziesmobs:umvuthana_mask_rage":5,"minecraft:cobblestone":125,"minecraft:furnace":2,"minecraft:oak_sapling":1,"minecraft:bucket":5,"minecraft:oak_boat":1},"minecraft:killed_by":{"man:managgresive":1,"sanitydim:sneaking_terror":1,"minecraft:skeleton":1,"mowziesmobs:umvuthana_follower_raptor":1,"sanitydim:rotting_stalker":1},"minecraft:broken":{"minecraft:stone_pickaxe":4,"toughasnails:leaf_leggings":1,"toughasnails:leaf_boots":1},"minecraft:mined":{"create:zinc_ore":11,"minecraft:white_bed":2,"minecraft:crafting_table":7,"minecraft:copper_ore":41,"minecraft:cobblestone":20,"minecraft:lapis_ore":6,"minecraft:oak_planks":21,"minecraft:wall_torch":3,"minecraft:iron_ore":59,"minecraft:oak_log":43,"minecraft:coal_ore":88,"minecraft:sand":29,"minecraft:stone":379},"minecraft:custom":{"minecraft:interact_with_furnace":101,"minecraft:mob_kills":9,"minecraft:interact_with_crafting_table":30,"minecraft:damage_dealt_resisted":14,"minecraft:leave_game":3,"minecraft:time_since_death":27870,"minecraft:sleep_in_bed":23,"minecraft:climb_one_cm":1102,"minecraft:time_since_rest":1501,"minecraft:sprint_one_cm":188156,"minecraft:damage_taken":2403,"minecraft:walk_one_cm":255032,"minecraft:drop":20,"minecraft:damage_dealt":1117,"minecraft:swim_one_cm":8994,"minecraft:fly_one_cm":206875,"minecraft:open_chest":61,"minecraft:crouch_one_cm":3560,"minecraft:play_time":115975,"minecraft:deaths":9,"minecraft:sneak_time":1794,"minecraft:walk_under_water_one_cm":3023,"minecraft:boat_one_cm":23130,"minecraft:jump":1367,"minecraft:walk_on_water_one_cm":17413,"minecraft:total_world_time":115975,"minecraft:fall_one_cm":19948},"minecraft:dropped":{"minecraft:iron_ingot":1,"minecraft:cobblestone":130,"minecraft:oak_planks":96,"mowziesmobs:spear":1,"minecraft:iron_chestplate":2,"minecraft:wooden_axe":1,"minecraft:potion":1,"minecraft:sandstone":1,"minecraft:sand":8,"minecraft:arrow":4,"toughasnails:leaf_leggings":2,"minecraft:bone":1},"minecraft:picked_up":{"toughasnails:leaf_leggings":7,"minecraft:crafting_table":13,"minecraft:feather":4,"minecraft:water_bucket":1,"toughasnails:leaf_helmet":3,"minecraft:potion":1,"create:raw_zinc":11,"minecraft:oak_log":43,"mowziesmobs:spear":1,"minecraft:lapis_lazuli":40,"minecraft:raw_copper":147,"minecraft:bone":1,"mowziesmobs:umvuthana_mask_rage":6,"minecraft:iron_ingot":1,"toughasnails:leaf_boots":3,"minecraft:stone_pickaxe":5,"minecraft:iron_pickaxe":4,"minecraft:iron_sword":1,"minecraft:oak_planks":365,"toughasnails:leaf_chestplate":4,"minecraft:sandstone":1,"minecraft:raw_iron":58,"minecraft:stick":29,"minecraft:torch":50,"minecraft:sand":16,"minecraft:white_bed":3,"minecraft:arrow":4,"minecraft:stone_axe":4,"mowziesmobs:umvuthana_mask_bliss":4,"mowziesmobs:umvuthana_mask_fear":3,"minecraft:oak_sapling":1,"minecraft:coal":118,"minecraft:cobblestone":664,"minecraft:wooden_axe":2},"minecraft:killed":{"mowziesmobs:umvuthana_follower_raptor":5,"minecraft:skeleton":1,"minecraft:zombie":1,"mowziesmobs:umvuthana_raptor":1}},"DataVersion":3465}