{"stats":{"minecraft:used":{"minecraft:spruce_sign":1,"jujutsucraft:clothes_zenin_2_leggings":1,"minecraft:acacia_sapling":1,"jujutsucraft:sword_okkotsu_yuta":7,"jujutsucraft:clothes_zenin_boots":1,"wom:agony":19,"jujutsucraft:clothes_zenin_2_chestplate":1,"minecraft:egg":1},"minecraft:picked_up":{"jujutsucraft:recommendation_2":1,"minecraft:coarse_dirt":8,"minecraft:feather":1,"minecraft:chicken":2,"minecraft:salmon":1,"jujutsucraft:item_master_domain_expansion":1,"minecraft:deepslate_tile_slab":6,"minecraft:dirt":8,"minecraft:snow":1,"jujutsucraft:pendant_todo_aoi":1,"minecraft:wheat_seeds":1,"jujutsucraft:sword_black":2,"minecraft:spruce_slab":4,"minecraft:tall_grass":1,"minecraft:rabbit":1,"jujutsucraft:sword_miwa_kasumi":1,"minecraft:oak_planks":4,"minecraft:acacia_sapling":1,"minecraft:egg":1,"minecraft:oak_slab":5,"minecraft:stone":1,"minecraft:spruce_fence":1,"jujutsucraft:sword_okkotsu_yuta":2,"minecraft:porkchop":3,"minecraft:grass_block":3,"minecraft:spruce_log":3,"minecraft:vine":2,"minecraft:deepslate_tile_stairs":7,"minecraft:white_concrete":3,"minecraft:spruce_sign":1,"minecraft:oak_sapling":2,"minecraft:stripped_dark_oak_log":9,"minecraft:oak_leaves":3},"minecraft:custom":{"minecraft:mob_kills":259,"minecraft:damage_dealt_resisted":55786,"minecraft:leave_game":1,"minecraft:time_since_death":2817,"minecraft:damage_resisted":16461,"minecraft:time_since_rest":2847,"minecraft:damage_taken":29044,"minecraft:sprint_one_cm":1174040,"minecraft:walk_one_cm":584282,"minecraft:drop":48,"minecraft:damage_dealt":4281,"minecraft:swim_one_cm":4057,"minecraft:fly_one_cm":1609921,"minecraft:player_kills":5,"minecraft:open_chest":7,"minecraft:crouch_one_cm":8096,"minecraft:play_time":86664,"minecraft:deaths":73,"minecraft:sneak_time":1748,"minecraft:walk_under_water_one_cm":3556,"minecraft:jump":1901,"minecraft:walk_on_water_one_cm":10242,"minecraft:total_world_time":86664,"minecraft:fall_one_cm":220500},"minecraft:killed":{"jujutsucraft:cursed_spirit_grade_32":14,"jujutsucraft:cursed_spirit_grade_31":1,"jujutsucraft:cursed_spirit_grade_33":5,"jujutsucraft:cursed_spirit_grade_213":1,"jujutsucraft:cursed_spirit_grade_24":1,"minecraft:bat":10,"jujutsucraft:cursed_spirit_grade_37":1,"jujutsucraft:cursed_spirit_grade_35":1,"jujutsucraft:cursed_spirit_grade_318":4,"jujutsucraft:cursed_spirit_grade_316":2,"jujutsucraft:cursed_spirit_grade_211":1,"jujutsucraft:curse_user":1,"jujutsucraft:cursed_spirit_grade_321":4,"jujutsucraft:wooden_spear_1":2,"jujutsucraft:cursed_spirit_grade_39":19,"jujutsucraft:shigemo_haruta":1,"jujutsucraft:cursed_spirit_grade_313":1,"jujutsucraft:cursed_spirit_grade_314":14,"jujutsucraft:crow":1,"jujutsucraft:cockroaches":12,"jujutsucraft:cursed_spirit_grade_311":1,"jujutsucraft:cursed_spirit_grade_310":5,"minecraft:chicken":1,"jujutsucraft:cursed_spirit_grade_36":14,"jujutsucraft:rabbit_escape":7,"jujutsucraft:rozetsu_shikigami":1,"jujutsucraft:cursed_spirit_grade_214":1,"jujutsucraft:cursed_spirit_grade_25":1,"jujutsucraft:cursed_spirit_grade_317":4,"jujutsucraft:cursed_spirit_grade_315":6,"jujutsucraft:cockroach_larva":2,"jujutsucraft:cursed_spirit_grade_38":3,"jujutsucraft:cursed_spirit_grade_34":2,"jujutsucraft:cursed_spirit_grade_319":7,"jujutsucraft:cursed_spirit_grade_322":4,"jujutsucraft:transfigured_human_1":1,"jujutsucraft:kamo_noritoshi":1,"jujutsucraft:q":1,"jujutsucraft:wooden_ball_1":2,"jujutsucraft:gravestone_3":2},"minecraft:dropped":{"minecraft:oak_slab":5,"minecraft:vine":2,"minecraft:porkchop":3,"minecraft:wheat_seeds":1,"jujutsucraft:uniform_normal_leggings":1,"minecraft:coarse_dirt":8,"jujutsucraft:sword_miwa_kasumi":1,"minecraft:stripped_dark_oak_log":9,"minecraft:tall_grass":1,"minecraft:chicken":2,"minecraft:feather":1,"jujutsucraft:sword_black":2,"minecraft:oak_planks":4,"jujutsucraft:sword_okkotsu_yuta":1,"minecraft:deepslate_tile_slab":6,"minecraft:grass_block":3,"minecraft:spruce_fence":1,"minecraft:salmon":1,"jujutsucraft:uniform_normal_chestplate":1,"minecraft:deepslate_tile_stairs":7,"minecraft:snow":1,"minecraft:dirt":8,"minecraft:stone":1,"minecraft:rabbit":1,"minecraft:white_concrete":3,"minecraft:oak_sapling":2,"minecraft:spruce_slab":4,"minecraft:spruce_log":3,"jujutsucraft:uniform_normal_boots":1,"minecraft:oak_leaves":3},"minecraft:mined":{"minecraft:tall_grass":5,"minecraft:grass":2},"minecraft:killed_by":{"jujutsucraft:cursed_spirit_grade_25":4,"jujutsucraft:cursed_spirit_grade_214":1,"jujutsucraft:hoshi_kirara":4,"jujutsucraft:cursed_spirit_grade_24":1,"jujutsucraft:cursed_spirit_grade_15":3,"jujutsucraft:cursed_spirit_grade_39":2,"minecraft:player":3,"jujutsucraft:cursed_spirit_grade_16":5,"jujutsucraft:cursed_spirit_grade_14":3,"jujutsucraft:kenjaku":2,"jujutsucraft:cursed_spirit_grade_312":2,"jujutsucraft:todo_aoi":1,"jujutsucraft:nishimiya_momo":1,"jujutsucraft:negi_toshihisa":1,"jujutsucraft:cursed_spirit_grade_12":2,"jujutsucraft:cursed_spirit_grade_05":1,"jujutsucraft:jogo":1,"jujutsucraft:kamo_noritoshi":1,"jujutsucraft:moon_dregs":2,"jujutsucraft:hakari_kinji":2,"jujutsucraft:cursed_spirit_grade_22":8,"jujutsucraft:uro_takako":1,"jujutsucraft:panda_gorilla":1,"jujutsucraft:cursed_spirit_grade_211":1,"jujutsucraft:curse_user_1":1,"jujutsucraft:yoshino_junpei":1,"jujutsucraft:cursed_spirit_grade_08":2,"jujutsucraft:q":1,"jujutsucraft:fushiguro_megumi":1,"jujutsucraft:sukuna":1,"jujutsucraft:cursed_spirit_grade_317":1,"jujutsucraft:cursed_spirit_grade_29":2,"jujutsucraft:takaba_fumihiko":1,"jujutsucraft:cursed_spirit_grade_04":1,"jujutsucraft:curse_user":1,"jujutsucraft:dagon_2":1,"jujutsucraft:cursed_spirit_grade_02":1,"jujutsucraft:cursed_spirit_grade_27":1,"jujutsucraft:jujutsu_sorcerer":2}},"DataVersion":3465}