{"stats":{"minecraft:crafted":{"minecraft:oak_boat":1,"minecraft:oak_planks":172,"minecraft:crafting_table":2,"minecraft:stick":16,"minecraft:iron_pickaxe":1,"minecraft:iron_ingot":11,"minecraft:wooden_pickaxe":1,"minecraft:stone_pickaxe":2,"minecraft:wooden_axe":1,"minecraft:torch":28,"minecraft:stone_axe":1,"minecraft:air":0},"minecraft:used":{"minecraft:wooden_axe":47,"toughasnails:leaf_leggings":3,"toughasnails:leaf_helmet":3,"minecraft:stone_pickaxe":216,"minecraft:oak_planks":13,"minecraft:wooden_pickaxe":14,"toughasnails:leaf_boots":2,"minecraft:torch":3,"mowziesmobs:umvuthana_mask_rage":3,"minecraft:cobblestone":24,"minecraft:crafting_table":5,"minecraft:oak_sapling":1,"minecraft:oak_boat":1},"minecraft:broken":{"minecraft:stone_pickaxe":1},"minecraft:killed_by":{"mowziesmobs:umvuthana_follower_raptor":1,"man:managgresive":1,"sanitydim:sneaking_terror":1,"sanitydim:rotting_stalker":1,"minecraft:skeleton":1},"minecraft:mined":{"minecraft:iron_ore":12,"minecraft:crafting_table":4,"minecraft:oak_log":43,"minecraft:coal_ore":39,"minecraft:sand":14,"minecraft:cobblestone":2,"minecraft:stone":175,"minecraft:wall_torch":2},"minecraft:dropped":{"minecraft:wooden_axe":1,"minecraft:potion":1,"minecraft:arrow":4,"minecraft:bone":1},"minecraft:custom":{"minecraft:time_since_rest":0,"minecraft:interact_with_furnace":2,"minecraft:sprint_one_cm":87013,"minecraft:damage_taken":1460,"minecraft:walk_one_cm":83352,"minecraft:mob_kills":7,"minecraft:drop":4,"minecraft:damage_dealt":691,"minecraft:interact_with_crafting_table":8,"minecraft:swim_one_cm":8994,"minecraft:fly_one_cm":107848,"minecraft:open_chest":3,"minecraft:crouch_one_cm":1475,"minecraft:play_time":38823,"minecraft:deaths":5,"minecraft:sneak_time":615,"minecraft:walk_under_water_one_cm":3023,"minecraft:boat_one_cm":23130,"minecraft:jump":579,"minecraft:damage_dealt_resisted":14,"minecraft:leave_game":2,"minecraft:time_since_death":3568,"minecraft:walk_on_water_one_cm":13303,"minecraft:sleep_in_bed":14,"minecraft:climb_one_cm":1032,"minecraft:total_world_time":38823,"minecraft:fall_one_cm":11165},"minecraft:picked_up":{"minecraft:wooden_axe":2,"toughasnails:leaf_leggings":3,"minecraft:raw_iron":11,"minecraft:crafting_table":6,"minecraft:stick":8,"minecraft:torch":29,"toughasnails:leaf_helmet":3,"minecraft:potion":1,"minecraft:oak_log":43,"minecraft:arrow":4,"minecraft:bone":1,"mowziesmobs:umvuthana_mask_rage":2,"toughasnails:leaf_boots":3,"minecraft:stone_pickaxe":1,"minecraft:oak_sapling":1,"minecraft:oak_planks":266,"minecraft:coal":42,"minecraft:cobblestone":320},"minecraft:killed":{"minecraft:skeleton":1,"mowziesmobs:umvuthana_follower_raptor":4,"mowziesmobs:umvuthana_raptor":1}},"DataVersion":3465}