{"stats":{"minecraft:used":{"mowziesmobs:umvuthana_mask_fear":6,"minecraft:poppy":1,"minecraft:oak_sign":2,"minecraft:black_carpet":3,"create:portable_storage_interface":5,"minecraft:chest":10,"minecraft:shield":34,"minecraft:stone":6,"minecraft:iron_sword":140,"create:mechanical_bearing":2,"minecraft:iron_chestplate":1,"mowziesmobs:umvuthana_mask_bliss":1,"create:cogwheel":11,"farmersdelight:fish_stew":1,"farmersdelight:cooked_cod_slice":2,"minecraft:acacia_sapling":27,"create:depot":1,"minecraft:glass":31,"minecraft:lava_bucket":3,"farmersdelight:tomato":5,"minecraft:item_frame":2,"farmersdelight:tomato_sauce":1,"mowziesmobs:umvuthana_mask_rage":5,"create:shaft":16,"minecraft:oak_sapling":23,"minecraft:furnace":5,"create:mechanical_drill":2,"minecraft:egg":234,"minecraft:stripped_acacia_log":1,"minecraft:oak_planks":157,"minecraft:stone_pickaxe":833,"minecraft:jungle_fence":21,"minecraft:ender_pearl":1,"minecraft:wooden_pickaxe":14,"minecraft:sandstone":2,"minecraft:sugar_cane":4,"toughasnails:water_canteen":114,"create:mechanical_saw":20,"minecraft:jungle_boat":5,"minecraft:sand":19,"minecraft:acacia_leaves":1,"minecraft:bread":14,"create:andesite_casing":7,"minecraft:flowering_azalea_leaves":3,"minecraft:andesite":25,"minecraft:oak_boat":7,"minecraft:air":1,"minecraft:coarse_dirt":1,"minecraft:bone_meal":27,"minecraft:oak_trapdoor":1,"toughasnails:leaf_helmet":3,"minecraft:acacia_log":13,"minecraft:flint_and_steel":4,"minecraft:stone_shovel":258,"minecraft:dried_kelp":1,"toughasnails:leaf_boots":6,"minecraft:oak_door":3,"farmersdelight:dumplings":8,"minecraft:torch":96,"minecraft:brewing_stand":2,"minecraft:dirt":206,"minecraft:anvil":1,"minecraft:hopper":1,"toughasnails:empty_canteen":15,"minecraft:wooden_axe":47,"create:wrench":117,"minecraft:iron_boots":1,"farmersdelight:canvas_rug":7,"minecraft:beef":1,"farmersdelight:cooked_mutton_chops":2,"minecraft:cooked_beef":1,"minecraft:cobbled_deepslate":228,"minecraft:acacia_planks":1,"create:belt_connector":2,"minecraft:iron_leggings":1,"farmersdelight:fried_egg":5,"minecraft:wheat_seeds":10,"farmersdelight:iron_knife":6,"minecraft:water_bucket":157,"toughasnails:leaf_leggings":6,"farmersdelight:skillet":1,"minecraft:glass_bottle":26,"minecraft:andesite_slab":10,"create:encased_fan":10,"minecraft:crafting_table":16,"minecraft:white_bed":5,"minecraft:cod":1,"minecraft:oak_log":6,"create:linear_chassis":3,"create:mechanical_press":3,"minecraft:chicken":1,"minecraft:iron_pickaxe":700,"create:water_wheel":18,"toughasnails:leaf_chestplate":1,"minecraft:spruce_sapling":37,"minecraft:stone_axe":278,"minecraft:cobbled_deepslate_slab":9,"minecraft:fishing_rod":68,"farmersdelight:cooked_bacon":1,"minecraft:cobblestone":414,"minecraft:potion":26,"minecraft:azalea_leaves":1,"farmersdelight:egg_sandwich":30,"minecraft:porkchop":2,"minecraft:cooked_porkchop":2,"mowziesmobs:umvuthana_mask_fury":1,"toughasnails:purified_water_canteen":8,"minecraft:bucket":160,"minecraft:stripped_oak_log":1,"create:hand_crank":3,"minecraft:dandelion":1},"minecraft:crafted":{"minecraft:oak_planks":188,"farmersdelight:dumplings":32,"minecraft:oak_sign":3,"minecraft:stone":38,"create:mechanical_bearing":1,"toughasnails:leaf_leggings":6,"minecraft:hopper":1,"minecraft:glass":65,"minecraft:iron_boots":1,"create:mechanical_press":1,"farmersdelight:tomato_sauce":1,"minecraft:chest":9,"create:cogwheel":2,"minecraft:item_frame":1,"toughasnails:leaf_boots":4,"minecraft:crafting_table":3,"farmersdelight:iron_knife":2,"create:mechanical_saw":3,"minecraft:jungle_boat":1,"minecraft:acacia_slab":6,"minecraft:wooden_pickaxe":1,"farmersdelight:egg_sandwich":30,"create:zinc_nugget":54,"minecraft:clock":1,"minecraft:copper_ingot":99,"create:encased_fan":1,"minecraft:iron_chestplate":4,"minecraft:paper":9,"minecraft:diamond_pickaxe":2,"create:water_wheel":3,"minecraft:shield":1,"create:super_glue":1,"create:portable_storage_interface":2,"minecraft:stick":84,"minecraft:iron_ingot":120,"minecraft:iron_pickaxe":3,"minecraft:iron_block":4,"sereneseasons:calendar":1,"minecraft:gold_ingot":13,"create:propeller":1,"toughasnails:empty_canteen":1,"create:chute":4,"minecraft:oak_door":3,"minecraft:cobbled_deepslate_slab":6,"minecraft:stone_shovel":2,"minecraft:fishing_rod":2,"create:wrench":1,"minecraft:iron_nugget":9,"minecraft:furnace":4,"minecraft:bone_meal":36,"minecraft:stone_pickaxe":6,"minecraft:jungle_fence":21,"create:belt_connector":3,"minecraft:wheat":126,"minecraft:sugar":1,"create:andesite_alloy":22,"minecraft:dried_kelp":19,"minecraft:iron_sword":1,"create:goggles":2,"minecraft:bucket":1,"minecraft:stone_axe":3,"minecraft:bread":44,"minecraft:air":0,"minecraft:jungle_planks":32,"minecraft:oak_boat":1,"minecraft:andesite_slab":6,"create:linear_chassis":6,"minecraft:wooden_axe":1,"minecraft:black_carpet":3,"minecraft:iron_leggings":1,"minecraft:anvil":1,"create:mechanical_drill":1,"create:shaft":8,"minecraft:acacia_planks":60,"minecraft:torch":80,"create:zinc_ingot":14},"minecraft:killed_by":{"minecraft:creeper":1,"mowziesmobs:umvuthana_follower_raptor":2,"sanitydim:rotting_stalker":2,"man:managgresive":3,"sanitydim:sneaking_terror":1,"minecraft:enderman":3,"minecraft:skeleton":1,"mowziesmobs:umvuthana_raptor":2},"minecraft:broken":{"mowziesmobs:umvuthana_mask_fear":1,"toughasnails:leaf_boots":5,"minecraft:stone_pickaxe":6,"minecraft:stone_axe":1,"minecraft:stone_shovel":1,"toughasnails:leaf_leggings":5,"toughasnails:water_canteen":13,"minecraft:iron_pickaxe":2,"toughasnails:purified_water_canteen":1},"minecraft:mined":{"minecraft:white_bed":6,"create:andesite_casing":14,"farmersdelight:canvas_rug":1,"minecraft:brewing_stand":2,"minecraft:granite":1,"minecraft:acacia_log":34,"minecraft:grass_block":213,"create:belt":1,"minecraft:iron_ore":87,"minecraft:cobbled_deepslate":55,"minecraft:fire":2,"minecraft:black_carpet":1,"minecraft:flowering_azalea_leaves":3,"minecraft:azalea_leaves":1,"create:veridium":136,"create:mechanical_press":2,"minecraft:deepslate_redstone_ore":4,"create:cogwheel":9,"minecraft:kelp_plant":7,"minecraft:torch":7,"minecraft:poppy":3,"minecraft:melon":1,"minecraft:chest":2,"minecraft:glass":14,"minecraft:cobblestone":64,"minecraft:sugar_cane":15,"minecraft:oak_planks":142,"minecraft:wall_torch":6,"minecraft:acacia_sapling":2,"create:portable_storage_interface":3,"minecraft:wheat":10,"minecraft:grass":17,"minecraft:oak_log":45,"create:hand_crank":3,"minecraft:sand":60,"minecraft:dirt":60,"minecraft:deepslate":213,"create:zinc_ore":11,"minecraft:deepslate_diamond_ore":25,"minecraft:glow_lichen":4,"minecraft:cobbled_deepslate_slab":2,"create:depot":1,"create:encased_fan":10,"minecraft:sandstone":3,"minecraft:large_fern":1,"minecraft:hay_block":14,"minecraft:redstone_ore":6,"create:shaft":11,"minecraft:oak_trapdoor":1,"minecraft:furnace":1,"minecraft:andesite":87,"minecraft:deepslate_iron_ore":15,"minecraft:stripped_acacia_log":4,"minecraft:stripped_oak_log":6,"minecraft:bamboo":1,"minecraft:stone":567,"minecraft:acacia_leaves":62,"minecraft:dandelion":1,"minecraft:crafting_table":14,"minecraft:emerald_ore":2,"minecraft:andesite_slab":10,"create:water_wheel":15,"minecraft:tall_grass":2,"minecraft:copper_ore":52,"minecraft:lapis_ore":6,"minecraft:deepslate_gold_ore":8,"minecraft:lily_pad":4,"create:mechanical_saw":17,"farmersdelight:skillet":1,"minecraft:coarse_dirt":1,"minecraft:jungle_fence":3,"create:mechanical_drill":1,"minecraft:coal_ore":88,"create:mechanical_bearing":1,"minecraft:acacia_planks":13,"create:andesite_encased_shaft":4,"minecraft:fern":2},"minecraft:custom":{"minecraft:animals_bred":2,"minecraft:interact_with_crafting_table":201,"minecraft:open_barrel":1,"minecraft:leave_game":13,"minecraft:time_since_death":117106,"minecraft:sprint_one_cm":1684425,"minecraft:damage_blocked_by_shield":2910,"minecraft:drop":239,"minecraft:talked_to_villager":1,"minecraft:play_time":764720,"minecraft:deaths":27,"minecraft:jump":8609,"minecraft:interact_with_brewingstand":1,"minecraft:walk_on_water_one_cm":109493,"minecraft:interact_with_furnace":290,"minecraft:sleep_in_bed":58,"minecraft:damage_dealt":9160,"minecraft:player_kills":1,"minecraft:crouch_one_cm":63774,"minecraft:use_cauldron":1,"minecraft:mob_kills":119,"minecraft:interact_with_anvil":9,"minecraft:fill_cauldron":1,"minecraft:damage_dealt_resisted":50,"minecraft:climb_one_cm":29049,"minecraft:walk_one_cm":1786340,"minecraft:sneak_time":21426,"minecraft:walk_under_water_one_cm":43754,"minecraft:boat_one_cm":444744,"minecraft:total_world_time":764720,"minecraft:time_since_rest":12951,"minecraft:damage_taken":8854,"minecraft:swim_one_cm":65200,"minecraft:fly_one_cm":1822204,"minecraft:open_chest":648,"minecraft:fish_caught":31,"minecraft:fall_one_cm":177728},"minecraft:dropped":{"farmersdelight:iron_knife":1,"minecraft:ender_pearl":1,"minecraft:glow_berries":1,"minecraft:leather":2,"minecraft:cod":15,"minecraft:dirt":79,"mowziesmobs:umvuthana_mask_bliss":2,"minecraft:cornflower":1,"create:goggles":2,"minecraft:sand":27,"minecraft:sugar":2,"minecraft:fishing_rod":1,"minecraft:gold_ingot":12,"minecraft:bone":3,"minecraft:white_tulip":1,"mowziesmobs:umvuthana_mask_rage":3,"minecraft:cobbled_deepslate":3,"minecraft:wheat":102,"minecraft:rotten_flesh":11,"minecraft:oak_planks":96,"minecraft:salmon":6,"minecraft:poppy":2,"minecraft:gunpowder":17,"create:wrench":2,"create:wheat_flour":46,"minecraft:arrow":11,"minecraft:iron_ingot":38,"minecraft:wheat_seeds":41,"minecraft:feather":26,"minecraft:cobblestone":188,"mowziesmobs:umvuthana_mask_fear":1,"minecraft:acacia_log":3,"minecraft:coal":16,"minecraft:stick":2,"minecraft:pufferfish":5,"minecraft:lava_bucket":1,"minecraft:torch":1,"minecraft:wooden_axe":1,"minecraft:potion":1,"toughasnails:leaf_leggings":3,"minecraft:string":2,"minecraft:paper":1,"minecraft:acacia_planks":10,"create:raw_zinc":1,"toughasnails:leaf_chestplate":1,"minecraft:bowl":2,"farmersdelight:dumplings":16,"minecraft:chicken":1,"minecraft:iron_boots":1,"mowziesmobs:spear":1,"farmersdelight:straw":7,"farmersdelight:fried_egg":6,"mowziesmobs:umvuthana_mask_misery":4,"create:zinc_ingot":1,"minecraft:iron_chestplate":5,"minecraft:diamond_pickaxe":1,"minecraft:andesite":2,"minecraft:oak_boat":1,"minecraft:spider_eye":2,"minecraft:bamboo":9,"minecraft:sandstone":1,"minecraft:stone_pickaxe":1,"minecraft:raw_gold":1},"minecraft:picked_up":{"minecraft:wooden_axe":2,"toughasnails:leaf_leggings":18,"sereneseasons:calendar":7,"minecraft:wheat":9,"minecraft:iron_chestplate":22,"minecraft:black_carpet":1,"create:wrench":8,"minecraft:potion":6,"minecraft:brewing_stand":8,"mowziesmobs:spear":1,"minecraft:string":8,"minecraft:raw_copper":226,"minecraft:pufferfish":5,"create:water_wheel":15,"create:mechanical_press":6,"minecraft:cobbled_deepslate":449,"minecraft:bucket":3,"toughasnails:leaf_boots":11,"minecraft:white_tulip":2,"minecraft:iron_pickaxe":23,"minecraft:melon_slice":7,"minecraft:iron_boots":3,"minecraft:furnace":1,"minecraft:stick":101,"minecraft:torch":229,"minecraft:acacia_log":100,"create:andesite_casing":29,"minecraft:porkchop":2,"farmersdelight:fried_egg":72,"minecraft:rotten_flesh":16,"create:veridium":153,"minecraft:cod":19,"minecraft:cobblestone":1903,"minecraft:feather":29,"minecraft:cooked_beef":1,"minecraft:water_bucket":16,"minecraft:andesite":779,"toughasnails:leaf_helmet":3,"create:belt_connector":9,"create:raw_zinc":28,"farmersdelight:cooked_bacon":2,"minecraft:lapis_lazuli":40,"farmersdelight:tomato":26,"minecraft:dirt":345,"minecraft:name_tag":1,"farmersdelight:mutton_chops":2,"minecraft:bone":28,"farmersdelight:iron_knife":5,"minecraft:acacia_planks":43,"minecraft:wheat_seeds":64,"create:mechanical_drill":1,"minecraft:raw_gold":11,"minecraft:cobbled_deepslate_slab":3,"create:goggles":7,"create:shaft":40,"farmersdelight:egg_sandwich":95,"minecraft:bamboo":18,"create:super_glue":4,"minecraft:oak_planks":536,"minecraft:cooked_porkchop":3,"create:cogwheel":10,"minecraft:jungle_planks":20,"minecraft:sand":48,"farmersdelight:cooked_mutton_chops":2,"minecraft:stripped_acacia_log":4,"toughasnails:water_canteen":11,"minecraft:sugar":1,"minecraft:clay":1,"minecraft:diamond":25,"minecraft:granite":1,"minecraft:bone_meal":24,"minecraft:emerald":26,"minecraft:bread":132,"minecraft:oak_sapling":1,"minecraft:andesite_slab":41,"minecraft:diamond_pickaxe":2,"minecraft:fishing_rod":14,"minecraft:coarse_dirt":1,"minecraft:crafting_table":34,"minecraft:chicken":2,"minecraft:shield":12,"minecraft:cornflower":1,"minecraft:flint_and_steel":7,"minecraft:item_frame":1,"minecraft:iron_shovel":1,"minecraft:beef":7,"farmersdelight:straw":7,"minecraft:oak_boat":8,"minecraft:iron_nugget":16,"minecraft:poppy":3,"minecraft:chest":2,"farmersdelight:canvas_rug":7,"minecraft:sugar_cane":17,"minecraft:egg":15,"minecraft:raw_iron":146,"minecraft:sandstone":13,"create:golden_sheet":5,"minecraft:copper_ingot":219,"minecraft:bowl":5,"create:hand_crank":3,"farmersdelight:fish_stew":1,"minecraft:redstone":94,"create:zinc_ingot":76,"toughasnails:empty_canteen":1,"farmersdelight:cooked_cod_slice":2,"minecraft:arrow":25,"minecraft:stone_shovel":11,"minecraft:hay_block":14,"create:depot":1,"mowziesmobs:umvuthana_mask_bliss":20,"minecraft:saddle":12,"minecraft:gold_ingot":26,"minecraft:glow_berries":1,"minecraft:stripped_oak_log":7,"mowziesmobs:umvuthana_mask_fury":6,"create:iron_sheet":4,"minecraft:jungle_boat":13,"minecraft:salmon":7,"minecraft:leather":15,"minecraft:jungle_fence":3,"minecraft:lily_pad":18,"minecraft:oak_log":45,"create:andesite_alloy":30,"minecraft:gunpowder":17,"farmersdelight:skillet":1,"mowziesmobs:umvuthana_mask_rage":21,"minecraft:kelp":33,"minecraft:iron_ingot":84,"minecraft:stone_pickaxe":12,"minecraft:glass_bottle":5,"mowziesmobs:umvuthana_mask_misery":4,"minecraft:iron_sword":19,"minecraft:acacia_sapling":4,"create:mechanical_saw":20,"toughasnails:leaf_chestplate":9,"create:mechanical_bearing":1,"minecraft:dandelion":1,"minecraft:lava_bucket":1,"minecraft:white_bed":5,"minecraft:spider_eye":2,"create:wheat_flour":11,"minecraft:slime_ball":13,"minecraft:stone_axe":20,"create:encased_fan":12,"create:portable_storage_interface":4,"mowziesmobs:umvuthana_mask_fear":23,"minecraft:acacia_slab":5,"minecraft:coal":435,"minecraft:ender_pearl":2},"minecraft:killed":{"minecraft:spider":8,"minecraft:skeleton":9,"minecraft:chicken":57,"minecraft:pig":1,"minecraft:creeper":1,"minecraft:pillager":2,"minecraft:zombie":12,"mowziesmobs:umvuthana_raptor":5,"minecraft:cow":2,"mowziesmobs:umvuthana_follower_raptor":19,"minecraft:enderman":1}},"DataVersion":3465}