{"stats":{"minecraft:crafted":{"minecraft:oak_door":3,"minecraft:oak_planks":172,"minecraft:oak_sign":3,"minecraft:crafting_table":3,"farmersdelight:iron_knife":1,"minecraft:wooden_pickaxe":1,"minecraft:iron_sword":1,"minecraft:furnace":2,"minecraft:copper_ingot":99,"minecraft:bucket":1,"minecraft:stone_axe":1,"minecraft:air":0,"minecraft:glass":55,"minecraft:oak_boat":1,"minecraft:iron_chestplate":4,"minecraft:stick":36,"minecraft:iron_ingot":45,"minecraft:iron_pickaxe":1,"minecraft:stone_pickaxe":5,"minecraft:wooden_axe":1,"minecraft:chest":2,"minecraft:torch":28,"create:zinc_ingot":13},"minecraft:used":{"minecraft:water_bucket":4,"toughasnails:leaf_leggings":3,"toughasnails:leaf_helmet":3,"mowziesmobs:umvuthana_mask_fear":2,"minecraft:stone_pickaxe":582,"minecraft:oak_planks":36,"minecraft:oak_sign":1,"minecraft:chest":2,"minecraft:wooden_pickaxe":14,"minecraft:iron_sword":9,"toughasnails:leaf_boots":2,"minecraft:iron_chestplate":1,"minecraft:oak_door":3,"minecraft:torch":21,"mowziesmobs:umvuthana_mask_bliss":1,"minecraft:sand":14,"minecraft:crafting_table":10,"minecraft:white_bed":3,"minecraft:glass":11,"minecraft:wooden_axe":47,"minecraft:iron_pickaxe":23,"minecraft:stone_axe":37,"mowziesmobs:umvuthana_mask_rage":5,"minecraft:cobblestone":151,"minecraft:furnace":2,"minecraft:oak_sapling":1,"minecraft:bucket":5,"minecraft:oak_boat":1},"minecraft:killed_by":{"man:managgresive":1,"sanitydim:sneaking_terror":1,"minecraft:skeleton":1,"mowziesmobs:umvuthana_follower_raptor":1,"sanitydim:rotting_stalker":1},"minecraft:broken":{"minecraft:stone_pickaxe":4,"toughasnails:leaf_leggings":1,"toughasnails:leaf_boots":1},"minecraft:mined":{"create:zinc_ore":11,"minecraft:white_bed":2,"minecraft:crafting_table":8,"minecraft:copper_ore":41,"minecraft:cobblestone":31,"minecraft:lapis_ore":6,"minecraft:oak_planks":21,"minecraft:wall_torch":4,"minecraft:iron_ore":59,"minecraft:oak_log":43,"minecraft:coal_ore":88,"minecraft:sand":31,"minecraft:stone":379},"minecraft:custom":{"minecraft:interact_with_furnace":115,"minecraft:mob_kills":13,"minecraft:interact_with_crafting_table":31,"minecraft:damage_dealt_resisted":14,"minecraft:leave_game":3,"minecraft:time_since_death":747,"minecraft:sleep_in_bed":23,"minecraft:climb_one_cm":1102,"minecraft:time_since_rest":778,"minecraft:sprint_one_cm":230638,"minecraft:damage_taken":3058,"minecraft:walk_one_cm":283541,"minecraft:drop":21,"minecraft:damage_dealt":1517,"minecraft:swim_one_cm":9653,"minecraft:fly_one_cm":267110,"minecraft:open_chest":66,"minecraft:crouch_one_cm":4086,"minecraft:play_time":127975,"minecraft:deaths":12,"minecraft:sneak_time":1943,"minecraft:walk_under_water_one_cm":3683,"minecraft:boat_one_cm":23130,"minecraft:jump":1573,"minecraft:walk_on_water_one_cm":18021,"minecraft:total_world_time":127975,"minecraft:fall_one_cm":25388},"minecraft:dropped":{"minecraft:iron_ingot":11,"minecraft:cobblestone":130,"minecraft:oak_planks":96,"mowziesmobs:spear":1,"minecraft:iron_chestplate":2,"minecraft:wooden_axe":1,"minecraft:potion":1,"minecraft:sandstone":1,"minecraft:sand":8,"minecraft:arrow":4,"toughasnails:leaf_leggings":2,"minecraft:bone":1},"minecraft:picked_up":{"toughasnails:leaf_leggings":7,"minecraft:iron_chestplate":6,"minecraft:crafting_table":17,"minecraft:feather":6,"minecraft:water_bucket":4,"toughasnails:leaf_helmet":3,"minecraft:potion":1,"create:raw_zinc":11,"minecraft:oak_log":43,"mowziesmobs:spear":1,"minecraft:lapis_lazuli":40,"minecraft:raw_copper":147,"minecraft:bone":1,"farmersdelight:iron_knife":2,"mowziesmobs:umvuthana_mask_rage":9,"minecraft:iron_ingot":51,"toughasnails:leaf_boots":3,"minecraft:stone_pickaxe":8,"minecraft:iron_pickaxe":7,"minecraft:iron_sword":4,"minecraft:oak_planks":365,"toughasnails:leaf_chestplate":4,"minecraft:sandstone":1,"minecraft:raw_iron":58,"minecraft:stick":66,"minecraft:copper_ingot":14,"minecraft:torch":87,"minecraft:sand":20,"minecraft:white_bed":3,"minecraft:arrow":4,"minecraft:stone_axe":7,"mowziesmobs:umvuthana_mask_bliss":10,"mowziesmobs:umvuthana_mask_fear":6,"minecraft:oak_sapling":1,"minecraft:coal":241,"minecraft:cobblestone":978,"minecraft:wooden_axe":2},"minecraft:killed":{"mowziesmobs:umvuthana_follower_raptor":8,"minecraft:skeleton":1,"minecraft:zombie":1,"mowziesmobs:umvuthana_raptor":2}},"DataVersion":3465}