{"stats":{"minecraft:crafted":{"minecraft:oak_boat":1,"minecraft:oak_planks":32,"minecraft:crafting_table":2,"minecraft:stick":4,"minecraft:wooden_axe":1},"minecraft:used":{"minecraft:wooden_axe":1,"minecraft:crafting_table":2,"minecraft:oak_boat":1},"minecraft:killed_by":{"minecraft:skeleton":1,"sanitydim:sneaking_terror":1,"sanitydim:rotting_stalker":1},"minecraft:mined":{"minecraft:oak_log":8,"minecraft:crafting_table":1},"minecraft:picked_up":{"minecraft:bone":1,"minecraft:arrow":4,"minecraft:potion":1,"minecraft:oak_log":8,"minecraft:crafting_table":1},"minecraft:custom":{"minecraft:open_chest":2,"minecraft:time_since_rest":1422,"minecraft:crouch_one_cm":661,"minecraft:deaths":3,"minecraft:play_time":14936,"minecraft:sprint_one_cm":56769,"minecraft:damage_taken":1020,"minecraft:walk_one_cm":40171,"minecraft:sneak_time":292,"minecraft:walk_under_water_one_cm":2545,"minecraft:mob_kills":4,"minecraft:drop":3,"minecraft:boat_one_cm":23130,"minecraft:damage_dealt_resisted":14,"minecraft:jump":356,"minecraft:damage_dealt":317,"minecraft:time_since_death":1386,"minecraft:walk_on_water_one_cm":7254,"minecraft:total_world_time":14936,"minecraft:climb_one_cm":1032,"minecraft:swim_one_cm":7293,"minecraft:interact_with_crafting_table":2,"minecraft:fall_one_cm":7947,"minecraft:fly_one_cm":70980},"minecraft:dropped":{"minecraft:potion":1,"minecraft:arrow":4,"minecraft:bone":1},"minecraft:killed":{"minecraft:skeleton":1,"mowziesmobs:umvuthana_follower_raptor":2}},"DataVersion":3465}