{"stats":{"minecraft:used":{"mowziesmobs:umvuthana_mask_fear":2,"minecraft:oak_sign":2,"minecraft:black_carpet":3,"minecraft:chest":5,"minecraft:shield":14,"minecraft:stone":6,"minecraft:iron_sword":115,"minecraft:iron_chestplate":1,"mowziesmobs:umvuthana_mask_bliss":1,"farmersdelight:fish_stew":1,"farmersdelight:cooked_cod_slice":2,"create:depot":1,"minecraft:glass":31,"farmersdelight:tomato":5,"minecraft:item_frame":2,"farmersdelight:tomato_sauce":1,"mowziesmobs:umvuthana_mask_rage":5,"create:shaft":6,"minecraft:furnace":2,"minecraft:oak_sapling":1,"minecraft:egg":10,"minecraft:oak_planks":157,"minecraft:stone_pickaxe":833,"minecraft:jungle_fence":21,"minecraft:ender_pearl":1,"minecraft:wooden_pickaxe":14,"minecraft:sandstone":1,"minecraft:sugar_cane":4,"toughasnails:water_canteen":56,"minecraft:jungle_boat":5,"minecraft:sand":19,"minecraft:bread":14,"minecraft:andesite":25,"minecraft:oak_boat":1,"minecraft:air":1,"minecraft:oak_trapdoor":1,"toughasnails:leaf_helmet":3,"minecraft:acacia_log":4,"minecraft:flint_and_steel":4,"minecraft:stone_shovel":176,"minecraft:dried_kelp":1,"toughasnails:leaf_boots":4,"minecraft:oak_door":3,"minecraft:torch":54,"minecraft:brewing_stand":2,"minecraft:dirt":135,"minecraft:anvil":1,"toughasnails:empty_canteen":8,"minecraft:wooden_axe":47,"create:wrench":4,"farmersdelight:canvas_rug":7,"minecraft:beef":1,"farmersdelight:cooked_mutton_chops":2,"minecraft:cooked_beef":1,"minecraft:cobbled_deepslate":4,"create:belt_connector":2,"farmersdelight:fried_egg":5,"minecraft:wheat_seeds":10,"farmersdelight:iron_knife":6,"minecraft:water_bucket":133,"toughasnails:leaf_leggings":6,"farmersdelight:skillet":1,"minecraft:glass_bottle":26,"minecraft:andesite_slab":10,"create:encased_fan":10,"minecraft:crafting_table":16,"minecraft:white_bed":4,"minecraft:cod":1,"create:mechanical_press":3,"minecraft:chicken":1,"minecraft:iron_pickaxe":250,"create:water_wheel":12,"toughasnails:leaf_chestplate":1,"minecraft:stone_axe":202,"minecraft:fishing_rod":68,"farmersdelight:cooked_bacon":1,"minecraft:cobblestone":371,"minecraft:potion":26,"mowziesmobs:umvuthana_mask_fury":1,"farmersdelight:egg_sandwich":16,"minecraft:porkchop":2,"minecraft:cooked_porkchop":2,"minecraft:bucket":134,"minecraft:stripped_oak_log":1,"create:hand_crank":3},"minecraft:crafted":{"minecraft:oak_planks":180,"minecraft:oak_sign":3,"minecraft:stone":38,"toughasnails:leaf_leggings":6,"minecraft:glass":65,"create:mechanical_press":1,"farmersdelight:tomato_sauce":1,"minecraft:chest":5,"create:cogwheel":1,"minecraft:item_frame":1,"toughasnails:leaf_boots":4,"minecraft:crafting_table":3,"farmersdelight:iron_knife":1,"minecraft:jungle_boat":1,"minecraft:wooden_pickaxe":1,"farmersdelight:egg_sandwich":30,"create:zinc_nugget":27,"minecraft:clock":1,"minecraft:copper_ingot":99,"create:encased_fan":1,"minecraft:iron_chestplate":4,"minecraft:paper":9,"create:water_wheel":2,"minecraft:shield":1,"create:super_glue":1,"minecraft:stick":72,"minecraft:iron_ingot":75,"minecraft:iron_pickaxe":2,"minecraft:iron_block":4,"sereneseasons:calendar":1,"minecraft:gold_ingot":13,"create:propeller":1,"toughasnails:empty_canteen":1,"minecraft:oak_door":3,"minecraft:stone_shovel":2,"minecraft:fishing_rod":2,"create:wrench":1,"minecraft:iron_nugget":9,"minecraft:furnace":2,"minecraft:stone_pickaxe":6,"minecraft:jungle_fence":21,"create:belt_connector":3,"minecraft:wheat":126,"minecraft:sugar":1,"create:andesite_alloy":9,"minecraft:dried_kelp":19,"minecraft:iron_sword":1,"create:goggles":2,"minecraft:bucket":1,"minecraft:stone_axe":3,"minecraft:bread":44,"minecraft:air":0,"minecraft:jungle_planks":32,"minecraft:oak_boat":1,"minecraft:andesite_slab":6,"minecraft:wooden_axe":1,"minecraft:black_carpet":3,"minecraft:anvil":1,"create:shaft":8,"minecraft:acacia_planks":32,"minecraft:torch":48,"create:zinc_ingot":14},"minecraft:killed_by":{"minecraft:creeper":1,"mowziesmobs:umvuthana_follower_raptor":2,"sanitydim:rotting_stalker":2,"man:managgresive":3,"sanitydim:sneaking_terror":1,"minecraft:enderman":3,"minecraft:skeleton":1},"minecraft:broken":{"mowziesmobs:umvuthana_mask_fear":1,"toughasnails:leaf_boots":4,"minecraft:stone_pickaxe":6,"minecraft:stone_axe":1,"minecraft:stone_shovel":1,"toughasnails:leaf_leggings":5,"toughasnails:water_canteen":7,"minecraft:iron_pickaxe":1},"minecraft:mined":{"minecraft:white_bed":5,"create:andesite_casing":5,"farmersdelight:canvas_rug":1,"minecraft:brewing_stand":2,"minecraft:granite":1,"minecraft:acacia_log":7,"minecraft:grass_block":165,"create:belt":1,"minecraft:iron_ore":87,"minecraft:cobbled_deepslate":4,"minecraft:fire":2,"minecraft:black_carpet":1,"create:mechanical_press":2,"minecraft:deepslate_redstone_ore":4,"minecraft:kelp_plant":7,"minecraft:torch":4,"minecraft:melon":1,"minecraft:glass":14,"minecraft:cobblestone":59,"minecraft:sugar_cane":15,"minecraft:oak_planks":142,"minecraft:wall_torch":4,"minecraft:wheat":10,"minecraft:grass":3,"minecraft:oak_log":45,"create:hand_crank":3,"minecraft:sand":60,"minecraft:dirt":23,"minecraft:deepslate":79,"create:zinc_ore":11,"minecraft:deepslate_diamond_ore":2,"create:depot":1,"create:encased_fan":10,"minecraft:sandstone":2,"minecraft:large_fern":1,"minecraft:hay_block":14,"minecraft:redstone_ore":6,"create:shaft":5,"minecraft:oak_trapdoor":1,"minecraft:andesite":87,"minecraft:deepslate_iron_ore":3,"minecraft:bamboo":1,"minecraft:stone":544,"minecraft:acacia_leaves":1,"minecraft:crafting_table":14,"minecraft:emerald_ore":2,"minecraft:andesite_slab":10,"create:water_wheel":10,"minecraft:tall_grass":2,"minecraft:copper_ore":49,"minecraft:lapis_ore":6,"minecraft:deepslate_gold_ore":7,"minecraft:lily_pad":4,"farmersdelight:skillet":1,"minecraft:jungle_fence":3,"minecraft:coal_ore":88,"minecraft:acacia_planks":12,"minecraft:fern":2},"minecraft:custom":{"minecraft:animals_bred":2,"minecraft:interact_with_crafting_table":141,"minecraft:open_barrel":1,"minecraft:leave_game":11,"minecraft:time_since_death":12029,"minecraft:sprint_one_cm":1154910,"minecraft:damage_blocked_by_shield":960,"minecraft:drop":184,"minecraft:talked_to_villager":1,"minecraft:play_time":528474,"minecraft:deaths":23,"minecraft:jump":5695,"minecraft:walk_on_water_one_cm":74532,"minecraft:interact_with_furnace":247,"minecraft:sleep_in_bed":46,"minecraft:damage_dealt":6481,"minecraft:player_kills":1,"minecraft:crouch_one_cm":34765,"minecraft:mob_kills":97,"minecraft:interact_with_anvil":8,"minecraft:damage_dealt_resisted":26,"minecraft:climb_one_cm":24224,"minecraft:walk_one_cm":1177189,"minecraft:sneak_time":11365,"minecraft:walk_under_water_one_cm":24165,"minecraft:boat_one_cm":265575,"minecraft:total_world_time":528474,"minecraft:time_since_rest":3553,"minecraft:damage_taken":7175,"minecraft:swim_one_cm":37996,"minecraft:fly_one_cm":1276775,"minecraft:open_chest":405,"minecraft:fish_caught":31,"minecraft:fall_one_cm":119691},"minecraft:dropped":{"farmersdelight:iron_knife":1,"minecraft:leather":2,"minecraft:cod":15,"minecraft:dirt":79,"mowziesmobs:umvuthana_mask_bliss":2,"minecraft:cornflower":1,"minecraft:sand":27,"create:goggles":1,"minecraft:sugar":2,"minecraft:fishing_rod":1,"minecraft:gold_ingot":12,"minecraft:bone":3,"minecraft:white_tulip":1,"minecraft:cobbled_deepslate":3,"minecraft:wheat":102,"minecraft:rotten_flesh":3,"minecraft:oak_planks":96,"minecraft:salmon":6,"minecraft:gunpowder":17,"create:wheat_flour":46,"minecraft:arrow":8,"minecraft:iron_ingot":25,"minecraft:wheat_seeds":38,"minecraft:feather":4,"minecraft:cobblestone":188,"mowziesmobs:umvuthana_mask_fear":1,"minecraft:acacia_log":3,"minecraft:coal":6,"minecraft:pufferfish":5,"minecraft:wooden_axe":1,"minecraft:potion":1,"toughasnails:leaf_leggings":3,"minecraft:paper":1,"minecraft:acacia_planks":10,"toughasnails:leaf_chestplate":1,"minecraft:bowl":2,"mowziesmobs:spear":1,"farmersdelight:straw":7,"farmersdelight:fried_egg":3,"mowziesmobs:umvuthana_mask_misery":3,"minecraft:iron_chestplate":4,"minecraft:andesite":2,"minecraft:oak_boat":1,"minecraft:bamboo":9,"minecraft:sandstone":1,"minecraft:stone_pickaxe":1},"minecraft:picked_up":{"minecraft:wooden_axe":2,"toughasnails:leaf_leggings":13,"sereneseasons:calendar":6,"minecraft:wheat":9,"minecraft:iron_chestplate":18,"minecraft:black_carpet":1,"create:wrench":3,"minecraft:potion":6,"minecraft:brewing_stand":8,"mowziesmobs:spear":1,"minecraft:string":6,"minecraft:raw_copper":199,"minecraft:pufferfish":5,"create:water_wheel":10,"create:mechanical_press":6,"minecraft:cobbled_deepslate":134,"minecraft:bucket":3,"toughasnails:leaf_boots":9,"minecraft:white_tulip":2,"minecraft:iron_pickaxe":20,"minecraft:melon_slice":7,"minecraft:stick":96,"minecraft:torch":214,"minecraft:acacia_log":31,"create:andesite_casing":20,"minecraft:porkchop":2,"farmersdelight:fried_egg":69,"minecraft:rotten_flesh":8,"minecraft:cod":19,"minecraft:cobblestone":1813,"minecraft:feather":16,"minecraft:cooked_beef":1,"minecraft:water_bucket":13,"minecraft:andesite":779,"toughasnails:leaf_helmet":3,"create:belt_connector":9,"create:raw_zinc":27,"farmersdelight:cooked_bacon":2,"minecraft:lapis_lazuli":40,"farmersdelight:tomato":26,"minecraft:dirt":225,"minecraft:name_tag":1,"farmersdelight:mutton_chops":2,"minecraft:bone":28,"farmersdelight:iron_knife":5,"minecraft:acacia_planks":28,"minecraft:wheat_seeds":61,"minecraft:raw_gold":7,"create:goggles":3,"create:shaft":30,"farmersdelight:egg_sandwich":74,"minecraft:bamboo":18,"create:super_glue":1,"minecraft:oak_planks":536,"minecraft:cooked_porkchop":3,"create:cogwheel":1,"minecraft:jungle_planks":20,"minecraft:sand":48,"farmersdelight:cooked_mutton_chops":2,"toughasnails:water_canteen":8,"minecraft:sugar":1,"minecraft:diamond":2,"minecraft:granite":1,"minecraft:emerald":26,"minecraft:bread":132,"minecraft:oak_sapling":1,"minecraft:andesite_slab":35,"minecraft:fishing_rod":13,"minecraft:crafting_table":34,"minecraft:chicken":1,"minecraft:shield":9,"minecraft:cornflower":1,"minecraft:flint_and_steel":4,"minecraft:item_frame":1,"minecraft:beef":7,"farmersdelight:straw":7,"minecraft:oak_boat":1,"minecraft:iron_nugget":8,"farmersdelight:canvas_rug":7,"minecraft:sugar_cane":17,"minecraft:egg":5,"minecraft:raw_iron":122,"minecraft:sandstone":12,"create:golden_sheet":4,"minecraft:copper_ingot":219,"minecraft:bowl":5,"create:hand_crank":3,"farmersdelight:fish_stew":1,"minecraft:redstone":89,"create:zinc_ingot":75,"farmersdelight:cooked_cod_slice":2,"toughasnails:empty_canteen":1,"minecraft:arrow":22,"minecraft:stone_shovel":8,"minecraft:hay_block":14,"create:depot":1,"mowziesmobs:umvuthana_mask_bliss":19,"minecraft:saddle":12,"minecraft:gold_ingot":23,"minecraft:stripped_oak_log":1,"mowziesmobs:umvuthana_mask_fury":3,"create:iron_sheet":4,"minecraft:jungle_boat":13,"minecraft:salmon":7,"minecraft:leather":15,"minecraft:jungle_fence":3,"minecraft:lily_pad":17,"minecraft:oak_log":45,"create:andesite_alloy":30,"minecraft:gunpowder":17,"farmersdelight:skillet":1,"mowziesmobs:umvuthana_mask_rage":18,"minecraft:kelp":33,"minecraft:iron_ingot":63,"minecraft:stone_pickaxe":12,"minecraft:glass_bottle":5,"mowziesmobs:umvuthana_mask_misery":3,"minecraft:iron_sword":16,"toughasnails:leaf_chestplate":7,"minecraft:white_bed":4,"create:wheat_flour":11,"minecraft:slime_ball":13,"minecraft:stone_axe":17,"create:encased_fan":12,"mowziesmobs:umvuthana_mask_fear":19,"minecraft:coal":405,"minecraft:ender_pearl":1},"minecraft:killed":{"minecraft:spider":4,"minecraft:skeleton":9,"minecraft:chicken":56,"minecraft:pig":1,"minecraft:zombie":6,"mowziesmobs:umvuthana_raptor":4,"minecraft:cow":2,"mowziesmobs:umvuthana_follower_raptor":13,"minecraft:enderman":1}},"DataVersion":3465}