{"stats":{"minecraft:killed_by":{"mowziesmobs:umvuthana_follower_raptor":1,"sanitydim:rotting_stalker":1,"man:managgresive":2,"sanitydim:sneaking_terror":1,"minecraft:enderman":2,"minecraft:skeleton":1},"minecraft:mined":{"minecraft:white_bed":5,"create:andesite_casing":5,"farmersdelight:canvas_rug":1,"minecraft:brewing_stand":2,"minecraft:granite":1,"minecraft:grass_block":88,"minecraft:iron_ore":87,"minecraft:cobbled_deepslate":4,"minecraft:black_carpet":1,"create:mechanical_press":2,"minecraft:deepslate_redstone_ore":4,"minecraft:kelp_plant":7,"minecraft:torch":4,"minecraft:melon":1,"minecraft:cobblestone":51,"minecraft:sugar_cane":15,"minecraft:oak_planks":110,"minecraft:wall_torch":4,"minecraft:wheat":10,"minecraft:grass":3,"minecraft:oak_log":43,"create:hand_crank":3,"minecraft:sand":53,"minecraft:dirt":3,"minecraft:deepslate":79,"create:zinc_ore":11,"minecraft:deepslate_diamond_ore":2,"create:encased_fan":7,"minecraft:large_fern":1,"minecraft:hay_block":14,"minecraft:redstone_ore":6,"create:shaft":4,"minecraft:oak_trapdoor":1,"minecraft:andesite":68,"minecraft:deepslate_iron_ore":3,"minecraft:bamboo":1,"minecraft:stone":540,"minecraft:crafting_table":14,"minecraft:emerald_ore":2,"create:water_wheel":5,"minecraft:tall_grass":2,"minecraft:copper_ore":49,"minecraft:lapis_ore":6,"minecraft:deepslate_gold_ore":7,"minecraft:lily_pad":4,"farmersdelight:skillet":1,"minecraft:jungle_fence":3,"minecraft:coal_ore":88,"minecraft:acacia_planks":12,"minecraft:fern":2},"minecraft:crafted":{"minecraft:oak_planks":172,"minecraft:oak_sign":3,"minecraft:stone":38,"toughasnails:leaf_leggings":3,"minecraft:glass":61,"create:mechanical_press":1,"farmersdelight:tomato_sauce":1,"minecraft:chest":4,"minecraft:item_frame":1,"toughasnails:leaf_boots":2,"minecraft:crafting_table":3,"farmersdelight:iron_knife":1,"minecraft:jungle_boat":1,"minecraft:wooden_pickaxe":1,"farmersdelight:egg_sandwich":14,"create:zinc_nugget":27,"minecraft:clock":1,"minecraft:copper_ingot":99,"create:encased_fan":1,"minecraft:iron_chestplate":4,"minecraft:paper":9,"create:water_wheel":1,"minecraft:shield":1,"minecraft:stick":64,"minecraft:iron_ingot":70,"minecraft:iron_pickaxe":1,"minecraft:iron_block":4,"sereneseasons:calendar":1,"minecraft:gold_ingot":4,"create:propeller":1,"toughasnails:empty_canteen":1,"minecraft:oak_door":3,"minecraft:stone_shovel":1,"minecraft:fishing_rod":2,"minecraft:furnace":2,"minecraft:stone_pickaxe":6,"minecraft:jungle_fence":21,"create:belt_connector":3,"minecraft:wheat":126,"minecraft:sugar":1,"create:andesite_alloy":9,"minecraft:dried_kelp":19,"minecraft:iron_sword":1,"minecraft:bucket":1,"minecraft:stone_axe":2,"minecraft:bread":44,"minecraft:air":0,"minecraft:jungle_planks":32,"minecraft:oak_boat":1,"minecraft:wooden_axe":1,"minecraft:black_carpet":3,"minecraft:anvil":1,"create:shaft":8,"minecraft:acacia_planks":4,"minecraft:torch":48,"create:zinc_ingot":14},"minecraft:dropped":{"farmersdelight:iron_knife":1,"minecraft:leather":2,"minecraft:cod":15,"minecraft:dirt":79,"mowziesmobs:umvuthana_mask_bliss":1,"minecraft:cornflower":1,"minecraft:sand":27,"minecraft:sugar":2,"minecraft:fishing_rod":1,"minecraft:bone":3,"minecraft:white_tulip":1,"minecraft:cobbled_deepslate":3,"minecraft:wheat":102,"minecraft:rotten_flesh":1,"minecraft:oak_planks":96,"minecraft:salmon":6,"minecraft:gunpowder":17,"create:wheat_flour":46,"minecraft:arrow":4,"minecraft:iron_ingot":24,"minecraft:wheat_seeds":38,"minecraft:feather":4,"minecraft:cobblestone":172,"mowziesmobs:umvuthana_mask_fear":1,"minecraft:coal":6,"minecraft:pufferfish":5,"minecraft:wooden_axe":1,"minecraft:potion":1,"toughasnails:leaf_leggings":3,"minecraft:paper":1,"minecraft:acacia_planks":10,"toughasnails:leaf_chestplate":1,"minecraft:bowl":2,"mowziesmobs:spear":1,"farmersdelight:straw":7,"farmersdelight:fried_egg":3,"mowziesmobs:umvuthana_mask_misery":3,"minecraft:iron_chestplate":4,"minecraft:oak_boat":1,"minecraft:bamboo":9,"minecraft:sandstone":1,"minecraft:stone_pickaxe":1},"minecraft:killed":{"minecraft:spider":4,"minecraft:skeleton":7,"minecraft:chicken":1,"minecraft:pig":1,"minecraft:zombie":5,"mowziesmobs:umvuthana_raptor":3,"minecraft:cow":2,"mowziesmobs:umvuthana_follower_raptor":8},"minecraft:broken":{"toughasnails:leaf_boots":2,"minecraft:stone_pickaxe":6,"toughasnails:leaf_leggings":3,"toughasnails:water_canteen":6},"minecraft:used":{"mowziesmobs:umvuthana_mask_fear":2,"minecraft:oak_sign":2,"minecraft:black_carpet":3,"minecraft:chest":4,"minecraft:shield":9,"minecraft:stone":3,"minecraft:iron_sword":80,"minecraft:iron_chestplate":1,"mowziesmobs:umvuthana_mask_bliss":1,"farmersdelight:fish_stew":1,"farmersdelight:cooked_cod_slice":2,"minecraft:glass":17,"farmersdelight:tomato":5,"minecraft:item_frame":2,"farmersdelight:tomato_sauce":1,"mowziesmobs:umvuthana_mask_rage":5,"create:shaft":4,"minecraft:furnace":2,"minecraft:oak_sapling":1,"minecraft:egg":10,"minecraft:stone_pickaxe":833,"minecraft:jungle_fence":21,"minecraft:oak_planks":116,"minecraft:wooden_pickaxe":14,"minecraft:sugar_cane":4,"minecraft:jungle_boat":5,"toughasnails:water_canteen":45,"minecraft:sand":17,"minecraft:bread":14,"minecraft:oak_boat":1,"minecraft:air":1,"minecraft:oak_trapdoor":1,"minecraft:acacia_log":3,"toughasnails:leaf_helmet":3,"minecraft:stone_shovel":86,"minecraft:dried_kelp":1,"toughasnails:leaf_boots":3,"minecraft:oak_door":3,"minecraft:torch":50,"minecraft:brewing_stand":1,"minecraft:dirt":9,"minecraft:anvil":1,"toughasnails:empty_canteen":7,"minecraft:wooden_axe":47,"farmersdelight:canvas_rug":7,"minecraft:beef":1,"farmersdelight:cooked_mutton_chops":2,"minecraft:cooked_beef":1,"minecraft:cobbled_deepslate":4,"farmersdelight:fried_egg":5,"minecraft:wheat_seeds":10,"farmersdelight:iron_knife":6,"minecraft:water_bucket":106,"toughasnails:leaf_leggings":4,"farmersdelight:skillet":1,"minecraft:glass_bottle":26,"create:encased_fan":7,"minecraft:crafting_table":15,"minecraft:white_bed":4,"minecraft:cod":1,"create:mechanical_press":2,"minecraft:chicken":1,"minecraft:iron_pickaxe":196,"create:water_wheel":5,"toughasnails:leaf_chestplate":1,"minecraft:stone_axe":163,"minecraft:fishing_rod":68,"farmersdelight:cooked_bacon":1,"minecraft:cobblestone":362,"minecraft:potion":26,"minecraft:cooked_porkchop":2,"minecraft:porkchop":2,"farmersdelight:egg_sandwich":8,"mowziesmobs:umvuthana_mask_fury":1,"minecraft:bucket":106,"create:hand_crank":3,"minecraft:stripped_oak_log":1},"minecraft:custom":{"minecraft:animals_bred":2,"minecraft:interact_with_crafting_table":99,"minecraft:open_barrel":1,"minecraft:leave_game":10,"minecraft:time_since_death":39729,"minecraft:sprint_one_cm":897776,"minecraft:damage_blocked_by_shield":675,"minecraft:drop":146,"minecraft:talked_to_villager":1,"minecraft:play_time":436122,"minecraft:deaths":17,"minecraft:jump":4608,"minecraft:walk_on_water_one_cm":50732,"minecraft:interact_with_furnace":218,"minecraft:sleep_in_bed":41,"minecraft:damage_dealt":4851,"minecraft:player_kills":1,"minecraft:crouch_one_cm":28457,"minecraft:mob_kills":32,"minecraft:interact_with_anvil":7,"minecraft:damage_dealt_resisted":26,"minecraft:climb_one_cm":18728,"minecraft:walk_one_cm":951007,"minecraft:sneak_time":8919,"minecraft:walk_under_water_one_cm":13665,"minecraft:boat_one_cm":265575,"minecraft:total_world_time":436122,"minecraft:time_since_rest":1462,"minecraft:damage_taken":5441,"minecraft:swim_one_cm":32666,"minecraft:fly_one_cm":974414,"minecraft:open_chest":296,"minecraft:fish_caught":31,"minecraft:fall_one_cm":90945},"minecraft:picked_up":{"minecraft:wooden_axe":2,"toughasnails:leaf_leggings":9,"sereneseasons:calendar":3,"minecraft:wheat":9,"minecraft:iron_chestplate":12,"minecraft:black_carpet":1,"minecraft:potion":6,"minecraft:brewing_stand":5,"mowziesmobs:spear":1,"minecraft:string":6,"minecraft:raw_copper":199,"minecraft:pufferfish":5,"create:water_wheel":5,"create:mechanical_press":4,"minecraft:cobbled_deepslate":134,"minecraft:bucket":1,"toughasnails:leaf_boots":5,"minecraft:white_tulip":2,"minecraft:iron_pickaxe":13,"minecraft:melon_slice":7,"minecraft:stick":89,"minecraft:torch":149,"minecraft:acacia_log":21,"create:andesite_casing":11,"minecraft:porkchop":2,"farmersdelight:fried_egg":37,"minecraft:rotten_flesh":6,"minecraft:cod":19,"minecraft:cobblestone":1622,"minecraft:feather":12,"minecraft:cooked_beef":1,"minecraft:water_bucket":9,"minecraft:andesite":615,"toughasnails:leaf_helmet":3,"create:raw_zinc":27,"farmersdelight:cooked_bacon":2,"farmersdelight:tomato":26,"minecraft:lapis_lazuli":40,"minecraft:dirt":88,"minecraft:name_tag":1,"farmersdelight:mutton_chops":2,"minecraft:bone":10,"farmersdelight:iron_knife":5,"minecraft:acacia_planks":10,"minecraft:wheat_seeds":61,"minecraft:raw_gold":7,"create:shaft":16,"farmersdelight:egg_sandwich":10,"minecraft:bamboo":18,"minecraft:oak_planks":500,"minecraft:cooked_porkchop":3,"minecraft:jungle_planks":20,"minecraft:sand":44,"farmersdelight:cooked_mutton_chops":2,"toughasnails:water_canteen":2,"minecraft:sugar":1,"minecraft:diamond":2,"minecraft:granite":1,"minecraft:bread":84,"minecraft:emerald":2,"minecraft:oak_sapling":1,"minecraft:fishing_rod":7,"minecraft:crafting_table":31,"minecraft:chicken":1,"minecraft:shield":3,"minecraft:cornflower":1,"minecraft:item_frame":1,"minecraft:beef":7,"farmersdelight:straw":7,"minecraft:oak_boat":1,"farmersdelight:canvas_rug":7,"minecraft:sugar_cane":17,"minecraft:egg":5,"minecraft:raw_iron":118,"minecraft:sandstone":11,"minecraft:copper_ingot":96,"minecraft:bowl":5,"create:hand_crank":3,"farmersdelight:fish_stew":1,"minecraft:redstone":89,"create:zinc_ingot":30,"farmersdelight:cooked_cod_slice":2,"toughasnails:empty_canteen":1,"minecraft:arrow":14,"minecraft:stone_shovel":2,"minecraft:hay_block":14,"mowziesmobs:umvuthana_mask_bliss":17,"minecraft:saddle":6,"minecraft:stripped_oak_log":1,"mowziesmobs:umvuthana_mask_fury":3,"create:iron_sheet":4,"minecraft:jungle_boat":11,"minecraft:salmon":7,"minecraft:leather":15,"minecraft:jungle_fence":3,"minecraft:lily_pad":17,"minecraft:oak_log":43,"create:andesite_alloy":12,"minecraft:gunpowder":17,"farmersdelight:skillet":1,"mowziesmobs:umvuthana_mask_rage":15,"minecraft:kelp":33,"minecraft:iron_ingot":63,"minecraft:stone_pickaxe":12,"minecraft:glass_bottle":5,"mowziesmobs:umvuthana_mask_misery":3,"minecraft:iron_sword":10,"toughasnails:leaf_chestplate":7,"minecraft:white_bed":4,"create:wheat_flour":11,"minecraft:stone_axe":12,"create:encased_fan":9,"mowziesmobs:umvuthana_mask_fear":13,"minecraft:coal":333}},"DataVersion":3465}