{"stats":{"minecraft:crafted":{"minecraft:oak_door":3,"minecraft:oak_planks":172,"minecraft:oak_sign":3,"minecraft:fishing_rod":1,"minecraft:crafting_table":3,"farmersdelight:iron_knife":1,"minecraft:jungle_boat":1,"minecraft:wooden_pickaxe":1,"minecraft:iron_sword":1,"minecraft:furnace":2,"minecraft:copper_ingot":99,"minecraft:bucket":1,"minecraft:stone_axe":1,"minecraft:air":0,"minecraft:glass":55,"minecraft:oak_boat":1,"minecraft:iron_chestplate":4,"minecraft:stick":36,"minecraft:iron_ingot":45,"minecraft:iron_pickaxe":1,"minecraft:stone_pickaxe":5,"minecraft:wooden_axe":1,"minecraft:chest":2,"minecraft:torch":28,"create:zinc_ingot":13},"minecraft:used":{"minecraft:water_bucket":4,"toughasnails:leaf_leggings":3,"toughasnails:leaf_helmet":3,"mowziesmobs:umvuthana_mask_fear":2,"minecraft:stone_pickaxe":600,"minecraft:oak_planks":36,"minecraft:oak_sign":1,"minecraft:chest":2,"minecraft:wooden_pickaxe":14,"minecraft:iron_sword":14,"toughasnails:leaf_boots":2,"minecraft:iron_chestplate":1,"minecraft:oak_door":3,"minecraft:torch":26,"mowziesmobs:umvuthana_mask_bliss":1,"minecraft:sand":15,"minecraft:crafting_table":12,"farmersdelight:fish_stew":1,"minecraft:white_bed":3,"minecraft:cod":1,"minecraft:glass":11,"minecraft:wooden_axe":47,"minecraft:iron_pickaxe":23,"minecraft:stone_axe":43,"mowziesmobs:umvuthana_mask_rage":5,"minecraft:fishing_rod":42,"minecraft:cobblestone":182,"minecraft:oak_sapling":1,"minecraft:furnace":2,"minecraft:bucket":5,"minecraft:oak_boat":1},"minecraft:killed_by":{"man:managgresive":1,"sanitydim:sneaking_terror":1,"minecraft:skeleton":1,"mowziesmobs:umvuthana_follower_raptor":1,"sanitydim:rotting_stalker":1},"minecraft:broken":{"minecraft:stone_pickaxe":4,"toughasnails:leaf_leggings":1,"toughasnails:leaf_boots":1},"minecraft:mined":{"create:zinc_ore":11,"minecraft:white_bed":2,"minecraft:crafting_table":10,"minecraft:torch":1,"minecraft:copper_ore":41,"minecraft:cobblestone":41,"minecraft:lapis_ore":6,"minecraft:oak_planks":21,"minecraft:wall_torch":4,"minecraft:iron_ore":65,"minecraft:coal_ore":88,"minecraft:oak_log":43,"minecraft:sand":34,"minecraft:stone":379},"minecraft:custom":{"minecraft:interact_with_furnace":116,"minecraft:mob_kills":15,"minecraft:interact_with_crafting_table":36,"minecraft:damage_dealt_resisted":14,"minecraft:leave_game":6,"minecraft:time_since_death":40576,"minecraft:sleep_in_bed":24,"minecraft:climb_one_cm":1102,"minecraft:time_since_rest":38986,"minecraft:sprint_one_cm":291095,"minecraft:damage_taken":3265,"minecraft:walk_one_cm":328391,"minecraft:drop":35,"minecraft:damage_dealt":1902,"minecraft:player_kills":1,"minecraft:swim_one_cm":9653,"minecraft:fly_one_cm":332393,"minecraft:open_chest":72,"minecraft:crouch_one_cm":4228,"minecraft:play_time":167804,"minecraft:deaths":12,"minecraft:sneak_time":2037,"minecraft:walk_under_water_one_cm":3683,"minecraft:boat_one_cm":23130,"minecraft:jump":1799,"minecraft:walk_on_water_one_cm":18921,"minecraft:total_world_time":167804,"minecraft:fish_caught":18,"minecraft:fall_one_cm":32606},"minecraft:dropped":{"minecraft:iron_ingot":19,"minecraft:cobblestone":130,"minecraft:oak_planks":96,"mowziesmobs:spear":1,"minecraft:salmon":4,"minecraft:cod":9,"minecraft:pufferfish":3,"minecraft:iron_chestplate":3,"minecraft:wooden_axe":1,"minecraft:potion":1,"minecraft:sandstone":1,"minecraft:sand":8,"minecraft:arrow":4,"toughasnails:leaf_leggings":2,"minecraft:bone":1},"minecraft:picked_up":{"minecraft:wooden_axe":2,"minecraft:fishing_rod":3,"minecraft:jungle_boat":1,"minecraft:iron_chestplate":7,"minecraft:crafting_table":20,"minecraft:feather":6,"minecraft:water_bucket":5,"minecraft:salmon":5,"minecraft:leather":4,"toughasnails:leaf_helmet":3,"minecraft:potion":1,"farmersdelight:cooked_bacon":1,"create:raw_zinc":11,"minecraft:oak_log":43,"minecraft:lily_pad":2,"mowziesmobs:spear":1,"minecraft:lapis_lazuli":40,"minecraft:string":2,"minecraft:raw_copper":147,"minecraft:pufferfish":2,"minecraft:bone":1,"farmersdelight:iron_knife":3,"mowziesmobs:umvuthana_mask_rage":10,"toughasnails:leaf_boots":3,"minecraft:iron_ingot":54,"minecraft:stone_pickaxe":9,"minecraft:iron_pickaxe":8,"minecraft:iron_sword":5,"minecraft:oak_planks":365,"toughasnails:leaf_chestplate":4,"minecraft:raw_iron":93,"minecraft:stick":73,"minecraft:sandstone":1,"minecraft:copper_ingot":14,"minecraft:torch":96,"minecraft:bowl":2,"minecraft:sand":25,"farmersdelight:fish_stew":1,"minecraft:white_bed":3,"minecraft:arrow":5,"minecraft:rotten_flesh":2,"minecraft:stone_axe":8,"mowziesmobs:umvuthana_mask_bliss":12,"minecraft:saddle":1,"mowziesmobs:umvuthana_mask_fear":7,"minecraft:oak_sapling":1,"minecraft:cod":11,"minecraft:coal":288,"minecraft:cobblestone":1096,"toughasnails:leaf_leggings":7},"minecraft:killed":{"minecraft:spider":1,"mowziesmobs:umvuthana_follower_raptor":8,"minecraft:skeleton":2,"minecraft:zombie":1,"mowziesmobs:umvuthana_raptor":2}},"DataVersion":3465}