{"stats":{"minecraft:used":{"minecraft:azalea":1,"minecraft:acacia_boat":2,"toughasnails:leaf_leggings":2,"toughasnails:leaf_helmet":2,"minecraft:glass_bottle":12,"minecraft:stone_pickaxe":46,"minecraft:wooden_pickaxe":28,"toughasnails:leaf_boots":2,"toughasnails:water_canteen":5,"minecraft:torch":2,"minecraft:glow_berries":2,"minecraft:sand":14,"toughasnails:empty_canteen":1,"toughasnails:leaf_chestplate":1,"minecraft:stone_axe":1,"minecraft:cobblestone":14,"minecraft:potion":10,"toughasnails:purified_water_canteen":5,"minecraft:cooked_beef":4},"minecraft:crafted":{"minecraft:cooked_beef":6,"minecraft:oak_planks":8,"minecraft:wooden_pickaxe":1,"minecraft:stick":8,"minecraft:stone_pickaxe":1,"minecraft:acacia_planks":4},"minecraft:broken":{"toughasnails:purified_water_canteen":1},"minecraft:killed_by":{"minecraft:player":1,"minecraft:skeleton":1},"minecraft:mined":{"minecraft:jungle_leaves":1,"minecraft:cave_vines_plant":1,"minecraft:grass_block":1,"minecraft:tall_grass":1,"minecraft:cobblestone":7,"minecraft:white_terracotta":1,"minecraft:iron_ore":17,"minecraft:oak_log":2,"minecraft:coal_ore":13,"minecraft:sand":14,"minecraft:stone":23},"minecraft:dropped":{"minecraft:glow_berries":1,"minecraft:clay_ball":4,"minecraft:oxeye_daisy":1,"toughasnails:purified_water_canteen":1,"minecraft:lily_pad":1},"minecraft:custom":{"minecraft:interact_with_furnace":14,"minecraft:mob_kills":3,"minecraft:interact_with_crafting_table":12,"minecraft:damage_dealt_resisted":6,"minecraft:leave_game":2,"minecraft:time_since_death":125,"minecraft:sleep_in_bed":3,"minecraft:climb_one_cm":3285,"minecraft:time_since_rest":157,"minecraft:sprint_one_cm":121624,"minecraft:damage_taken":1049,"minecraft:walk_one_cm":134532,"minecraft:drop":5,"minecraft:damage_dealt":328,"minecraft:swim_one_cm":62030,"minecraft:fly_one_cm":100392,"minecraft:open_chest":21,"minecraft:crouch_one_cm":1273,"minecraft:play_time":57332,"minecraft:deaths":3,"minecraft:sneak_time":797,"minecraft:walk_under_water_one_cm":6188,"minecraft:boat_one_cm":282426,"minecraft:jump":861,"minecraft:walk_on_water_one_cm":18194,"minecraft:total_world_time":57332,"minecraft:fall_one_cm":18533},"minecraft:picked_up":{"toughasnails:leaf_leggings":3,"minecraft:feather":8,"minecraft:cooked_beef":2,"minecraft:clay_ball":4,"minecraft:wooden_pickaxe":1,"toughasnails:leaf_helmet":2,"minecraft:oak_log":2,"minecraft:lily_pad":1,"minecraft:gunpowder":2,"minecraft:acacia_boat":2,"minecraft:lapis_lazuli":14,"minecraft:raw_copper":23,"minecraft:iron_axe":1,"minecraft:bone":5,"minecraft:bow":1,"minecraft:raw_gold":3,"minecraft:stone_pickaxe":2,"toughasnails:leaf_boots":3,"minecraft:iron_ingot":16,"create:white_seat":1,"minecraft:azalea":1,"minecraft:iron_pickaxe":1,"minecraft:oak_planks":3,"minecraft:furnace":2,"minecraft:egg":5,"toughasnails:leaf_chestplate":4,"minecraft:stick":7,"minecraft:raw_iron":16,"toughasnails:purified_water_canteen":1,"minecraft:big_dripleaf":4,"minecraft:torch":2,"minecraft:acacia_log":1,"minecraft:sand":14,"create:zinc_ingot":7,"toughasnails:empty_canteen":2,"minecraft:arrow":2,"toughasnails:water_canteen":1,"minecraft:stone_axe":1,"create:zinc_nugget":18,"minecraft:shears":1,"mowziesmobs:umvuthana_mask_bliss":1,"minecraft:white_terracotta":1,"minecraft:glow_berries":2,"minecraft:mutton":5,"minecraft:mangrove_propagule":3,"minecraft:coal":15,"minecraft:white_wool":1,"minecraft:cobblestone":35,"minecraft:oxeye_daisy":1},"minecraft:killed":{"minecraft:skeleton":2,"minecraft:zombie":1}},"DataVersion":3465}