{"stats":{"minecraft:crafted":{"minecraft:oak_planks":8,"minecraft:stick":8,"minecraft:wooden_pickaxe":1,"minecraft:stone_pickaxe":1,"minecraft:acacia_planks":4,"minecraft:cooked_beef":6},"minecraft:used":{"minecraft:acacia_boat":1,"toughasnails:leaf_leggings":2,"toughasnails:leaf_helmet":2,"minecraft:glass_bottle":12,"minecraft:wooden_pickaxe":22,"toughasnails:leaf_chestplate":1,"toughasnails:leaf_boots":2,"toughasnails:water_canteen":5,"minecraft:torch":1,"minecraft:glow_berries":2,"minecraft:sand":14,"minecraft:cobblestone":1,"minecraft:potion":10,"toughasnails:empty_canteen":1,"toughasnails:purified_water_canteen":4,"minecraft:cooked_beef":2},"minecraft:killed_by":{"minecraft:skeleton":1},"minecraft:mined":{"minecraft:jungle_leaves":1,"minecraft:cave_vines_plant":1,"minecraft:oak_log":2,"minecraft:coal_ore":4,"minecraft:sand":14,"minecraft:stone":14},"minecraft:dropped":{"toughasnails:purified_water_canteen":1,"minecraft:lily_pad":1,"minecraft:oxeye_daisy":1},"minecraft:custom":{"minecraft:time_since_rest":14173,"minecraft:interact_with_furnace":7,"minecraft:sprint_one_cm":94410,"minecraft:damage_taken":713,"minecraft:walk_one_cm":88771,"minecraft:mob_kills":1,"minecraft:drop":3,"minecraft:damage_dealt":84,"minecraft:interact_with_crafting_table":12,"minecraft:swim_one_cm":28972,"minecraft:fly_one_cm":86324,"minecraft:open_chest":18,"minecraft:crouch_one_cm":116,"minecraft:play_time":36331,"minecraft:deaths":2,"minecraft:sneak_time":34,"minecraft:walk_under_water_one_cm":5425,"minecraft:boat_one_cm":157385,"minecraft:jump":485,"minecraft:damage_dealt_resisted":6,"minecraft:leave_game":1,"minecraft:walk_on_water_one_cm":10687,"minecraft:time_since_death":17615,"minecraft:sleep_in_bed":3,"minecraft:total_world_time":36331,"minecraft:fall_one_cm":12614},"minecraft:picked_up":{"toughasnails:leaf_leggings":2,"toughasnails:leaf_chestplate":3,"minecraft:stick":4,"toughasnails:purified_water_canteen":1,"minecraft:feather":4,"minecraft:torch":1,"minecraft:acacia_log":1,"toughasnails:leaf_helmet":2,"minecraft:sand":14,"minecraft:oak_log":2,"minecraft:lily_pad":1,"minecraft:acacia_boat":2,"toughasnails:empty_canteen":2,"minecraft:bone":1,"minecraft:arrow":2,"toughasnails:leaf_boots":2,"minecraft:stone_pickaxe":1,"minecraft:glow_berries":1,"minecraft:oak_planks":3,"minecraft:coal":4,"minecraft:oxeye_daisy":1,"minecraft:cobblestone":15},"minecraft:killed":{"minecraft:skeleton":1}},"DataVersion":3465}