{"stats":{"minecraft:used":{"minecraft:potion":6,"minecraft:glass_bottle":8},"minecraft:crafted":{"minecraft:oak_planks":8,"minecraft:acacia_planks":4,"minecraft:stick":8,"minecraft:wooden_pickaxe":1},"minecraft:killed_by":{"minecraft:skeleton":1},"minecraft:mined":{"minecraft:oak_log":2},"minecraft:picked_up":{"minecraft:feather":4,"minecraft:acacia_log":1,"minecraft:stone_pickaxe":1,"minecraft:oak_log":2,"minecraft:oak_planks":3},"minecraft:custom":{"minecraft:time_since_rest":5749,"minecraft:open_chest":7,"minecraft:crouch_one_cm":50,"minecraft:play_time":13058,"minecraft:interact_with_furnace":2,"minecraft:sprint_one_cm":42937,"minecraft:walk_one_cm":29536,"minecraft:damage_taken":385,"minecraft:deaths":1,"minecraft:sneak_time":9,"minecraft:walk_under_water_one_cm":3799,"minecraft:damage_dealt_resisted":6,"minecraft:jump":176,"minecraft:damage_dealt":24,"minecraft:time_since_death":11475,"minecraft:walk_on_water_one_cm":5874,"minecraft:sleep_in_bed":2,"minecraft:total_world_time":13058,"minecraft:swim_one_cm":28770,"minecraft:interact_with_crafting_table":4,"minecraft:fall_one_cm":3373,"minecraft:fly_one_cm":34718}},"DataVersion":3465}