{"stats":{"minecraft:used":{"minecraft:azalea":1,"minecraft:acacia_boat":2,"toughasnails:leaf_leggings":3,"toughasnails:leaf_helmet":3,"minecraft:glass_bottle":12,"minecraft:stone_pickaxe":54,"minecraft:chest":2,"minecraft:wooden_pickaxe":28,"toughasnails:leaf_boots":3,"toughasnails:water_canteen":19,"minecraft:torch":2,"minecraft:glow_berries":2,"mowziesmobs:umvuthana_mask_bliss":1,"minecraft:sand":14,"toughasnails:empty_canteen":2,"minecraft:white_bed":1,"minecraft:iron_axe":9,"minecraft:iron_pickaxe":52,"toughasnails:leaf_chestplate":2,"minecraft:stone_axe":3,"minecraft:cobblestone":17,"minecraft:potion":10,"toughasnails:purified_water_canteen":5,"minecraft:cooked_beef":6},"minecraft:crafted":{"minecraft:cooked_beef":6,"minecraft:oak_planks":8,"farmersdelight:iron_knife":1,"minecraft:wooden_pickaxe":1,"minecraft:iron_axe":1,"minecraft:stick":8,"minecraft:iron_pickaxe":1,"minecraft:stone_pickaxe":1,"minecraft:chest":2,"minecraft:acacia_planks":40},"minecraft:broken":{"minecraft:stone_axe":1,"toughasnails:purified_water_canteen":1},"minecraft:killed_by":{"minecraft:player":1,"minecraft:skeleton":1},"minecraft:mined":{"minecraft:jungle_leaves":1,"minecraft:cave_vines_plant":1,"minecraft:acacia_log":9,"minecraft:grass_block":1,"minecraft:tall_grass":1,"minecraft:cobblestone":8,"minecraft:white_terracotta":1,"minecraft:iron_ore":17,"minecraft:oak_log":2,"minecraft:coal_ore":25,"minecraft:sand":20,"minecraft:azalea_leaves":1,"minecraft:stone":63},"minecraft:dropped":{"minecraft:feather":3,"minecraft:glow_berries":1,"minecraft:clay_ball":4,"minecraft:oxeye_daisy":1,"toughasnails:purified_water_canteen":1,"minecraft:stone_pickaxe":1,"minecraft:lily_pad":1},"minecraft:custom":{"minecraft:interact_with_furnace":17,"minecraft:mob_kills":7,"minecraft:interact_with_crafting_table":23,"minecraft:damage_dealt_resisted":20,"minecraft:leave_game":2,"minecraft:time_since_death":18125,"minecraft:sleep_in_bed":4,"minecraft:climb_one_cm":3285,"minecraft:time_since_rest":10094,"minecraft:sprint_one_cm":188657,"minecraft:damage_taken":1211,"minecraft:walk_one_cm":182370,"minecraft:drop":9,"minecraft:damage_dealt":606,"minecraft:swim_one_cm":62030,"minecraft:fly_one_cm":174331,"minecraft:open_chest":38,"minecraft:crouch_one_cm":1273,"minecraft:play_time":75332,"minecraft:deaths":3,"minecraft:sneak_time":800,"minecraft:walk_under_water_one_cm":7922,"minecraft:boat_one_cm":282426,"minecraft:jump":1150,"minecraft:walk_on_water_one_cm":23827,"minecraft:total_world_time":75332,"minecraft:fall_one_cm":28215},"minecraft:picked_up":{"toughasnails:leaf_leggings":3,"minecraft:feather":15,"minecraft:cooked_beef":2,"minecraft:clay_ball":4,"minecraft:wooden_pickaxe":1,"toughasnails:leaf_helmet":2,"minecraft:oak_log":2,"minecraft:lily_pad":1,"minecraft:gunpowder":2,"minecraft:acacia_boat":2,"minecraft:lapis_lazuli":14,"minecraft:raw_copper":23,"minecraft:iron_axe":1,"minecraft:bone":5,"minecraft:bow":1,"minecraft:raw_gold":3,"minecraft:stone_pickaxe":3,"toughasnails:leaf_boots":3,"minecraft:iron_ingot":16,"create:white_seat":1,"minecraft:azalea":1,"minecraft:iron_pickaxe":1,"minecraft:oak_planks":3,"minecraft:furnace":2,"minecraft:egg":5,"toughasnails:leaf_chestplate":4,"minecraft:stick":7,"minecraft:raw_iron":16,"toughasnails:purified_water_canteen":1,"minecraft:big_dripleaf":4,"minecraft:torch":2,"minecraft:acacia_log":10,"minecraft:sand":20,"minecraft:white_bed":1,"create:zinc_ingot":7,"toughasnails:empty_canteen":2,"minecraft:arrow":2,"toughasnails:water_canteen":1,"minecraft:stone_axe":1,"create:zinc_nugget":18,"minecraft:shears":1,"mowziesmobs:umvuthana_mask_bliss":2,"minecraft:white_terracotta":1,"minecraft:glow_berries":2,"minecraft:mutton":5,"minecraft:mangrove_propagule":3,"minecraft:coal":27,"minecraft:white_wool":1,"minecraft:cobblestone":74,"minecraft:oxeye_daisy":1},"minecraft:killed":{"mowziesmobs:umvuthana_follower_raptor":3,"minecraft:skeleton":2,"minecraft:zombie":1,"mowziesmobs:umvuthana_raptor":1}},"DataVersion":3465}