{"stats":{"minecraft:used":{"minecraft:azalea":1,"minecraft:acacia_boat":2,"toughasnails:leaf_leggings":2,"toughasnails:leaf_helmet":2,"minecraft:glass_bottle":12,"minecraft:stone_pickaxe":45,"minecraft:wooden_pickaxe":28,"toughasnails:leaf_chestplate":1,"toughasnails:leaf_boots":2,"minecraft:stone_axe":1,"toughasnails:water_canteen":5,"minecraft:torch":2,"minecraft:glow_berries":2,"minecraft:sand":14,"minecraft:cobblestone":10,"minecraft:potion":10,"toughasnails:empty_canteen":1,"toughasnails:purified_water_canteen":5,"minecraft:cooked_beef":3},"minecraft:crafted":{"minecraft:cooked_beef":6,"minecraft:oak_planks":8,"minecraft:stick":8,"minecraft:wooden_pickaxe":1,"minecraft:stone_pickaxe":1,"minecraft:acacia_planks":4},"minecraft:killed_by":{"minecraft:skeleton":1},"minecraft:broken":{"toughasnails:purified_water_canteen":1},"minecraft:mined":{"minecraft:iron_ore":17,"minecraft:jungle_leaves":1,"minecraft:cave_vines_plant":1,"minecraft:oak_log":2,"minecraft:coal_ore":13,"minecraft:sand":14,"minecraft:cobblestone":7,"minecraft:tall_grass":1,"minecraft:stone":23},"minecraft:custom":{"minecraft:interact_with_furnace":14,"minecraft:sprint_one_cm":98165,"minecraft:damage_taken":753,"minecraft:walk_one_cm":119239,"minecraft:mob_kills":3,"minecraft:drop":4,"minecraft:damage_dealt":318,"minecraft:interact_with_crafting_table":12,"minecraft:swim_one_cm":28972,"minecraft:fly_one_cm":90677,"minecraft:open_chest":18,"minecraft:crouch_one_cm":1273,"minecraft:play_time":46700,"minecraft:deaths":2,"minecraft:sneak_time":794,"minecraft:walk_under_water_one_cm":5425,"minecraft:boat_one_cm":163497,"minecraft:jump":743,"minecraft:damage_dealt_resisted":6,"minecraft:leave_game":1,"minecraft:time_since_death":27984,"minecraft:walk_on_water_one_cm":13080,"minecraft:sleep_in_bed":3,"minecraft:total_world_time":46700,"minecraft:fall_one_cm":16908,"minecraft:time_since_rest":24542},"minecraft:picked_up":{"toughasnails:leaf_leggings":2,"minecraft:raw_iron":16,"minecraft:stick":4,"toughasnails:purified_water_canteen":1,"minecraft:feather":4,"minecraft:clay_ball":4,"minecraft:torch":2,"minecraft:acacia_log":1,"toughasnails:leaf_helmet":2,"minecraft:sand":14,"minecraft:oak_log":2,"minecraft:lily_pad":1,"minecraft:acacia_boat":2,"toughasnails:empty_canteen":2,"minecraft:arrow":2,"minecraft:bone":1,"minecraft:stone_axe":1,"toughasnails:leaf_boots":2,"minecraft:stone_pickaxe":1,"minecraft:azalea":1,"minecraft:glow_berries":1,"minecraft:oak_planks":3,"minecraft:coal":13,"toughasnails:leaf_chestplate":3,"minecraft:cobblestone":31,"minecraft:oxeye_daisy":1},"minecraft:dropped":{"minecraft:oxeye_daisy":1,"minecraft:clay_ball":4,"toughasnails:purified_water_canteen":1,"minecraft:lily_pad":1},"minecraft:killed":{"minecraft:skeleton":2,"minecraft:zombie":1}},"DataVersion":3465}