{"stats":{"minecraft:crafted":{"minecraft:oak_planks":8,"minecraft:stick":8,"minecraft:wooden_pickaxe":1,"minecraft:acacia_planks":4,"minecraft:cooked_beef":6},"minecraft:used":{"toughasnails:leaf_leggings":2,"toughasnails:leaf_helmet":2,"minecraft:glass_bottle":12,"minecraft:wooden_pickaxe":16,"toughasnails:leaf_chestplate":1,"toughasnails:leaf_boots":2,"minecraft:sand":14,"minecraft:potion":10,"toughasnails:empty_canteen":1,"minecraft:cooked_beef":1},"minecraft:killed_by":{"minecraft:skeleton":1},"minecraft:mined":{"minecraft:oak_log":2,"minecraft:coal_ore":4,"minecraft:sand":14,"minecraft:stone":10},"minecraft:dropped":{"toughasnails:purified_water_canteen":1},"minecraft:custom":{"minecraft:time_since_rest":2900,"minecraft:interact_with_furnace":7,"minecraft:sprint_one_cm":74055,"minecraft:damage_taken":636,"minecraft:walk_one_cm":65661,"minecraft:mob_kills":1,"minecraft:drop":1,"minecraft:damage_dealt":64,"minecraft:interact_with_crafting_table":8,"minecraft:swim_one_cm":28770,"minecraft:fly_one_cm":69869,"minecraft:open_chest":18,"minecraft:crouch_one_cm":82,"minecraft:play_time":25058,"minecraft:deaths":2,"minecraft:sneak_time":29,"minecraft:walk_under_water_one_cm":4370,"minecraft:jump":368,"minecraft:damage_dealt_resisted":6,"minecraft:walk_on_water_one_cm":8569,"minecraft:time_since_death":6342,"minecraft:sleep_in_bed":3,"minecraft:total_world_time":25058,"minecraft:fall_one_cm":9329},"minecraft:picked_up":{"toughasnails:leaf_leggings":2,"toughasnails:leaf_chestplate":3,"toughasnails:purified_water_canteen":1,"minecraft:feather":4,"minecraft:acacia_log":1,"toughasnails:leaf_helmet":2,"minecraft:sand":14,"minecraft:oak_log":2,"toughasnails:empty_canteen":2,"minecraft:bone":1,"minecraft:arrow":2,"toughasnails:leaf_boots":2,"minecraft:stone_pickaxe":1,"minecraft:oak_planks":3,"minecraft:coal":4,"minecraft:cobblestone":10},"minecraft:killed":{"minecraft:skeleton":1}},"DataVersion":3465}