{"stats":{"minecraft:used":{"minecraft:azalea":1,"minecraft:acacia_boat":2,"toughasnails:leaf_leggings":4,"toughasnails:leaf_helmet":5,"create:schematic_table":3,"mowziesmobs:umvuthana_mask_misery":2,"minecraft:glass_bottle":12,"minecraft:stone_pickaxe":54,"minecraft:mangrove_planks":3,"minecraft:oak_planks":5,"minecraft:chest":2,"minecraft:wooden_pickaxe":28,"toughasnails:leaf_boots":4,"toughasnails:water_canteen":45,"minecraft:iron_chestplate":2,"minecraft:torch":10,"minecraft:glow_berries":2,"mowziesmobs:umvuthana_mask_bliss":3,"minecraft:sand":14,"toughasnails:empty_canteen":2,"minecraft:white_bed":1,"minecraft:glass":79,"minecraft:apple":1,"minecraft:iron_axe":27,"minecraft:iron_pickaxe":138,"toughasnails:leaf_chestplate":2,"minecraft:stone_axe":3,"minecraft:cobblestone":39,"minecraft:potion":10,"mowziesmobs:umvuthana_mask_fury":3,"minecraft:mangrove_slab":1,"toughasnails:purified_water_canteen":5,"minecraft:oak_boat":1,"minecraft:cooked_beef":8,"farmersdelight:fried_egg":3},"minecraft:crafted":{"minecraft:cooked_beef":6,"minecraft:oak_planks":8,"farmersdelight:iron_knife":1,"minecraft:wooden_pickaxe":1,"minecraft:copper_ingot":8,"minecraft:air":0,"minecraft:glass":79,"minecraft:iron_axe":1,"minecraft:stick":8,"minecraft:iron_pickaxe":1,"minecraft:stone_pickaxe":1,"minecraft:chest":2,"minecraft:acacia_planks":40,"minecraft:torch":12},"minecraft:broken":{"toughasnails:leaf_leggings":1,"toughasnails:leaf_boots":1,"toughasnails:leaf_chestplate":1,"minecraft:stone_axe":1,"toughasnails:purified_water_canteen":1},"minecraft:killed_by":{"man:managgresive":1,"minecraft:player":1,"minecraft:skeleton":1,"sanitydim:rotting_stalker":1},"minecraft:mined":{"minecraft:jungle_leaves":1,"minecraft:cave_vines_plant":1,"minecraft:acacia_log":9,"minecraft:grass_block":1,"minecraft:tall_grass":1,"minecraft:cobblestone":11,"minecraft:oak_planks":11,"create:schematic_table":2,"minecraft:white_terracotta":1,"minecraft:iron_ore":17,"minecraft:mangrove_planks":2,"minecraft:oak_log":2,"minecraft:coal_ore":25,"minecraft:sand":20,"minecraft:azalea_leaves":1,"minecraft:acacia_planks":1,"minecraft:stone":146},"minecraft:custom":{"minecraft:interact_with_furnace":66,"minecraft:mob_kills":8,"minecraft:interact_with_crafting_table":24,"minecraft:damage_dealt_resisted":20,"minecraft:leave_game":2,"minecraft:time_since_death":38959,"minecraft:sleep_in_bed":9,"minecraft:climb_one_cm":3541,"minecraft:time_since_rest":8093,"minecraft:sprint_one_cm":305458,"minecraft:damage_taken":1759,"minecraft:walk_one_cm":347245,"minecraft:drop":19,"minecraft:damage_dealt":689,"minecraft:swim_one_cm":62030,"minecraft:fly_one_cm":299978,"minecraft:open_chest":85,"minecraft:crouch_one_cm":3751,"minecraft:play_time":147332,"minecraft:deaths":5,"minecraft:sneak_time":1520,"minecraft:walk_under_water_one_cm":10509,"minecraft:boat_one_cm":282426,"minecraft:jump":1759,"minecraft:walk_on_water_one_cm":38622,"minecraft:total_world_time":147332,"minecraft:fall_one_cm":40708},"minecraft:dropped":{"farmersdelight:iron_knife":1,"minecraft:porkchop":1,"minecraft:cobblestone":83,"minecraft:feather":3,"minecraft:glow_berries":1,"minecraft:clay_ball":4,"minecraft:coal":28,"minecraft:oxeye_daisy":1,"mowziesmobs:umvuthana_mask_misery":1,"toughasnails:purified_water_canteen":1,"minecraft:beef":3,"minecraft:stone_pickaxe":1,"minecraft:lily_pad":1,"minecraft:egg":3},"minecraft:picked_up":{"toughasnails:leaf_leggings":4,"mowziesmobs:umvuthana_mask_fury":2,"minecraft:iron_chestplate":2,"minecraft:feather":22,"minecraft:cooked_beef":2,"minecraft:clay_ball":4,"minecraft:wooden_pickaxe":1,"toughasnails:leaf_helmet":2,"create:schematic_table":3,"minecraft:oak_log":2,"minecraft:lily_pad":1,"minecraft:gunpowder":2,"minecraft:acacia_boat":2,"minecraft:lapis_lazuli":14,"minecraft:mangrove_slab":1,"minecraft:raw_copper":23,"minecraft:iron_axe":2,"minecraft:acacia_planks":1,"minecraft:bone":5,"farmersdelight:iron_knife":2,"minecraft:bow":1,"minecraft:beef":3,"minecraft:raw_gold":3,"minecraft:stone_pickaxe":3,"toughasnails:leaf_boots":4,"minecraft:iron_ingot":16,"minecraft:oak_boat":1,"create:white_seat":1,"minecraft:azalea":1,"minecraft:iron_pickaxe":2,"minecraft:mangrove_planks":3,"minecraft:oak_planks":24,"mowziesmobs:umvuthana_mask_misery":2,"minecraft:furnace":2,"minecraft:egg":5,"toughasnails:leaf_chestplate":4,"minecraft:stick":11,"minecraft:raw_iron":16,"toughasnails:purified_water_canteen":1,"minecraft:big_dripleaf":4,"minecraft:torch":7,"minecraft:acacia_log":10,"minecraft:porkchop":1,"minecraft:sand":22,"minecraft:white_bed":1,"create:zinc_ingot":7,"toughasnails:empty_canteen":2,"farmersdelight:fried_egg":3,"minecraft:arrow":2,"toughasnails:water_canteen":2,"minecraft:stone_axe":1,"create:zinc_nugget":18,"minecraft:shears":1,"mowziesmobs:umvuthana_mask_bliss":3,"minecraft:white_terracotta":1,"minecraft:glow_berries":2,"minecraft:mutton":5,"minecraft:mangrove_propagule":3,"minecraft:coal":36,"minecraft:white_wool":1,"minecraft:cobblestone":184,"minecraft:oxeye_daisy":1},"minecraft:killed":{"mowziesmobs:umvuthana_follower_raptor":3,"minecraft:skeleton":2,"minecraft:zombie":1,"mowziesmobs:umvuthana_raptor":2}},"DataVersion":3465}