{"stats":{"minecraft:used":{"epicfight:skillbook":7,"jujutsucraft:uniform_higuruma_leggings":1,"jujutsucraft:uniform_normal_boots":1,"jujutsucraft:nyoi_staff":1,"minecraft:dirt":4,"jujutsucraft:uniform_gojo_boots":1,"jujutsucraft:uniform_normal_leggings":1,"jujutsucraft:uniform_higuruma_chestplate":1,"jujutsucraft:uniform_normal_chestplate":1},"minecraft:picked_up":{"epicfight:skillbook":5,"minecraft:dirt":4,"minecraft:white_banner":3,"minecraft:crossbow":5,"jujutsucraft:hammer":1},"minecraft:killed":{"minecraft:pillager":22,"jujutsucraft:jujutsu_sorcerer":1,"jujutsucraft:cursed_spirit_grade_318":1,"jujutsucraft:cursed_spirit_grade_316":1,"minecraft:villager":1,"jujutsucraft:cursed_spirit_grade_321":2},"minecraft:mined":{"minecraft:grass":1,"minecraft:grass_block":2,"minecraft:dirt":2},"minecraft:killed_by":{"jujutsucraft:cursed_spirit_grade_25":1,"jujutsucraft:cursed_spirit_grade_36":1,"minecraft:player":1,"jujutsucraft:cursed_spirit_grade_14":1,"jujutsucraft:cursed_spirit_grade_314":1,"jujutsucraft:cursed_spirit_grade_05":2,"jujutsucraft:cursed_spirit_grade_21":1,"jujutsucraft:cursed_spirit_grade_03":1,"minecraft:pillager":7},"minecraft:custom":{"minecraft:time_since_rest":77,"minecraft:sprint_one_cm":134280,"minecraft:damage_taken":5510,"minecraft:walk_one_cm":72726,"minecraft:mob_kills":28,"minecraft:damage_dealt":10,"minecraft:talked_to_villager":1,"minecraft:swim_one_cm":3746,"minecraft:fly_one_cm":230312,"minecraft:open_barrel":24,"minecraft:open_chest":27,"minecraft:crouch_one_cm":310,"minecraft:play_time":17477,"minecraft:deaths":17,"minecraft:sneak_time":21,"minecraft:walk_under_water_one_cm":603,"minecraft:jump":521,"minecraft:damage_dealt_resisted":1171,"minecraft:time_since_death":55,"minecraft:walk_on_water_one_cm":1648,"minecraft:total_world_time":17477,"minecraft:damage_resisted":166,"minecraft:fall_one_cm":14458}},"DataVersion":3465}