{"stats":{"minecraft:killed":{"minecraft:bee":3,"minecraft:cod":7,"minecraft:pig":3,"minecraft:squid":2,"minecraft:cow":1},"minecraft:dropped":{"minecraft:beef":1,"jujutsucraft:uniform_normal_leggings":1,"jujutsucraft:uniform_normal_boots":1,"minecraft:seagrass":2,"jujutsucraft:uniform_normal_chestplate":1},"minecraft:mined":{"minecraft:oak_log":4,"minecraft:bee_nest":1},"minecraft:used":{"jujutsucraft:clothes_uraume_chestplate":1,"jujutsucraft:uniform_normal_leggings":1,"jujutsucraft:clothes_uraume_boots":1,"jujutsucraft:clothes_uraume_leggings":1,"jujutsucraft:uniform_normal_boots":1,"jujutsucraft:clothes_uraume_helmet":1,"jujutsucraft:uniform_normal_chestplate":1},"minecraft:custom":{"minecraft:time_since_rest":17326,"minecraft:sprint_one_cm":144645,"minecraft:play_time":17326,"minecraft:damage_taken":120,"minecraft:walk_one_cm":40226,"minecraft:mob_kills":16,"minecraft:drop":5,"minecraft:jump":751,"minecraft:damage_dealt":96,"minecraft:leave_game":1,"minecraft:walk_on_water_one_cm":850,"minecraft:time_since_death":17326,"minecraft:total_world_time":17326,"minecraft:fall_one_cm":18696,"minecraft:fly_one_cm":366311},"minecraft:picked_up":{"minecraft:seagrass":2,"minecraft:beef":1,"minecraft:oak_log":3}},"DataVersion":3465}