{"stats":{"minecraft:crafted":{"minecraft:glass_bottle":6,"minecraft:wooden_sword":1,"minecraft:oak_planks":16,"minecraft:stone_shovel":1,"minecraft:crafting_table":5,"minecraft:wooden_pickaxe":1,"minecraft:acacia_trapdoor":4,"minecraft:furnace":2,"minecraft:acacia_fence_gate":2,"minecraft:bucket":1,"minecraft:bone_meal":3,"minecraft:stone_axe":1,"minecraft:acacia_boat":3,"minecraft:bread":9,"minecraft:air":0,"minecraft:glass":15,"minecraft:white_wool":1,"minecraft:wooden_hoe":1,"minecraft:white_dye":1,"minecraft:stick":44,"minecraft:iron_ingot":6,"minecraft:stone_pickaxe":2,"minecraft:wooden_axe":1,"minecraft:stone_sword":1,"minecraft:chest":3,"minecraft:white_bed":1,"minecraft:acacia_planks":212,"minecraft:torch":20,"minecraft:stone_hoe":1},"minecraft:used":{"minecraft:wheat_seeds":7,"minecraft:beetroot":3,"minecraft:acacia_boat":3,"minecraft:moss_carpet":1,"minecraft:stone_sword":22,"minecraft:acacia_log":2,"minecraft:stone_shovel":80,"minecraft:glass_bottle":28,"minecraft:acacia_trapdoor":4,"minecraft:stone_pickaxe":168,"minecraft:oak_planks":16,"minecraft:chest":4,"minecraft:wooden_pickaxe":32,"minecraft:stone_hoe":47,"minecraft:rotten_flesh":1,"minecraft:sand":4,"mowziesmobs:umvuthana_mask_bliss":1,"minecraft:torch":14,"minecraft:dirt":98,"minecraft:crafting_table":9,"minecraft:white_bed":2,"minecraft:mud":1,"minecraft:wooden_hoe":19,"minecraft:wooden_axe":41,"minecraft:bread":2,"minecraft:suspicious_stew":1,"minecraft:acacia_fence_gate":2,"minecraft:stone_axe":105,"minecraft:wooden_sword":4,"minecraft:cobblestone":40,"minecraft:potion":22,"mowziesmobs:umvuthana_mask_fury":2,"minecraft:furnace":5,"minecraft:bucket":4,"minecraft:cooked_beef":5,"minecraft:acacia_planks":12,"minecraft:water_bucket":3},"minecraft:killed_by":{"man:managgresive":1,"sanitydim:sneaking_terror":1,"minecraft:player":1,"minecraft:skeleton":1,"minecraft:spider":1,"mowziesmobs:umvuthana_raptor":1},"minecraft:broken":{"minecraft:stone_pickaxe":1,"minecraft:wooden_axe":1},"minecraft:mined":{"minecraft:acacia_leaves":4,"minecraft:white_bed":1,"minecraft:torch":3,"minecraft:crafting_table":4,"minecraft:acacia_log":55,"minecraft:grass_block":57,"minecraft:chest":1,"farmersdelight:wild_cabbages":1,"minecraft:sugar_cane":4,"minecraft:wall_torch":1,"farmersdelight:wild_beetroots":3,"farmersdelight:sandy_shrub":3,"minecraft:furnace":3,"minecraft:mud":1,"minecraft:iron_ore":6,"minecraft:wheat":7,"minecraft:moss_carpet":1,"minecraft:grass":5,"minecraft:oak_log":49,"minecraft:coal_ore":22,"minecraft:sand":31,"minecraft:dirt":38,"minecraft:azalea_leaves":1,"minecraft:stone":158,"create:crimsite":2},"minecraft:dropped":{"minecraft:moss_carpet":1,"minecraft:acacia_planks":12},"minecraft:custom":{"minecraft:interact_with_furnace":32,"minecraft:mob_kills":24,"minecraft:interact_with_crafting_table":33,"minecraft:damage_dealt_resisted":18,"minecraft:time_since_death":22884,"minecraft:sleep_in_bed":7,"minecraft:time_since_rest":12842,"minecraft:sprint_one_cm":292632,"minecraft:damage_taken":2445,"minecraft:walk_one_cm":318998,"minecraft:drop":13,"minecraft:damage_dealt":3433,"minecraft:swim_one_cm":58740,"minecraft:talked_to_villager":3,"minecraft:fly_one_cm":572146,"minecraft:open_chest":27,"minecraft:crouch_one_cm":18105,"minecraft:play_time":115933,"minecraft:sneak_time":7946,"minecraft:deaths":8,"minecraft:walk_under_water_one_cm":3832,"minecraft:boat_one_cm":406836,"minecraft:jump":2440,"minecraft:walk_on_water_one_cm":30875,"minecraft:total_world_time":115933,"minecraft:fall_one_cm":77839},"minecraft:picked_up":{"mowziesmobs:umvuthana_mask_fury":2,"minecraft:crafting_table":9,"minecraft:wheat":28,"minecraft:feather":16,"minecraft:cooked_beef":5,"minecraft:lead":2,"minecraft:wooden_pickaxe":2,"minecraft:potato":9,"minecraft:filled_map":2,"minecraft:potion":9,"minecraft:oak_log":98,"minecraft:acacia_boat":2,"minecraft:wooden_hoe":1,"farmersdelight:flint_knife":2,"minecraft:string":1,"minecraft:dirt":105,"minecraft:paper":24,"minecraft:moss_carpet":2,"man:cassette_1safetyinstructions":2,"minecraft:bone":2,"minecraft:acacia_planks":200,"minecraft:beetroot":3,"minecraft:apple":1,"minecraft:wheat_seeds":7,"minecraft:stone_pickaxe":4,"minecraft:light_gray_wool":1,"minecraft:glass_bottle":4,"minecraft:moss_block":4,"minecraft:sugar_cane":20,"minecraft:chest":1,"minecraft:acacia_sapling":19,"farmersdelight:cabbage_seeds":2,"minecraft:furnace":3,"minecraft:raw_iron":12,"minecraft:stick":44,"minecraft:torch":14,"minecraft:bowl":9,"minecraft:acacia_log":87,"minecraft:sand":28,"farmersdelight:tomato_seeds":1,"minecraft:white_bed":1,"minecraft:stone_sword":1,"minecraft:arrow":6,"create:crimsite":4,"minecraft:rotten_flesh":19,"minecraft:stone_axe":4,"minecraft:beetroot_seeds":20,"farmersdelight:onion":8,"mowziesmobs:umvuthana_mask_bliss":2,"farmersdelight:rope":25,"minecraft:oak_sapling":19,"minecraft:mutton":9,"minecraft:coal":23,"minecraft:mud":1,"minecraft:white_wool":6,"minecraft:cobblestone":387},"minecraft:killed":{"minecraft:spider":3,"minecraft:wandering_trader":1,"mowziesmobs:umvuthana_follower_raptor":2,"minecraft:sheep":5,"minecraft:skeleton":3,"minecraft:zombie":9,"mowziesmobs:umvuthana_raptor":1}},"DataVersion":3465}