{"stats":{"minecraft:crafted":{"minecraft:wooden_sword":1,"minecraft:oak_door":3,"minecraft:oak_planks":252,"minecraft:stone_shovel":4,"minecraft:cooked_chicken":3,"minecraft:furnace":2,"minecraft:acacia_fence_gate":2,"minecraft:cobblestone_stairs":8,"minecraft:bone_meal":3,"minecraft:glass":15,"minecraft:stone_pickaxe":2,"minecraft:cobblestone_wall":96,"minecraft:chest":9,"minecraft:stone_hoe":4,"minecraft:glass_bottle":6,"minecraft:crafting_table":10,"farmersdelight:iron_knife":1,"minecraft:wooden_pickaxe":1,"minecraft:acacia_trapdoor":4,"minecraft:bucket":1,"minecraft:stone_axe":2,"minecraft:bread":9,"minecraft:acacia_boat":3,"minecraft:air":0,"minecraft:oak_fence_gate":10,"minecraft:white_wool":1,"minecraft:wooden_hoe":1,"minecraft:charcoal":1,"toughasnails:water_purifier":1,"minecraft:white_dye":1,"minecraft:stick":80,"minecraft:iron_ingot":6,"minecraft:wooden_axe":1,"minecraft:stone_sword":1,"minecraft:white_bed":5,"minecraft:acacia_planks":212,"minecraft:torch":44,"minecraft:shears":1},"minecraft:used":{"minecraft:beetroot":3,"minecraft:moss_carpet":1,"minecraft:stone_sword":43,"minecraft:acacia_log":2,"toughasnails:water_purifier":1,"minecraft:stone_shovel":474,"minecraft:oak_sign":1,"minecraft:chest":15,"toughasnails:leaf_boots":1,"minecraft:cooked_chicken":3,"minecraft:stone_hoe":403,"minecraft:rotten_flesh":2,"minecraft:oak_door":2,"minecraft:torch":50,"mowziesmobs:umvuthana_mask_bliss":1,"minecraft:dirt":373,"toughasnails:empty_canteen":1,"minecraft:cobblestone_wall":84,"minecraft:oak_fence_gate":9,"minecraft:wooden_axe":41,"minecraft:furnace":7,"minecraft:cooked_beef":6,"minecraft:acacia_planks":12,"minecraft:wheat_seeds":51,"minecraft:acacia_boat":8,"minecraft:water_bucket":16,"toughasnails:leaf_leggings":2,"minecraft:cobblestone_stairs":8,"minecraft:glass_bottle":32,"minecraft:acacia_trapdoor":4,"minecraft:stone_pickaxe":187,"minecraft:oak_planks":174,"minecraft:wooden_pickaxe":32,"toughasnails:water_canteen":14,"minecraft:sand":4,"minecraft:crafting_table":15,"minecraft:white_bed":6,"minecraft:mud":1,"minecraft:wooden_hoe":19,"minecraft:apple":1,"minecraft:bread":2,"minecraft:suspicious_stew":1,"toughasnails:leaf_chestplate":1,"minecraft:acacia_fence_gate":2,"minecraft:stone_axe":148,"minecraft:wooden_sword":4,"minecraft:cobblestone":147,"minecraft:potion":29,"toughasnails:purified_water_bottle":1,"mowziesmobs:umvuthana_mask_fury":2,"minecraft:bucket":17,"minecraft:coarse_dirt":2},"minecraft:broken":{"minecraft:stone_hoe":2,"minecraft:stone_pickaxe":1,"minecraft:stone_axe":1,"minecraft:wooden_axe":1,"minecraft:stone_shovel":3},"minecraft:killed_by":{"minecraft:player":1,"minecraft:spider":1,"sanitydim:rotting_stalker":4,"man:managgresive":3,"sanitydim:sneaking_terror":3,"minecraft:skeleton":1,"mowziesmobs:umvuthana_raptor":1},"minecraft:mined":{"minecraft:white_bed":1,"minecraft:cobblestone_stairs":2,"minecraft:acacia_log":55,"minecraft:grass_block":198,"farmersdelight:wild_cabbages":1,"minecraft:furnace":5,"minecraft:iron_ore":6,"minecraft:moss_carpet":1,"minecraft:dirt_path":4,"minecraft:azalea_leaves":1,"minecraft:stone":161,"minecraft:acacia_leaves":4,"minecraft:crafting_table":5,"minecraft:torch":5,"minecraft:chest":6,"minecraft:cobblestone":1,"minecraft:sugar_cane":4,"minecraft:oak_planks":22,"minecraft:wall_torch":1,"farmersdelight:wild_beetroots":3,"farmersdelight:sandy_shrub":3,"minecraft:mud":1,"minecraft:wheat":7,"minecraft:grass":280,"minecraft:oak_log":64,"minecraft:coal_ore":33,"minecraft:sand":206,"minecraft:dirt":60,"create:crimsite":2},"minecraft:custom":{"minecraft:mob_kills":36,"minecraft:interact_with_crafting_table":72,"minecraft:damage_dealt_resisted":18,"minecraft:leave_game":4,"minecraft:time_since_death":15107,"minecraft:climb_one_cm":71,"minecraft:sprint_one_cm":712978,"minecraft:walk_one_cm":698274,"minecraft:drop":87,"minecraft:talked_to_villager":3,"minecraft:play_time":221792,"minecraft:deaths":16,"minecraft:sneak_time":12397,"minecraft:walk_under_water_one_cm":5371,"minecraft:boat_one_cm":510156,"minecraft:jump":4884,"minecraft:walk_on_water_one_cm":49398,"minecraft:total_world_time":221792,"minecraft:interact_with_furnace":41,"minecraft:sleep_in_bed":12,"minecraft:time_since_rest":7201,"minecraft:damage_taken":4437,"minecraft:damage_dealt":4747,"minecraft:swim_one_cm":62077,"minecraft:fly_one_cm":1200502,"minecraft:open_chest":74,"minecraft:crouch_one_cm":39672,"minecraft:fall_one_cm":146966},"minecraft:dropped":{"minecraft:stone_hoe":2,"farmersdelight:iron_knife":2,"minecraft:acacia_boat":2,"toughasnails:water_canteen":1,"minecraft:feather":10,"minecraft:cobblestone":100,"minecraft:lead":2,"minecraft:apple":3,"create:crimsite":2,"create:zinc_nugget":1,"minecraft:coal":33,"minecraft:stick":73,"minecraft:torch":10,"mowziesmobs:umvuthana_mask_bliss":1,"toughasnails:leaf_boots":2,"minecraft:bone_meal":2,"minecraft:sand":225,"toughasnails:leaf_leggings":2,"minecraft:string":1,"minecraft:acacia_planks":116,"minecraft:stone_axe":3,"minecraft:moss_carpet":1,"toughasnails:empty_canteen":2,"toughasnails:leaf_chestplate":2,"minecraft:cooked_chicken":3,"minecraft:stone_sword":2,"minecraft:chicken":3,"minecraft:rotten_flesh":6,"minecraft:oak_planks":386,"minecraft:mangrove_door":2,"minecraft:shears":2,"minecraft:oak_sapling":17,"minecraft:acacia_sapling":8,"minecraft:wooden_pickaxe":1,"minecraft:stone_pickaxe":2,"minecraft:arrow":2,"minecraft:glass":18,"mowziesmobs:umvuthana_mask_fury":2,"minecraft:egg":1,"minecraft:water_bucket":2},"minecraft:picked_up":{"toughasnails:leaf_leggings":7,"minecraft:coarse_dirt":4,"minecraft:mud":1,"minecraft:crafting_table":11,"minecraft:wheat":28,"minecraft:chicken":6,"minecraft:lead":6,"minecraft:wooden_pickaxe":4,"minecraft:potion":27,"minecraft:string":3,"minecraft:moss_carpet":2,"minecraft:beetroot":3,"toughasnails:leaf_boots":7,"minecraft:light_gray_wool":1,"minecraft:sugar_cane":20,"minecraft:chest":7,"farmersdelight:cabbage_seeds":2,"minecraft:furnace":7,"minecraft:egg":6,"minecraft:stick":202,"minecraft:raw_iron":12,"minecraft:torch":74,"minecraft:bowl":9,"minecraft:acacia_log":87,"minecraft:porkchop":16,"farmersdelight:tomato_seeds":1,"toughasnails:empty_canteen":4,"minecraft:stone_sword":9,"minecraft:arrow":10,"minecraft:stone_shovel":5,"minecraft:rotten_flesh":32,"minecraft:beetroot_seeds":20,"farmersdelight:onion":8,"minecraft:shears":1,"mowziesmobs:umvuthana_mask_bliss":4,"farmersdelight:rope":25,"minecraft:mangrove_door":4,"minecraft:mutton":9,"minecraft:white_wool":18,"minecraft:cobblestone":935,"mowziesmobs:umvuthana_mask_fury":10,"minecraft:feather":48,"minecraft:cooked_beef":6,"minecraft:water_bucket":7,"minecraft:potato":9,"minecraft:filled_map":2,"minecraft:oak_log":161,"toughasnails:purified_water_bottle":2,"minecraft:cobblestone_wall":36,"minecraft:cobblestone_stairs":4,"minecraft:acacia_boat":16,"minecraft:wooden_hoe":1,"farmersdelight:flint_knife":2,"minecraft:paper":24,"minecraft:dirt":469,"man:cassette_1safetyinstructions":2,"minecraft:acacia_planks":528,"minecraft:glass":50,"minecraft:bone":2,"farmersdelight:iron_knife":5,"minecraft:apple":8,"minecraft:wheat_seeds":52,"minecraft:oak_fence_gate":3,"minecraft:iron_ingot":7,"minecraft:stone_pickaxe":12,"minecraft:cooked_chicken":8,"minecraft:glass_bottle":6,"minecraft:moss_block":4,"minecraft:acacia_sapling":35,"minecraft:stone_hoe":7,"minecraft:oak_planks":750,"toughasnails:leaf_chestplate":7,"minecraft:sand":500,"minecraft:white_bed":1,"toughasnails:water_canteen":2,"create:crimsite":8,"minecraft:stone_axe":13,"create:zinc_nugget":1,"minecraft:bone_meal":4,"minecraft:oak_sapling":63,"minecraft:black_wool":2,"minecraft:coal":144},"minecraft:killed":{"minecraft:spider":3,"minecraft:skeleton":3,"minecraft:chicken":3,"minecraft:pig":7,"minecraft:wandering_trader":1,"mowziesmobs:umvuthana_follower_raptor":3,"minecraft:sheep":5,"minecraft:zombie":10,"mowziesmobs:umvuthana_raptor":1}},"DataVersion":3465}