{"stats":{"minecraft:crafted":{"minecraft:wooden_sword":1,"minecraft:oak_door":3,"minecraft:oak_planks":332,"minecraft:stone_shovel":4,"minecraft:cooked_chicken":3,"minecraft:furnace":4,"minecraft:acacia_fence_gate":2,"minecraft:cobblestone_stairs":8,"minecraft:bone_meal":3,"toughasnails:leaf_leggings":1,"minecraft:glass":15,"minecraft:melon_seeds":36,"minecraft:stone_pickaxe":2,"minecraft:cobblestone_wall":114,"minecraft:chest":11,"minecraft:stone_hoe":5,"farmersdelight:tomato_seeds":2,"minecraft:oak_slab":12,"minecraft:glass_bottle":6,"minecraft:cooked_porkchop":21,"toughasnails:leaf_chestplate":1,"minecraft:crafting_table":11,"farmersdelight:iron_knife":1,"minecraft:wooden_pickaxe":1,"minecraft:acacia_trapdoor":4,"minecraft:pumpkin_seeds":4,"minecraft:bucket":1,"minecraft:stone_axe":2,"minecraft:bread":9,"minecraft:acacia_boat":3,"minecraft:air":0,"minecraft:oak_fence_gate":14,"minecraft:white_wool":1,"minecraft:wooden_hoe":1,"minecraft:charcoal":1,"toughasnails:water_purifier":1,"minecraft:white_dye":1,"minecraft:stick":104,"minecraft:iron_ingot":6,"minecraft:iron_pickaxe":1,"minecraft:wooden_axe":1,"minecraft:stone_sword":1,"minecraft:composter":1,"minecraft:white_bed":6,"minecraft:acacia_planks":212,"minecraft:torch":68,"minecraft:shears":2},"minecraft:used":{"minecraft:beetroot":3,"minecraft:stone_sword":48,"minecraft:acacia_log":2,"toughasnails:water_purifier":1,"minecraft:stone_shovel":485,"farmersdelight:cabbage_seeds":4,"minecraft:oak_sign":1,"minecraft:chest":17,"toughasnails:leaf_boots":3,"minecraft:cooked_chicken":3,"minecraft:rotten_flesh":2,"minecraft:stone_hoe":424,"minecraft:iron_chestplate":1,"minecraft:oak_door":2,"minecraft:torch":66,"minecraft:dirt":444,"mowziesmobs:umvuthana_mask_bliss":1,"minecraft:wheat":2,"toughasnails:empty_canteen":5,"minecraft:cobblestone_wall":113,"minecraft:oak_fence_gate":13,"minecraft:wooden_axe":41,"farmersdelight:tomato":2,"minecraft:blue_orchid":1,"minecraft:furnace":9,"farmersdelight:tomato_seeds":12,"minecraft:cooked_beef":6,"minecraft:acacia_planks":12,"minecraft:wheat_seeds":97,"minecraft:water_bucket":19,"minecraft:acacia_boat":12,"toughasnails:leaf_leggings":4,"minecraft:cobblestone_stairs":8,"minecraft:acacia_trapdoor":4,"minecraft:glass_bottle":32,"minecraft:stone_pickaxe":263,"minecraft:oak_planks":174,"minecraft:wooden_pickaxe":32,"minecraft:composter":1,"toughasnails:water_canteen":89,"farmersdelight:onion":16,"minecraft:sand":4,"minecraft:crafting_table":20,"minecraft:white_bed":8,"minecraft:shears":22,"minecraft:mud":1,"minecraft:wooden_hoe":19,"minecraft:apple":1,"minecraft:melon_slice":11,"minecraft:iron_pickaxe":97,"minecraft:bread":2,"minecraft:suspicious_stew":1,"toughasnails:leaf_chestplate":3,"minecraft:acacia_fence_gate":2,"minecraft:stone_axe":218,"minecraft:wooden_sword":4,"minecraft:potion":29,"minecraft:cobblestone":174,"toughasnails:purified_water_bottle":1,"mowziesmobs:umvuthana_mask_fury":2,"minecraft:cooked_porkchop":10,"minecraft:bucket":20,"minecraft:bone_meal":7,"minecraft:coarse_dirt":2,"minecraft:moss_carpet":1},"minecraft:broken":{"toughasnails:leaf_leggings":1,"toughasnails:leaf_boots":1,"toughasnails:leaf_chestplate":1,"toughasnails:water_canteen":4,"minecraft:stone_hoe":2,"minecraft:stone_pickaxe":2,"minecraft:stone_axe":1,"minecraft:wooden_axe":1,"minecraft:stone_shovel":3},"minecraft:killed_by":{"minecraft:player":1,"minecraft:spider":1,"minecraft:pillager":1,"sanitydim:rotting_stalker":4,"man:managgresive":4,"sanitydim:sneaking_terror":4,"minecraft:skeleton":2,"mowziesmobs:umvuthana_raptor":1},"minecraft:mined":{"minecraft:tuff":2,"farmersdelight:onions":1,"minecraft:white_bed":3,"minecraft:cobblestone_stairs":2,"minecraft:acacia_log":55,"minecraft:grass_block":201,"farmersdelight:tomatoes":6,"farmersdelight:wild_cabbages":1,"minecraft:hay_block":14,"minecraft:furnace":7,"minecraft:iron_ore":7,"minecraft:pumpkin":8,"minecraft:moss_carpet":1,"create:asurine":20,"minecraft:vine":1,"minecraft:pointed_dripstone":33,"minecraft:dirt_path":4,"farmersdelight:rice_panicles":1,"minecraft:azalea_leaves":1,"minecraft:stone":184,"minecraft:blue_orchid":1,"minecraft:acacia_leaves":26,"minecraft:melon_stem":2,"minecraft:crafting_table":9,"minecraft:torch":7,"minecraft:melon":22,"minecraft:chest":6,"farmersdelight:cabbages":4,"minecraft:cobblestone":50,"minecraft:oak_planks":22,"minecraft:sugar_cane":8,"minecraft:wall_torch":1,"farmersdelight:wild_beetroots":3,"farmersdelight:sandy_shrub":3,"minecraft:cobblestone_wall":12,"minecraft:mud":1,"minecraft:wheat":82,"minecraft:grass":286,"minecraft:coal_ore":58,"minecraft:oak_log":84,"minecraft:sand":214,"minecraft:dirt":63,"minecraft:oak_leaves":7,"create:crimsite":2,"create:deepslate_zinc_ore":5},"minecraft:custom":{"minecraft:mob_kills":40,"minecraft:interact_with_crafting_table":87,"minecraft:damage_dealt_resisted":18,"minecraft:leave_game":5,"minecraft:time_since_death":4983,"minecraft:climb_one_cm":99,"minecraft:sprint_one_cm":1026243,"minecraft:walk_one_cm":865291,"minecraft:drop":129,"minecraft:talked_to_villager":3,"minecraft:play_time":292412,"minecraft:sneak_time":16039,"minecraft:deaths":20,"minecraft:walk_under_water_one_cm":12247,"minecraft:boat_one_cm":560646,"minecraft:jump":6616,"minecraft:walk_on_water_one_cm":76753,"minecraft:total_world_time":292412,"minecraft:interact_with_furnace":66,"minecraft:sleep_in_bed":15,"minecraft:time_since_rest":4200,"minecraft:damage_taken":5971,"minecraft:damage_dealt":5479,"minecraft:swim_one_cm":83178,"minecraft:fly_one_cm":1620922,"minecraft:open_chest":133,"minecraft:crouch_one_cm":51771,"minecraft:fall_one_cm":194460},"minecraft:dropped":{"minecraft:stone_hoe":3,"minecraft:water_bucket":2,"farmersdelight:iron_knife":2,"minecraft:acacia_boat":3,"toughasnails:water_canteen":2,"minecraft:wheat_seeds":57,"minecraft:crafting_table":1,"minecraft:cooked_porkchop":14,"minecraft:feather":10,"minecraft:cobblestone":105,"minecraft:lead":2,"minecraft:apple":3,"create:crimsite":2,"create:zinc_nugget":1,"minecraft:coal":69,"minecraft:pufferfish":2,"minecraft:stick":78,"minecraft:dirt":6,"minecraft:torch":11,"mowziesmobs:umvuthana_mask_bliss":1,"minecraft:mutton":2,"toughasnails:leaf_boots":3,"minecraft:pumpkin":8,"minecraft:bone_meal":2,"minecraft:sand":225,"toughasnails:leaf_leggings":3,"minecraft:string":1,"minecraft:lily_pad":6,"minecraft:white_wool":1,"minecraft:acacia_planks":116,"minecraft:furnace":2,"minecraft:stone_axe":4,"minecraft:moss_carpet":1,"toughasnails:empty_canteen":2,"toughasnails:leaf_chestplate":3,"minecraft:cooked_chicken":3,"minecraft:stone_sword":3,"minecraft:stone_shovel":1,"farmersdelight:cabbage_seeds":4,"minecraft:chicken":3,"minecraft:rotten_flesh":6,"minecraft:oak_planks":413,"minecraft:mangrove_door":2,"minecraft:acacia_leaves":7,"minecraft:shears":3,"minecraft:hay_block":6,"minecraft:melon_seeds":1,"minecraft:golden_leggings":1,"minecraft:oak_sapling":17,"minecraft:acacia_sapling":8,"minecraft:arrow":2,"minecraft:glass":18,"minecraft:stone_pickaxe":3,"minecraft:wooden_pickaxe":1,"mowziesmobs:umvuthana_mask_fury":3,"farmersdelight:tomato_seeds":4,"minecraft:iron_ingot":13,"minecraft:egg":1},"minecraft:picked_up":{"toughasnails:leaf_leggings":10,"minecraft:wheat":32,"minecraft:mud":1,"minecraft:coarse_dirt":4,"minecraft:crafting_table":17,"minecraft:chicken":6,"minecraft:lead":6,"minecraft:wooden_pickaxe":4,"minecraft:potion":27,"minecraft:string":3,"minecraft:moss_carpet":2,"minecraft:pufferfish":2,"minecraft:blue_orchid":1,"minecraft:beetroot":3,"toughasnails:leaf_boots":11,"minecraft:beef":2,"minecraft:iron_pickaxe":2,"minecraft:light_gray_wool":1,"minecraft:melon_slice":124,"minecraft:sugar_cane":29,"minecraft:chest":7,"farmersdelight:cabbage_seeds":10,"minecraft:furnace":17,"minecraft:egg":6,"minecraft:stick":210,"minecraft:raw_iron":13,"minecraft:torch":108,"minecraft:bowl":9,"minecraft:acacia_log":87,"minecraft:porkchop":16,"farmersdelight:tomato_seeds":11,"minecraft:pointed_dripstone":64,"toughasnails:empty_canteen":4,"minecraft:stone_sword":13,"minecraft:arrow":10,"minecraft:stone_shovel":9,"minecraft:rotten_flesh":32,"minecraft:beetroot_seeds":20,"farmersdelight:onion":10,"minecraft:shears":4,"minecraft:hay_block":20,"create:asurine":16,"mowziesmobs:umvuthana_mask_bliss":4,"farmersdelight:rope":25,"minecraft:mangrove_door":4,"minecraft:mutton":12,"minecraft:white_wool":29,"minecraft:cobblestone":1045,"mowziesmobs:umvuthana_mask_fury":14,"minecraft:feather":50,"minecraft:cooked_beef":8,"minecraft:brown_wool":3,"minecraft:water_bucket":9,"minecraft:acacia_leaves":29,"minecraft:golden_leggings":1,"minecraft:potato":9,"minecraft:filled_map":2,"create:raw_zinc":5,"minecraft:lily_pad":6,"minecraft:oak_log":181,"toughasnails:purified_water_bottle":2,"minecraft:acacia_boat":23,"minecraft:cobblestone_wall":50,"minecraft:cobblestone_stairs":4,"farmersdelight:tomato":4,"minecraft:wooden_hoe":1,"farmersdelight:flint_knife":2,"minecraft:dirt":667,"minecraft:paper":24,"man:cassette_1safetyinstructions":2,"minecraft:glass":50,"minecraft:bone":2,"minecraft:acacia_planks":528,"farmersdelight:iron_knife":7,"minecraft:apple":8,"minecraft:wheat_seeds":219,"minecraft:iron_ingot":25,"minecraft:oak_fence_gate":3,"minecraft:stone_pickaxe":14,"minecraft:cooked_chicken":8,"minecraft:glass_bottle":6,"minecraft:moss_block":4,"minecraft:stone_hoe":11,"minecraft:oak_planks":819,"minecraft:acacia_sapling":35,"toughasnails:leaf_chestplate":11,"minecraft:oak_slab":5,"minecraft:cooked_porkchop":12,"minecraft:pumpkin":24,"minecraft:sand":512,"minecraft:white_bed":5,"toughasnails:water_canteen":6,"create:crimsite":8,"minecraft:stone_axe":17,"create:zinc_nugget":1,"minecraft:bone_meal":11,"minecraft:melon_seeds":6,"minecraft:oak_sapling":63,"minecraft:black_wool":2,"minecraft:iron_chestplate":1,"minecraft:coal":294},"minecraft:killed":{"minecraft:spider":4,"minecraft:skeleton":3,"minecraft:chicken":3,"minecraft:pig":7,"minecraft:wandering_trader":1,"mowziesmobs:umvuthana_follower_raptor":3,"minecraft:sheep":6,"minecraft:pillager":1,"minecraft:zombie":11,"mowziesmobs:umvuthana_raptor":1}},"DataVersion":3465}