{"stats":{"minecraft:used":{"epicfight:skillbook":7,"jujutsucraft:uniform_higuruma_leggings":1,"jujutsucraft:uniform_normal_boots":1,"jujutsucraft:nyoi_staff":3,"minecraft:dirt":4,"jujutsucraft:uniform_gojo_boots":1,"jujutsucraft:uniform_normal_chestplate":1,"minecraft:oak_pressure_plate":1,"minecraft:gravel":1,"jujutsucraft:uniform_higuruma_chestplate":1,"jujutsucraft:uniform_normal_leggings":1},"minecraft:dropped":{"jujutsucraft:uniform_gojo_boots":1,"minecraft:wheat_seeds":1,"minecraft:lever":6,"minecraft:oak_pressure_plate":5,"minecraft:crossbow":5,"minecraft:birch_pressure_plate":1,"jujutsucraft:sword_black":2,"jujutsucraft:sword_okkotsu_yuta":1,"minecraft:green_banner":6,"minecraft:spruce_door":1,"minecraft:stone_button":1,"minecraft:white_banner":3,"minecraft:tripwire_hook":1},"minecraft:picked_up":{"minecraft:feather":2,"minecraft:chicken":1,"jujutsucraft:uniform_gojo_boots":1,"minecraft:tripwire_hook":1,"minecraft:fern":1,"minecraft:moss_carpet":8,"minecraft:dirt":4,"minecraft:white_banner":3,"minecraft:birch_pressure_plate":1,"minecraft:wheat_seeds":1,"jujutsucraft:sword_black":2,"jujutsucraft:supreme_martial_solution":1,"minecraft:scaffolding":2,"minecraft:oak_pressure_plate":6,"minecraft:gravel":1,"epicfight:skillbook":5,"minecraft:porkchop":3,"minecraft:sand":1,"minecraft:stone_button":1,"minecraft:spruce_door":6,"minecraft:green_banner":6,"minecraft:peony":6,"minecraft:lever":7,"minecraft:crossbow":6,"jujutsucraft:hammer":1,"minecraft:mangrove_propagule":4,"minecraft:white_wool":1},"minecraft:killed":{"jujutsucraft:cursed_spirit_grade_32":4,"jujutsucraft:cursed_spirit_grade_31":2,"jujutsucraft:cursed_spirit_grade_33":1,"jujutsucraft:kukuru":1,"jujutsucraft:jujutsu_sorcerer":1,"jujutsucraft:cursed_spirit_grade_318":5,"jujutsucraft:cursed_spirit_grade_316":3,"jujutsucraft:curse_user":1,"jujutsucraft:transfigured_human_2":1,"jujutsucraft:cursed_spirit_grade_321":8,"jujutsucraft:cursed_spirit_grade_39":3,"minecraft:pillager":29,"jujutsucraft:cursed_spirit_grade_312":2,"jujutsucraft:cursed_spirit_grade_314":3,"jujutsucraft:cursed_spirit_grade_311":2,"minecraft:chicken":1,"jujutsucraft:cursed_spirit_grade_36":9,"jujutsucraft:cursed_spirit_grade_317":3,"jujutsucraft:cursed_spirit_grade_315":2,"jujutsucraft:cockroach_larva":3,"jujutsucraft:cursed_spirit_grade_38":2,"jujutsucraft:cursed_spirit_grade_34":2,"jujutsucraft:cursed_spirit_grade_319":5,"jujutsucraft:cursed_spirit_grade_322":6,"minecraft:tropical_fish":10,"minecraft:villager":3},"minecraft:mined":{"minecraft:grass_block":2,"minecraft:tall_grass":1,"minecraft:grass":1,"minecraft:dirt":2,"minecraft:gravel":1},"minecraft:custom":{"minecraft:mob_kills":115,"minecraft:open_barrel":36,"minecraft:damage_dealt_resisted":12551,"minecraft:time_since_death":5442,"minecraft:climb_one_cm":607,"minecraft:damage_resisted":3588,"minecraft:time_since_rest":5473,"minecraft:sprint_one_cm":533652,"minecraft:damage_taken":13730,"minecraft:walk_one_cm":226333,"minecraft:trigger_trapped_chest":1,"minecraft:drop":34,"minecraft:damage_dealt":10,"minecraft:fly_one_cm":1069577,"minecraft:swim_one_cm":21501,"minecraft:damage_dealt_absorbed":920,"minecraft:talked_to_villager":1,"minecraft:open_chest":65,"minecraft:crouch_one_cm":717,"minecraft:play_time":53477,"minecraft:deaths":33,"minecraft:sneak_time":62,"minecraft:walk_under_water_one_cm":2952,"minecraft:jump":1840,"minecraft:walk_on_water_one_cm":17868,"minecraft:total_world_time":53477,"minecraft:fall_one_cm":76713},"minecraft:killed_by":{"jujutsucraft:cursed_spirit_grade_25":1,"jujutsucraft:cursed_spirit_grade_24":1,"jujutsucraft:cursed_spirit_grade_36":2,"minecraft:player":1,"jujutsucraft:cursed_spirit_grade_14":1,"jujutsucraft:negi_toshihisa":1,"jujutsucraft:cursed_spirit_grade_05":2,"jujutsucraft:moon_dregs":2,"jujutsucraft:cursed_spirit_grade_03":3,"minecraft:pillager":8,"jujutsucraft:panda_gorilla":1,"jujutsucraft:cursed_spirit_grade_19":1,"jujutsucraft:cursed_spirit_grade_18":1,"jujutsucraft:cursed_spirit_grade_314":2,"jujutsucraft:fushiguro_megumi":1,"jujutsucraft:cursed_spirit_grade_317":1,"jujutsucraft:cursed_spirit_grade_21":1,"jujutsucraft:jujutsu_sorcerer":1}},"DataVersion":3465}