{"stats":{"minecraft:used":{"epicfight:skillbook":7,"jujutsucraft:uniform_higuruma_leggings":1,"jujutsucraft:uniform_normal_boots":1,"jujutsucraft:nyoi_staff":3,"minecraft:dirt":4,"jujutsucraft:uniform_gojo_boots":1,"jujutsucraft:uniform_normal_chestplate":1,"minecraft:gravel":1,"jujutsucraft:uniform_higuruma_chestplate":1,"jujutsucraft:uniform_normal_leggings":1},"minecraft:picked_up":{"jujutsucraft:uniform_gojo_boots":1,"minecraft:tripwire_hook":1,"minecraft:dirt":4,"minecraft:white_banner":3,"minecraft:birch_pressure_plate":1,"minecraft:wheat_seeds":1,"jujutsucraft:sword_black":2,"jujutsucraft:supreme_martial_solution":1,"minecraft:scaffolding":2,"minecraft:oak_pressure_plate":5,"minecraft:gravel":1,"epicfight:skillbook":5,"minecraft:stone_button":1,"minecraft:spruce_door":6,"minecraft:green_banner":6,"minecraft:lever":7,"minecraft:crossbow":6,"jujutsucraft:hammer":1,"minecraft:white_wool":1},"minecraft:dropped":{"jujutsucraft:uniform_gojo_boots":1,"minecraft:wheat_seeds":1,"minecraft:lever":6,"minecraft:oak_pressure_plate":5,"minecraft:crossbow":5,"minecraft:birch_pressure_plate":1,"jujutsucraft:sword_black":2,"minecraft:green_banner":6,"minecraft:spruce_door":1,"minecraft:stone_button":1,"minecraft:white_banner":3,"minecraft:tripwire_hook":1},"minecraft:killed":{"jujutsucraft:cursed_spirit_grade_32":2,"jujutsucraft:cursed_spirit_grade_31":1,"jujutsucraft:kukuru":1,"jujutsucraft:jujutsu_sorcerer":1,"jujutsucraft:cursed_spirit_grade_318":2,"jujutsucraft:cursed_spirit_grade_316":3,"jujutsucraft:curse_user":1,"jujutsucraft:cursed_spirit_grade_321":5,"jujutsucraft:cursed_spirit_grade_39":1,"minecraft:pillager":29,"jujutsucraft:cursed_spirit_grade_312":2,"jujutsucraft:cursed_spirit_grade_314":3,"jujutsucraft:cursed_spirit_grade_36":6,"jujutsucraft:cursed_spirit_grade_317":2,"jujutsucraft:cursed_spirit_grade_315":2,"jujutsucraft:cockroach_larva":2,"jujutsucraft:cursed_spirit_grade_38":2,"jujutsucraft:cursed_spirit_grade_34":1,"jujutsucraft:cursed_spirit_grade_319":2,"jujutsucraft:cursed_spirit_grade_322":4,"minecraft:villager":3},"minecraft:mined":{"minecraft:grass_block":2,"minecraft:tall_grass":1,"minecraft:grass":1,"minecraft:dirt":2,"minecraft:gravel":1},"minecraft:custom":{"minecraft:mob_kills":77,"minecraft:open_barrel":24,"minecraft:damage_dealt_resisted":6633,"minecraft:time_since_death":1316,"minecraft:climb_one_cm":108,"minecraft:damage_resisted":2277,"minecraft:time_since_rest":1342,"minecraft:sprint_one_cm":437389,"minecraft:damage_taken":11754,"minecraft:walk_one_cm":174686,"minecraft:trigger_trapped_chest":1,"minecraft:drop":33,"minecraft:damage_dealt":10,"minecraft:fly_one_cm":808614,"minecraft:swim_one_cm":15041,"minecraft:damage_dealt_absorbed":330,"minecraft:talked_to_villager":1,"minecraft:open_chest":64,"minecraft:crouch_one_cm":560,"minecraft:play_time":41477,"minecraft:deaths":30,"minecraft:sneak_time":52,"minecraft:walk_under_water_one_cm":1252,"minecraft:jump":1382,"minecraft:walk_on_water_one_cm":12339,"minecraft:total_world_time":41477,"minecraft:fall_one_cm":46917},"minecraft:killed_by":{"jujutsucraft:cursed_spirit_grade_25":1,"jujutsucraft:cursed_spirit_grade_24":1,"jujutsucraft:cursed_spirit_grade_36":2,"minecraft:player":1,"jujutsucraft:cursed_spirit_grade_14":1,"jujutsucraft:negi_toshihisa":1,"jujutsucraft:cursed_spirit_grade_05":2,"jujutsucraft:moon_dregs":2,"jujutsucraft:cursed_spirit_grade_03":3,"minecraft:pillager":8,"jujutsucraft:cursed_spirit_grade_18":1,"jujutsucraft:cursed_spirit_grade_314":2,"jujutsucraft:fushiguro_megumi":1,"jujutsucraft:cursed_spirit_grade_317":1,"jujutsucraft:cursed_spirit_grade_21":1,"jujutsucraft:jujutsu_sorcerer":1}},"DataVersion":3465}