{"stats":{"minecraft:used":{"minecraft:decorated_pot":1,"jujutsucraft:clothes_jogo_chestplate":1,"minecraft:dirt":6,"minecraft:grass_block":2,"minecraft:stone_bricks":1,"minecraft:egg":1,"jujutsucraft:clothes_jogo_helmet":1,"minecraft:red_bed":1,"minecraft:spruce_log":1,"minecraft:black_concrete":2,"minecraft:cobblestone":1,"minecraft:oak_boat":7,"minecraft:coarse_dirt":1},"minecraft:picked_up":{"minecraft:coarse_dirt":1,"jujutsucraft:slaughter_demon":1,"minecraft:leather_leggings":1,"jujutsucraft:uniform_normal_boots":2,"jujutsucraft:cursed_technique_changer":1,"minecraft:chain":1,"minecraft:red_bed":1,"minecraft:gold_nugget":6,"minecraft:oak_boat":1,"minecraft:egg":1,"minecraft:stone":1,"jujutsucraft:sword_okkotsu_yuta":2,"minecraft:porkchop":6,"minecraft:jungle_sign":1,"jujutsucraft:uniform_q_leggings":1,"minecraft:rotten_flesh":32,"minecraft:decorated_pot":1,"jujutsucraft:muscular_body_chestplate":1,"minecraft:mangrove_door":1,"minecraft:mutton":13,"minecraft:cod":7,"minecraft:white_wool":6,"minecraft:cobblestone":1,"minecraft:basalt":2,"jujutsucraft:g_staff":1,"minecraft:salmon":2,"minecraft:brown_wool":1,"minecraft:dirt":7,"minecraft:lantern":1,"minecraft:white_banner":1,"jujutsucraft:uniform_normal_leggings":3,"minecraft:bone":1,"minecraft:stone_bricks":1,"jujutsucraft:sword_miwa_kasumi":1,"jujutsucraft:uniform_normal_chestplate":2,"minecraft:grass_block":2,"minecraft:spruce_log":1,"minecraft:spruce_door":2,"jujutsucraft:clothes_choso_helmet":1,"minecraft:black_concrete":2,"minecraft:painting":3,"jujutsucraft:clothes_miguel_chestplate":2,"minecraft:oak_sapling":1},"minecraft:custom":{"minecraft:inspect_dropper":1,"minecraft:mob_kills":497,"minecraft:open_barrel":19,"minecraft:damage_dealt_resisted":124842,"minecraft:leave_game":1,"minecraft:time_since_death":135,"minecraft:climb_one_cm":280,"minecraft:damage_resisted":47093,"minecraft:sprint_one_cm":1438407,"minecraft:walk_one_cm":601457,"minecraft:drop":8,"minecraft:talked_to_villager":1,"minecraft:play_time":130750,"minecraft:deaths":81,"minecraft:sneak_time":391,"minecraft:walk_under_water_one_cm":5159,"minecraft:jump":4170,"minecraft:walk_on_water_one_cm":24714,"minecraft:total_world_time":130750,"minecraft:interact_with_loom":1,"minecraft:time_since_rest":155,"minecraft:damage_taken":39841,"minecraft:damage_dealt":2682,"minecraft:swim_one_cm":9519,"minecraft:fly_one_cm":3428553,"minecraft:player_kills":5,"minecraft:open_chest":27,"minecraft:crouch_one_cm":1833,"minecraft:fall_one_cm":381845},"minecraft:killed":{"jujutsucraft:mimiko":1,"jujutsucraft:cursed_spirit_grade_32":23,"jujutsucraft:cursed_spirit_grade_21":2,"jujutsucraft:cursed_spirit_grade_33":12,"jujutsucraft:cursed_spirit_grade_31":8,"jujutsucraft:inumaki_toge":2,"jujutsucraft:nanako":2,"jujutsucraft:cursed_spirit_grade_12":1,"jujutsucraft:cursed_spirit_grade_24":4,"jujutsucraft:earthen_insect_trance":1,"jujutsucraft:cursed_spirit_grade_37":3,"jujutsucraft:cursed_spirit_grade_35":5,"jujutsucraft:yoshino_junpei":2,"jujutsucraft:cursed_spirit_grade_26":1,"jujutsucraft:cursed_spirit_grade_318":11,"jujutsucraft:cursed_spirit_grade_316":11,"minecraft:cod":11,"jujutsucraft:kumiya_juzo":1,"jujutsucraft:cursed_spirit_grade_22":1,"jujutsucraft:transfigured_human_2":1,"jujutsucraft:cursed_spirit_grade_39":26,"jujutsucraft:shigemo_haruta":1,"jujutsucraft:cursed_spirit_grade_312":9,"jujutsucraft:cursed_spirit_grade_313":5,"minecraft:chicken":2,"jujutsucraft:cursed_spirit_grade_16":2,"jujutsucraft:rozetsu_shikigami":1,"jujutsucraft:cursed_spirit_grade_23":2,"jujutsucraft:cursed_spirit_grade_214":5,"jujutsucraft:cursed_spirit_grade_317":14,"jujutsucraft:cockroach_larva":23,"jujutsucraft:cursed_spirit_grade_38":8,"jujutsucraft:cursed_spirit_grade_34":18,"jujutsucraft:kurusu_hana":1,"jujutsucraft:cursed_spirit_grade_210":1,"jujutsucraft:kukuru":3,"jujutsucraft:jujutsu_sorcerer":5,"minecraft:salmon":8,"minecraft:bat":46,"jujutsucraft:coffin":1,"jujutsucraft:curse_user_1":1,"jujutsucraft:cursed_spirit_grade_211":1,"jujutsucraft:curse_user":7,"jujutsucraft:itadori_yuji":1,"minecraft:squid":2,"jujutsucraft:cursed_spirit_grade_321":25,"minecraft:sheep":7,"jujutsucraft:cursed_spirit_grade_28":1,"jujutsucraft:cursed_spirit_grade_314":14,"jujutsucraft:entity_scissors":7,"jujutsucraft:crow":1,"jujutsucraft:cursed_spirit_grade_311":7,"jujutsucraft:cursed_spirit_grade_310":11,"jujutsucraft:negi_toshihisa":2,"jujutsucraft:cursed_spirit_grade_36":29,"jujutsucraft:cursed_spirit_grade_25":2,"jujutsucraft:moon_dregs":1,"jujutsucraft:cursed_spirit_grade_315":13,"jujutsucraft:cursed_spirit_grade_212":3,"jujutsucraft:cursed_spirit_grade_319":14,"jujutsucraft:cursed_spirit_grade_322":17,"minecraft:villager":5,"jujutsucraft:q":1,"jujutsucraft:entity_tornado":1,"jujutsucraft:wooden_ball_1":2,"jujutsucraft:gravestone_3":3,"jujutsucraft:ogami":2},"minecraft:dropped":{"jujutsucraft:uniform_q_leggings":1,"minecraft:cod":7,"jujutsucraft:uniform_normal_leggings":2,"jujutsucraft:sword_okkotsu_yuta":1,"jujutsucraft:uniform_normal_chestplate":1,"minecraft:oak_boat":1,"jujutsucraft:uniform_normal_boots":1},"minecraft:mined":{"minecraft:grass_block":1,"minecraft:decorated_pot":1,"minecraft:red_bed":1,"minecraft:coarse_dirt":1,"minecraft:dirt":3},"minecraft:killed_by":{"jujutsucraft:max_elephant":1,"jujutsucraft:cursed_spirit_grade_24":4,"jujutsucraft:choso":1,"jujutsucraft:cursed_spirit_grade_01":2,"jujutsucraft:cursed_spirit_grade_38":1,"jujutsucraft:cursed_spirit_grade_15":1,"jujutsucraft:cursed_spirit_grade_311":1,"minecraft:player":4,"jujutsucraft:shikigami_pterosaur":1,"jujutsucraft:cursed_spirit_grade_16":8,"jujutsucraft:cursed_spirit_grade_14":1,"jujutsucraft:cursed_spirit_grade_312":1,"jujutsucraft:kenjaku":3,"jujutsucraft:cursed_spirit_grade_05":1,"jujutsucraft:cursed_spirit_grade_13":1,"jujutsucraft:cursed_spirit_grade_12":1,"jujutsucraft:cursed_spirit_grade_03":1,"jujutsucraft:cursed_spirit_grade_33":1,"jujutsucraft:kashimo_hajime":1,"jujutsucraft:cursed_spirit_grade_22":5,"jujutsucraft:cursed_spirit_grade_28":1,"jujutsucraft:entity_tornado":1,"jujutsucraft:miyo_rokujushi":2,"jujutsucraft:cursed_spirit_grade_110":1,"jujutsucraft:cursed_spirit_grade_08":1,"jujutsucraft:panda_normal":1,"jujutsucraft:cursed_spirit_grade_314":3,"jujutsucraft:cursed_spirit_grade_04":1,"jujutsucraft:curse_user":3,"jujutsucraft:itadori_yuji_shinjuku":1,"jujutsucraft:cursed_spirit_grade_27":2,"jujutsucraft:cursed_spirit_grade_212":1,"jujutsucraft:zenin_maki":1,"jujutsucraft:sukuna_fushiguro":3,"jujutsucraft:kurusu_hana":1,"jujutsucraft:reggie_star":2,"jujutsucraft:jogo":1,"jujutsucraft:kumiya_juzo":1,"jujutsucraft:uraume":2,"jujutsucraft:moon_dregs":2,"jujutsucraft:panda_gorilla":1,"jujutsucraft:q":1,"jujutsucraft:shigemo_haruta":2,"jujutsucraft:cursed_spirit_grade_18":1,"jujutsucraft:cursed_spirit_grade_317":2,"jujutsucraft:cursed_spirit_grade_29":1,"jujutsucraft:takaba_fumihiko":1,"jujutsucraft:cursed_spirit_grade_21":1}},"DataVersion":3465}