{"stats":{"minecraft:used":{"jujutsucraft:uniform_higuruma_leggings":1,"epicfight:skillbook":8,"minecraft:spruce_slab":1,"jujutsucraft:uniform_normal_boots":1,"jujutsucraft:nyoi_staff":3,"jujutsucraft:cursed_spirit_armoury_chestplate":1,"minecraft:torch":1,"minecraft:dirt":4,"jujutsucraft:sukuna_finger":1,"jujutsucraft:uniform_gojo_boots":1,"minecraft:spruce_stairs":1,"jujutsucraft:uniform_normal_chestplate":1,"minecraft:oak_pressure_plate":1,"minecraft:gravel":1,"jujutsucraft:uniform_higuruma_chestplate":2,"jujutsucraft:uniform_normal_leggings":1},"minecraft:dropped":{"minecraft:moss_carpet":8,"jujutsucraft:uniform_gojo_boots":1,"minecraft:lever":7,"minecraft:porkchop":3,"minecraft:wheat_seeds":1,"minecraft:oak_pressure_plate":5,"jujutsucraft:uniform_normal_leggings":1,"minecraft:crossbow":6,"minecraft:mangrove_propagule":4,"minecraft:chicken":1,"minecraft:feather":2,"minecraft:birch_pressure_plate":1,"jujutsucraft:sword_black":2,"jujutsucraft:sword_okkotsu_yuta":1,"minecraft:fern":1,"minecraft:leather":3,"minecraft:green_banner":6,"minecraft:spruce_door":6,"minecraft:grass_block":2,"minecraft:salmon":3,"jujutsucraft:uniform_normal_chestplate":1,"minecraft:dirt":2,"minecraft:gray_wool":1,"minecraft:stone":1,"minecraft:ink_sac":2,"minecraft:stone_button":1,"minecraft:torch":3,"minecraft:peony":6,"jujutsucraft:hammer":1,"minecraft:bone_meal":1,"minecraft:white_banner":3,"minecraft:sand":1,"minecraft:beef":1,"jujutsucraft:uniform_normal_boots":1,"minecraft:scaffolding":2,"minecraft:string":4,"minecraft:tripwire_hook":1,"minecraft:white_wool":1},"minecraft:picked_up":{"minecraft:chicken":1,"minecraft:leather":3,"jujutsucraft:uniform_gojo_boots":1,"minecraft:salmon":3,"minecraft:feather":2,"minecraft:tripwire_hook":1,"minecraft:fern":1,"jujutsucraft:sukuna_finger":1,"minecraft:string":4,"minecraft:white_banner":3,"minecraft:dirt":7,"minecraft:moss_carpet":8,"minecraft:birch_pressure_plate":1,"minecraft:wheat_seeds":1,"jujutsucraft:sword_black":2,"minecraft:beef":1,"jujutsucraft:supreme_martial_solution":1,"minecraft:spruce_slab":1,"jujutsucraft:sword_miwa_kasumi":1,"minecraft:scaffolding":2,"minecraft:stone":2,"minecraft:torch":4,"minecraft:oak_pressure_plate":6,"minecraft:spruce_stairs":1,"minecraft:gravel":1,"epicfight:skillbook":6,"minecraft:porkchop":3,"minecraft:sand":1,"minecraft:stone_button":1,"minecraft:ink_sac":2,"minecraft:grass_block":2,"minecraft:spruce_door":6,"minecraft:green_banner":6,"minecraft:peony":6,"jujutsucraft:hammer":1,"minecraft:crossbow":6,"minecraft:lever":7,"minecraft:bone_meal":1,"minecraft:gray_wool":1,"minecraft:mangrove_propagule":4,"minecraft:white_wool":1},"minecraft:killed":{"jujutsucraft:cursed_spirit_grade_32":6,"jujutsucraft:transfigured_human_3":1,"jujutsucraft:cursed_spirit_grade_31":3,"jujutsucraft:cursed_spirit_grade_33":4,"jujutsucraft:kukuru":1,"jujutsucraft:jujutsu_sorcerer":1,"jujutsucraft:cursed_spirit_grade_35":1,"jujutsucraft:cursed_spirit_grade_318":5,"jujutsucraft:cursed_spirit_grade_316":3,"jujutsucraft:curse_user_1":1,"jujutsucraft:curse_user":1,"jujutsucraft:transfigured_human_2":1,"jujutsucraft:cursed_spirit_grade_321":9,"jujutsucraft:miwa_kasumi":1,"jujutsucraft:cursed_spirit_grade_29":1,"jujutsucraft:cursed_spirit_grade_39":3,"minecraft:pillager":32,"jujutsucraft:cursed_spirit_grade_312":2,"jujutsucraft:cursed_spirit_grade_314":3,"jujutsucraft:cursed_spirit_grade_311":2,"minecraft:chicken":1,"jujutsucraft:cursed_spirit_grade_36":13,"jujutsucraft:cursed_spirit_grade_317":4,"jujutsucraft:cursed_spirit_grade_315":3,"jujutsucraft:cockroach_larva":3,"jujutsucraft:cursed_spirit_grade_38":2,"jujutsucraft:cursed_spirit_grade_34":2,"jujutsucraft:cursed_spirit_grade_319":5,"jujutsucraft:cursed_spirit_grade_322":6,"minecraft:tropical_fish":10,"minecraft:villager":4},"minecraft:mined":{"minecraft:grass_block":2,"minecraft:tall_grass":1,"minecraft:grass":1,"minecraft:dirt":2,"minecraft:gravel":1},"minecraft:killed_by":{"jujutsucraft:cursed_spirit_grade_25":1,"jujutsucraft:daido_hagane":1,"jujutsucraft:cursed_spirit_grade_24":1,"jujutsucraft:sukuna_fushiguro":1,"jujutsucraft:cursed_spirit_grade_36":2,"jujutsucraft:itadori_yuji":1,"minecraft:player":1,"jujutsucraft:cursed_spirit_grade_14":1,"jujutsucraft:cursed_spirit_grade_310":1,"jujutsucraft:negi_toshihisa":1,"jujutsucraft:cursed_spirit_grade_05":2,"jujutsucraft:uraume":3,"jujutsucraft:moon_dregs":2,"jujutsucraft:dhruv_lakdawalla":1,"jujutsucraft:cursed_spirit_grade_03":3,"jujutsucraft:cursed_spirit_grade_22":1,"minecraft:pillager":8,"jujutsucraft:panda_gorilla":1,"jujutsucraft:cursed_spirit_grade_19":1,"jujutsucraft:cursed_spirit_grade_18":2,"jujutsucraft:fushiguro_megumi":1,"jujutsucraft:sukuna":1,"jujutsucraft:cursed_spirit_grade_317":1,"jujutsucraft:cursed_spirit_grade_314":2,"jujutsucraft:cursed_spirit_grade_29":1,"jujutsucraft:cursed_spirit_grade_21":1,"jujutsucraft:itadori_yuji_shinjuku":1,"jujutsucraft:yaga_masamichi":1,"jujutsucraft:jujutsu_sorcerer":1},"minecraft:custom":{"minecraft:mob_kills":144,"minecraft:open_barrel":40,"minecraft:damage_dealt_resisted":19223,"minecraft:leave_game":1,"minecraft:time_since_death":704,"minecraft:sleep_in_bed":1,"minecraft:climb_one_cm":607,"minecraft:damage_resisted":17474,"minecraft:time_since_rest":727,"minecraft:damage_taken":23029,"minecraft:sprint_one_cm":887023,"minecraft:walk_one_cm":339099,"minecraft:trigger_trapped_chest":1,"minecraft:damage_dealt":10,"minecraft:drop":94,"minecraft:damage_dealt_absorbed":1656,"minecraft:swim_one_cm":46963,"minecraft:talked_to_villager":1,"minecraft:fly_one_cm":2694153,"minecraft:open_chest":68,"minecraft:crouch_one_cm":1356,"minecraft:play_time":95304,"minecraft:deaths":49,"minecraft:sneak_time":1051,"minecraft:jump":2924,"minecraft:walk_under_water_one_cm":10433,"minecraft:walk_on_water_one_cm":32162,"minecraft:total_world_time":95304,"minecraft:fall_one_cm":139145}},"DataVersion":3465}