{"stats":{"minecraft:used":{"minecraft:beetroot":3,"minecraft:moss_carpet":1,"minecraft:iron_shovel":307,"mowziesmobs:umvuthana_mask_fear":1,"farmersdelight:cabbage_rolls":31,"minecraft:spruce_slab":42,"farmersdelight:cabbage_seeds":174,"minecraft:oak_sign":1,"minecraft:shield":35,"farmersdelight:stove":3,"minecraft:chest":31,"farmersdelight:cabbage":6,"minecraft:iron_sword":140,"minecraft:rotten_flesh":2,"minecraft:iron_chestplate":1,"mowziesmobs:umvuthana_mask_bliss":1,"farmersdelight:cooked_cod_slice":5,"minecraft:carrot":13,"minecraft:snowball":1,"minecraft:stripped_spruce_log":14,"minecraft:glass":8,"farmersdelight:tomato":3,"minecraft:blue_orchid":1,"farmersdelight:rotten_tomato":18,"farmersdelight:tomato_sauce":1,"mowziesmobs:umvuthana_mask_rage":1,"minecraft:furnace":11,"minecraft:egg":670,"minecraft:stone_pickaxe":263,"minecraft:acacia_trapdoor":4,"minecraft:oak_planks":191,"minecraft:mangrove_planks":3,"minecraft:wooden_pickaxe":32,"minecraft:sandstone":4,"minecraft:composter":2,"minecraft:sugar_cane":16,"toughasnails:water_canteen":387,"minecraft:sand":25,"farmersdelight:rice":23,"minecraft:shears":227,"minecraft:melon_slice":64,"minecraft:bread":32,"minecraft:wooden_sword":4,"minecraft:andesite":4,"minecraft:oak_boat":17,"minecraft:coarse_dirt":46,"minecraft:oak_trapdoor":2,"minecraft:bone_meal":15,"minecraft:stone_sword":91,"minecraft:acacia_log":2,"toughasnails:water_purifier":1,"minecraft:stone_shovel":524,"minecraft:spruce_planks":12,"toughasnails:leaf_boots":4,"minecraft:stone_hoe":449,"minecraft:cooked_chicken":3,"minecraft:oak_door":2,"minecraft:torch":228,"farmersdelight:dumplings":15,"minecraft:dirt":638,"minecraft:wheat":2,"minecraft:hopper":1,"toughasnails:empty_canteen":31,"minecraft:cobblestone_wall":135,"minecraft:granite":1,"minecraft:spruce_fence":12,"minecraft:oak_fence_gate":21,"farmersdelight:beef_patty":2,"minecraft:wooden_axe":41,"minecraft:iron_axe":54,"minecraft:melon_seeds":9,"minecraft:smooth_basalt":1,"farmersdelight:cooking_pot":1,"minecraft:cobbled_deepslate":13,"farmersdelight:tomato_seeds":63,"minecraft:cooked_beef":8,"minecraft:acacia_planks":12,"farmersdelight:fried_egg":56,"minecraft:wheat_seeds":389,"minecraft:acacia_boat":34,"minecraft:water_bucket":77,"toughasnails:leaf_leggings":4,"minecraft:cobblestone_stairs":24,"farmersdelight:skillet":5,"minecraft:glass_bottle":32,"minecraft:cobblestone_slab":1,"farmersdelight:onion":310,"minecraft:crafting_table":27,"minecraft:white_bed":25,"minecraft:mud":1,"minecraft:diamond_pickaxe":219,"minecraft:wooden_hoe":19,"minecraft:apple":1,"create:mechanical_press":3,"minecraft:chicken":1,"minecraft:iron_pickaxe":651,"minecraft:suspicious_stew":1,"toughasnails:leaf_chestplate":4,"minecraft:acacia_fence_gate":2,"minecraft:stone_axe":333,"farmersdelight:cooked_bacon":2,"minecraft:cobblestone":221,"minecraft:potion":29,"toughasnails:purified_water_bottle":1,"minecraft:cooked_porkchop":10,"mowziesmobs:umvuthana_mask_fury":2,"toughasnails:purified_water_canteen":8,"minecraft:bucket":78,"create:hand_crank":2},"minecraft:crafted":{"minecraft:brick":24,"minecraft:oak_planks":376,"minecraft:cobblestone_slab":6,"minecraft:cooked_chicken":3,"minecraft:cobblestone_stairs":20,"toughasnails:leaf_leggings":7,"minecraft:glass":31,"minecraft:hopper":1,"minecraft:melon_seeds":134,"farmersdelight:tomato_sauce":1,"minecraft:chest":16,"toughasnails:leaf_helmet":2,"minecraft:bricks":3,"minecraft:stone_hoe":5,"farmersdelight:stove":1,"minecraft:glass_bottle":6,"farmersdelight:tomato_seeds":237,"minecraft:oak_slab":12,"toughasnails:leaf_boots":6,"minecraft:cooked_porkchop":21,"minecraft:crafting_table":12,"minecraft:spruce_planks":120,"farmersdelight:iron_knife":1,"minecraft:wooden_pickaxe":1,"minecraft:pumpkin_seeds":4,"minecraft:campfire":2,"farmersdelight:wheat_dough":75,"farmersdelight:skillet":1,"minecraft:iron_chestplate":1,"minecraft:wooden_hoe":1,"minecraft:charcoal":2,"toughasnails:water_purifier":1,"minecraft:shield":2,"minecraft:stick":184,"minecraft:iron_ingot":71,"minecraft:iron_pickaxe":5,"minecraft:stone_sword":1,"minecraft:composter":1,"minecraft:shears":2,"minecraft:wooden_sword":1,"minecraft:oak_door":3,"minecraft:stone_shovel":4,"minecraft:furnace":4,"minecraft:acacia_fence_gate":2,"minecraft:bone_meal":3,"minecraft:spruce_fence":12,"minecraft:oak_trapdoor":2,"minecraft:iron_axe":1,"farmersdelight:cabbage_rolls":2,"minecraft:spruce_slab":42,"minecraft:stone_pickaxe":2,"minecraft:cobblestone_wall":144,"farmersdelight:rice":85,"minecraft:wheat":126,"toughasnails:leaf_chestplate":7,"minecraft:iron_sword":1,"minecraft:acacia_trapdoor":4,"minecraft:bucket":1,"minecraft:stone_axe":3,"minecraft:bread":75,"minecraft:acacia_boat":3,"minecraft:air":0,"minecraft:oak_fence_gate":17,"minecraft:white_wool":1,"minecraft:white_dye":1,"minecraft:wooden_axe":1,"minecraft:iron_shovel":2,"minecraft:iron_leggings":1,"minecraft:white_bed":6,"minecraft:acacia_planks":212,"minecraft:torch":228},"minecraft:killed_by":{"minecraft:pillager":1,"sanitydim:rotting_stalker":4,"man:managgresive":7,"sanitydim:sneaking_terror":5,"minecraft:player":1,"minecraft:spider":1,"minecraft:skeleton":2,"mowziesmobs:umvuthana_raptor":1},"minecraft:broken":{"minecraft:iron_shovel":1,"toughasnails:leaf_boots":4,"toughasnails:leaf_chestplate":4,"minecraft:shears":1,"minecraft:stone_pickaxe":2,"minecraft:stone_axe":2,"minecraft:wooden_axe":1,"minecraft:stone_shovel":3,"toughasnails:leaf_leggings":4,"toughasnails:water_canteen":29,"minecraft:stone_hoe":2,"farmersdelight:golden_knife":1,"minecraft:iron_pickaxe":2,"toughasnails:purified_water_canteen":1},"minecraft:mined":{"create:deepslate_zinc_ore":19,"minecraft:white_bed":20,"minecraft:farmland":12,"minecraft:cobblestone_stairs":9,"minecraft:obsidian":1,"minecraft:granite":3,"minecraft:acacia_log":55,"minecraft:grass_block":259,"minecraft:composter":1,"farmersdelight:rice":3,"minecraft:iron_ore":77,"minecraft:moss_carpet":1,"minecraft:pumpkin":8,"minecraft:deepslate_lapis_ore":2,"create:asurine":20,"minecraft:pointed_dripstone":33,"minecraft:flowering_azalea_leaves":6,"minecraft:dirt_path":4,"farmersdelight:rice_panicles":220,"minecraft:azalea_leaves":64,"minecraft:blue_orchid":1,"create:veridium":119,"create:mechanical_press":4,"minecraft:spruce_slab":1,"minecraft:deepslate_redstone_ore":18,"minecraft:kelp_plant":3,"minecraft:melon_stem":2,"minecraft:clay":27,"minecraft:torch":16,"minecraft:melon":59,"minecraft:chest":16,"minecraft:dead_bush":1,"farmersdelight:cabbages":99,"minecraft:cobblestone":71,"minecraft:oak_planks":39,"minecraft:sugar_cane":59,"minecraft:wall_torch":5,"minecraft:cauldron":1,"farmersdelight:sandy_shrub":3,"minecraft:mud":2,"minecraft:wheat":384,"minecraft:pumpkin_stem":5,"minecraft:grass":294,"minecraft:oak_log":95,"minecraft:beetroots":2,"create:hand_crank":2,"minecraft:sand":238,"minecraft:dirt":245,"minecraft:smooth_basalt":1,"minecraft:deepslate":49,"create:crimsite":2,"minecraft:oak_leaves":88,"create:zinc_ore":62,"minecraft:tuff":2,"farmersdelight:onions":221,"minecraft:deepslate_diamond_ore":4,"minecraft:glow_lichen":3,"farmersdelight:tomatoes":7,"farmersdelight:wild_cabbages":1,"minecraft:spruce_leaves":6,"minecraft:sandstone":4,"minecraft:hay_block":14,"minecraft:redstone_ore":4,"minecraft:oak_trapdoor":1,"minecraft:furnace":9,"minecraft:carrots":14,"minecraft:andesite":76,"minecraft:stripped_spruce_log":57,"minecraft:potatoes":3,"minecraft:deepslate_iron_ore":7,"minecraft:vine":2,"minecraft:stone":280,"minecraft:acacia_leaves":76,"minecraft:dandelion":2,"minecraft:crafting_table":16,"minecraft:emerald_ore":3,"minecraft:copper_ore":1,"minecraft:deepslate_gold_ore":6,"farmersdelight:wild_beetroots":3,"farmersdelight:skillet":3,"minecraft:coarse_dirt":48,"minecraft:cobblestone_wall":19,"minecraft:jungle_fence":18,"minecraft:mangrove_planks":2,"minecraft:mangrove_leaves":6,"minecraft:coal_ore":226,"minecraft:gravel":2,"minecraft:dripstone_block":10,"farmersdelight:stove":2},"minecraft:custom":{"minecraft:interact_with_crafting_table":191,"minecraft:leave_game":19,"minecraft:time_since_death":294424,"minecraft:sprint_one_cm":2750293,"minecraft:damage_blocked_by_shield":1950,"minecraft:drop":376,"minecraft:talked_to_villager":5,"minecraft:play_time":802364,"minecraft:deaths":25,"minecraft:jump":17826,"minecraft:walk_on_water_one_cm":158832,"minecraft:interact_with_furnace":126,"minecraft:sleep_in_bed":52,"minecraft:damage_dealt":15060,"minecraft:player_kills":1,"minecraft:crouch_one_cm":143832,"minecraft:mob_kills":106,"minecraft:inspect_hopper":1,"minecraft:damage_dealt_resisted":96,"minecraft:climb_one_cm":12788,"minecraft:walk_one_cm":1894553,"minecraft:sneak_time":44573,"minecraft:walk_under_water_one_cm":45106,"minecraft:boat_one_cm":1412004,"minecraft:total_world_time":802364,"minecraft:time_since_rest":4057,"minecraft:damage_taken":10317,"minecraft:swim_one_cm":141470,"minecraft:fly_one_cm":4142675,"minecraft:open_chest":567,"minecraft:fall_one_cm":496280},"minecraft:dropped":{"farmersdelight:iron_knife":3,"minecraft:acacia_boat":4,"minecraft:porkchop":1,"minecraft:crafting_table":1,"minecraft:cooked_porkchop":14,"create:crimsite":2,"minecraft:cobblestone_stairs":3,"minecraft:dirt":64,"mowziesmobs:umvuthana_mask_bliss":1,"minecraft:cornflower":1,"minecraft:mutton":2,"minecraft:bone_meal":2,"minecraft:sand":228,"minecraft:sugar":1,"minecraft:iron_pickaxe":3,"minecraft:white_wool":1,"minecraft:stone_axe":6,"minecraft:cooked_chicken":3,"minecraft:wheat":2,"minecraft:rotten_flesh":16,"minecraft:oak_planks":450,"minecraft:white_bed":1,"minecraft:melon_seeds":1,"minecraft:acacia_sapling":8,"minecraft:arrow":2,"minecraft:glass":18,"create:mechanical_press":1,"mowziesmobs:umvuthana_mask_fury":4,"minecraft:egg":2629,"farmersdelight:tomato_seeds":4,"minecraft:stone_hoe":4,"minecraft:water_bucket":3,"minecraft:iron_ingot":13,"minecraft:bread":27,"minecraft:stripped_spruce_log":4,"minecraft:oak_slab":5,"toughasnails:water_canteen":3,"minecraft:wheat_seeds":60,"minecraft:feather":19,"minecraft:cobblestone":111,"minecraft:lead":2,"minecraft:apple":3,"minecraft:granite":1,"create:zinc_nugget":1,"minecraft:coal":207,"minecraft:stick":78,"minecraft:pufferfish":2,"minecraft:lava_bucket":1,"minecraft:torch":42,"toughasnails:leaf_boots":6,"minecraft:pumpkin":8,"toughasnails:leaf_leggings":6,"minecraft:string":1,"minecraft:lily_pad":6,"minecraft:acacia_planks":116,"minecraft:furnace":4,"minecraft:moss_carpet":1,"toughasnails:empty_canteen":2,"toughasnails:leaf_chestplate":7,"minecraft:stone_sword":5,"minecraft:cobblestone_wall":16,"farmersdelight:cabbage_seeds":4,"minecraft:stone_shovel":5,"minecraft:chicken":3,"minecraft:mangrove_door":2,"minecraft:shears":4,"minecraft:acacia_leaves":7,"minecraft:hay_block":6,"minecraft:shield":2,"minecraft:allium":2,"minecraft:iron_chestplate":1,"minecraft:golden_leggings":1,"minecraft:oak_boat":1,"minecraft:oak_sapling":17,"create:hand_crank":1,"minecraft:spider_eye":2,"minecraft:stone_pickaxe":3,"minecraft:wooden_pickaxe":1,"minecraft:brick":3},"minecraft:picked_up":{"toughasnails:leaf_leggings":15,"sereneseasons:calendar":6,"minecraft:wheat":313,"minecraft:iron_chestplate":2,"minecraft:black_carpet":4,"minecraft:lead":6,"farmersdelight:rice_panicle":199,"minecraft:potion":27,"minecraft:string":5,"minecraft:raw_copper":6,"minecraft:pufferfish":2,"minecraft:beetroot":3,"minecraft:cobbled_deepslate":59,"create:mechanical_press":4,"farmersdelight:cabbage":95,"toughasnails:leaf_boots":17,"minecraft:iron_pickaxe":6,"minecraft:azalea_leaves":63,"minecraft:melon_slice":307,"farmersdelight:cabbage_seeds":273,"minecraft:furnace":29,"minecraft:stick":222,"farmersdelight:rotten_tomato":18,"minecraft:composter":1,"minecraft:torch":166,"minecraft:acacia_log":87,"minecraft:porkchop":19,"minecraft:pointed_dripstone":64,"farmersdelight:chicken_cuts":46,"minecraft:golden_chestplate":1,"minecraft:cauldron":1,"minecraft:stone_sword":16,"farmersdelight:fried_egg":150,"minecraft:rotten_flesh":64,"farmersdelight:onion":796,"create:asurine":16,"farmersdelight:rope":25,"create:veridium":102,"minecraft:mangrove_door":4,"minecraft:obsidian":1,"farmersdelight:raw_pasta":17,"minecraft:snowball":1,"minecraft:cobblestone":1181,"minecraft:feather":66,"minecraft:cooked_beef":8,"farmersdelight:rice":3,"minecraft:water_bucket":14,"minecraft:andesite":79,"minecraft:brown_wool":6,"minecraft:acacia_leaves":76,"minecraft:golden_leggings":3,"minecraft:potato":15,"farmersdelight:bacon":2,"toughasnails:leaf_helmet":4,"create:raw_zinc":112,"farmersdelight:cooked_bacon":2,"minecraft:acacia_boat":49,"minecraft:lapis_lazuli":12,"farmersdelight:tomato":605,"minecraft:dirt":1035,"minecraft:bone":10,"minecraft:glass":50,"minecraft:acacia_planks":528,"farmersdelight:iron_knife":9,"minecraft:wheat_seeds":1001,"minecraft:raw_gold":6,"minecraft:bamboo":18,"minecraft:moss_block":4,"minecraft:stone_hoe":14,"minecraft:oak_planks":888,"minecraft:cooked_porkchop":12,"minecraft:sand":536,"minecraft:stripped_spruce_log":115,"toughasnails:water_canteen":9,"create:crimsite":8,"minecraft:sugar":2,"minecraft:diamond":4,"minecraft:granite":2,"minecraft:bone_meal":38,"minecraft:chainmail_helmet":1,"minecraft:emerald":4,"minecraft:bread":39,"minecraft:oak_sapling":63,"minecraft:oak_leaves":118,"minecraft:diamond_pickaxe":1,"minecraft:coarse_dirt":118,"minecraft:allium":4,"minecraft:mud":3,"minecraft:crafting_table":28,"minecraft:chicken":11,"minecraft:clay_ball":108,"minecraft:wooden_pickaxe":4,"minecraft:brick":3,"minecraft:shield":2,"minecraft:oak_trapdoor":1,"minecraft:moss_carpet":2,"minecraft:iron_axe":1,"minecraft:iron_shovel":1,"minecraft:blue_orchid":1,"farmersdelight:beef_patty":2,"minecraft:beef":5,"farmersdelight:straw":4,"minecraft:oak_boat":18,"minecraft:light_gray_wool":1,"minecraft:spruce_slab":2,"minecraft:sugar_cane":132,"minecraft:chest":17,"minecraft:egg":2423,"minecraft:raw_iron":119,"minecraft:sandstone":4,"farmersdelight:minced_beef":6,"minecraft:bowl":9,"minecraft:flowering_azalea_leaves":6,"farmersdelight:tomato_seeds":12,"create:hand_crank":3,"minecraft:carrot":45,"minecraft:redstone":99,"toughasnails:empty_canteen":5,"farmersdelight:cooked_cod_slice":10,"minecraft:arrow":13,"minecraft:stone_shovel":14,"farmersdelight:cooked_chicken_cuts":8,"minecraft:beetroot_seeds":24,"minecraft:shears":9,"minecraft:hay_block":20,"mowziesmobs:umvuthana_mask_bliss":6,"minecraft:glow_berries":5,"minecraft:mutton":12,"minecraft:white_wool":46,"mowziesmobs:umvuthana_mask_fury":17,"minecraft:leather":5,"minecraft:jungle_fence":36,"minecraft:filled_map":2,"minecraft:oak_log":192,"minecraft:lily_pad":22,"toughasnails:purified_water_bottle":2,"minecraft:cobblestone_wall":73,"minecraft:gunpowder":5,"minecraft:cobblestone_stairs":14,"farmersdelight:skillet":3,"farmersdelight:flint_knife":2,"minecraft:wooden_hoe":1,"minecraft:paper":24,"minecraft:white_banner":1,"man:cassette_1safetyinstructions":2,"minecraft:apple":8,"farmersdelight:cooking_pot":1,"mowziesmobs:umvuthana_mask_rage":4,"minecraft:kelp":23,"minecraft:iron_ingot":40,"minecraft:oak_fence_gate":8,"minecraft:stone_pickaxe":14,"minecraft:cooked_chicken":8,"minecraft:glass_bottle":6,"farmersdelight:dumplings":16,"minecraft:mangrove_planks":3,"mowziesmobs:umvuthana_mask_misery":1,"minecraft:iron_sword":1,"minecraft:acacia_sapling":36,"toughasnails:leaf_chestplate":16,"minecraft:oak_slab":10,"minecraft:smooth_basalt":1,"minecraft:pumpkin":24,"minecraft:dripstone_block":24,"minecraft:gravel":1,"minecraft:lava_bucket":1,"minecraft:spruce_sapling":2,"minecraft:white_bed":24,"minecraft:spider_eye":3,"farmersdelight:cabbage_leaf":162,"minecraft:mangrove_leaves":5,"minecraft:pumpkin_seeds":3,"minecraft:slime_ball":6,"minecraft:stone_axe":20,"create:zinc_nugget":1,"mowziesmobs:umvuthana_mask_fear":5,"minecraft:melon_seeds":6,"minecraft:black_wool":2,"farmersdelight:stove":2,"minecraft:coal":580,"minecraft:ender_pearl":1},"minecraft:killed":{"minecraft:witch":1,"minecraft:spider":9,"minecraft:skeleton":6,"minecraft:chicken":12,"minecraft:pig":8,"minecraft:creeper":5,"minecraft:sheep":6,"minecraft:pillager":3,"minecraft:zombie":31,"mowziesmobs:umvuthana_raptor":2,"minecraft:cow":3,"minecraft:slime":8,"minecraft:wandering_trader":1,"mowziesmobs:umvuthana_follower_raptor":8,"minecraft:enderman":1}},"DataVersion":3465}