{"stats":{"minecraft:used":{"epicfight:skillbook":7,"jujutsucraft:uniform_higuruma_leggings":1,"jujutsucraft:uniform_normal_boots":1,"minecraft:gravel":1,"jujutsucraft:nyoi_staff":3,"minecraft:dirt":4,"jujutsucraft:uniform_gojo_boots":1,"jujutsucraft:uniform_normal_leggings":1,"jujutsucraft:uniform_higuruma_chestplate":1,"jujutsucraft:uniform_normal_chestplate":1},"minecraft:dropped":{"jujutsucraft:sword_black":1},"minecraft:picked_up":{"jujutsucraft:uniform_gojo_boots":1,"minecraft:gravel":1,"epicfight:skillbook":5,"minecraft:dirt":4,"minecraft:white_banner":3,"minecraft:wheat_seeds":1,"jujutsucraft:sword_black":2,"minecraft:crossbow":5,"jujutsucraft:hammer":1},"minecraft:killed":{"jujutsucraft:cursed_spirit_grade_32":2,"jujutsucraft:cursed_spirit_grade_39":1,"jujutsucraft:cursed_spirit_grade_31":1,"minecraft:pillager":26,"jujutsucraft:cursed_spirit_grade_312":2,"jujutsucraft:cursed_spirit_grade_314":3,"jujutsucraft:jujutsu_sorcerer":1,"jujutsucraft:cursed_spirit_grade_36":4,"jujutsucraft:cursed_spirit_grade_34":1,"jujutsucraft:cockroach_larva":1,"jujutsucraft:cursed_spirit_grade_318":2,"jujutsucraft:cursed_spirit_grade_38":2,"jujutsucraft:cursed_spirit_grade_316":1,"jujutsucraft:cursed_spirit_grade_319":1,"jujutsucraft:curse_user":1,"jujutsucraft:cursed_spirit_grade_322":1,"minecraft:villager":1,"jujutsucraft:cursed_spirit_grade_321":5},"minecraft:mined":{"minecraft:grass":1,"minecraft:grass_block":2,"minecraft:gravel":1,"minecraft:dirt":2,"minecraft:tall_grass":1},"minecraft:killed_by":{"jujutsucraft:cursed_spirit_grade_25":1,"jujutsucraft:cursed_spirit_grade_24":1,"jujutsucraft:cursed_spirit_grade_36":2,"minecraft:player":1,"jujutsucraft:cursed_spirit_grade_14":1,"jujutsucraft:fushiguro_megumi":1,"jujutsucraft:cursed_spirit_grade_317":1,"jujutsucraft:cursed_spirit_grade_314":2,"jujutsucraft:cursed_spirit_grade_05":2,"jujutsucraft:cursed_spirit_grade_21":1,"jujutsucraft:moon_dregs":1,"jujutsucraft:cursed_spirit_grade_03":2,"minecraft:pillager":7},"minecraft:custom":{"minecraft:time_since_rest":933,"minecraft:sprint_one_cm":281276,"minecraft:damage_taken":8875,"minecraft:walk_one_cm":128767,"minecraft:mob_kills":58,"minecraft:drop":1,"minecraft:damage_dealt":10,"minecraft:talked_to_villager":1,"minecraft:swim_one_cm":11211,"minecraft:fly_one_cm":531483,"minecraft:open_barrel":24,"minecraft:open_chest":49,"minecraft:crouch_one_cm":310,"minecraft:play_time":29477,"minecraft:deaths":24,"minecraft:sneak_time":21,"minecraft:walk_under_water_one_cm":1039,"minecraft:jump":974,"minecraft:damage_dealt_resisted":4274,"minecraft:time_since_death":910,"minecraft:walk_on_water_one_cm":3979,"minecraft:total_world_time":29477,"minecraft:damage_resisted":1006,"minecraft:fall_one_cm":31554}},"DataVersion":3465}