{"stats":{"minecraft:used":{"minecraft:beetroot":3,"minecraft:acacia_boat":2,"minecraft:moss_carpet":1,"minecraft:acacia_log":2,"minecraft:glass_bottle":13,"minecraft:acacia_trapdoor":4,"minecraft:stone_pickaxe":83,"minecraft:oak_planks":16,"minecraft:chest":3,"minecraft:wooden_pickaxe":32,"minecraft:rotten_flesh":1,"mowziesmobs:umvuthana_mask_bliss":1,"minecraft:torch":7,"minecraft:dirt":26,"minecraft:crafting_table":7,"minecraft:white_bed":2,"minecraft:wooden_hoe":19,"minecraft:wooden_axe":41,"minecraft:bread":2,"minecraft:suspicious_stew":1,"minecraft:acacia_fence_gate":2,"minecraft:stone_axe":102,"minecraft:wooden_sword":4,"minecraft:cobblestone":27,"minecraft:potion":12,"mowziesmobs:umvuthana_mask_fury":1,"minecraft:furnace":5,"minecraft:cooked_beef":3,"minecraft:acacia_planks":10},"minecraft:crafted":{"minecraft:glass_bottle":6,"minecraft:wooden_sword":1,"minecraft:oak_planks":16,"minecraft:crafting_table":4,"minecraft:wooden_pickaxe":1,"minecraft:acacia_trapdoor":4,"minecraft:furnace":2,"minecraft:acacia_fence_gate":2,"minecraft:bone_meal":3,"minecraft:stone_axe":1,"minecraft:acacia_boat":2,"minecraft:bread":9,"minecraft:air":0,"minecraft:glass":15,"minecraft:white_wool":1,"minecraft:wooden_hoe":1,"minecraft:white_dye":1,"minecraft:stick":32,"minecraft:stone_pickaxe":1,"minecraft:wooden_axe":1,"minecraft:chest":2,"minecraft:white_bed":1,"minecraft:acacia_planks":212,"minecraft:torch":8},"minecraft:broken":{"minecraft:wooden_axe":1},"minecraft:killed_by":{"man:managgresive":1,"sanitydim:sneaking_terror":1,"minecraft:player":1,"mowziesmobs:umvuthana_raptor":1},"minecraft:mined":{"minecraft:acacia_leaves":4,"minecraft:white_bed":1,"minecraft:crafting_table":2,"minecraft:acacia_log":55,"minecraft:grass_block":9,"minecraft:chest":1,"farmersdelight:wild_cabbages":1,"minecraft:sugar_cane":4,"farmersdelight:wild_beetroots":3,"farmersdelight:sandy_shrub":3,"minecraft:furnace":3,"minecraft:moss_carpet":1,"minecraft:grass":4,"minecraft:oak_log":48,"minecraft:coal_ore":21,"minecraft:sand":22,"minecraft:dirt":14,"minecraft:azalea_leaves":1,"minecraft:stone":83,"create:crimsite":2},"minecraft:dropped":{"minecraft:moss_carpet":1,"minecraft:acacia_planks":12},"minecraft:custom":{"minecraft:interact_with_furnace":14,"minecraft:mob_kills":18,"minecraft:interact_with_crafting_table":18,"minecraft:damage_dealt_resisted":18,"minecraft:time_since_death":16260,"minecraft:sleep_in_bed":5,"minecraft:time_since_rest":7231,"minecraft:sprint_one_cm":209513,"minecraft:damage_taken":1955,"minecraft:walk_one_cm":188500,"minecraft:drop":13,"minecraft:damage_dealt":2512,"minecraft:swim_one_cm":56338,"minecraft:talked_to_villager":3,"minecraft:fly_one_cm":395468,"minecraft:open_chest":18,"minecraft:crouch_one_cm":11941,"minecraft:play_time":79933,"minecraft:sneak_time":4968,"minecraft:deaths":6,"minecraft:walk_under_water_one_cm":3736,"minecraft:boat_one_cm":294426,"minecraft:jump":1705,"minecraft:walk_on_water_one_cm":21351,"minecraft:total_world_time":79933,"minecraft:fall_one_cm":58566},"minecraft:picked_up":{"mowziesmobs:umvuthana_mask_fury":1,"minecraft:crafting_table":6,"minecraft:wheat":28,"minecraft:feather":16,"minecraft:cooked_beef":3,"minecraft:lead":2,"minecraft:wooden_pickaxe":2,"minecraft:potato":9,"minecraft:filled_map":2,"minecraft:potion":1,"minecraft:oak_log":97,"minecraft:acacia_boat":2,"farmersdelight:flint_knife":2,"minecraft:string":1,"minecraft:dirt":31,"minecraft:paper":24,"minecraft:moss_carpet":2,"man:cassette_1safetyinstructions":2,"minecraft:bone":1,"minecraft:acacia_planks":158,"minecraft:beetroot":3,"minecraft:apple":1,"minecraft:stone_pickaxe":3,"minecraft:light_gray_wool":1,"minecraft:glass_bottle":3,"minecraft:moss_block":4,"minecraft:sugar_cane":20,"minecraft:chest":1,"minecraft:acacia_sapling":19,"farmersdelight:cabbage_seeds":2,"minecraft:furnace":3,"minecraft:stick":44,"minecraft:torch":7,"minecraft:bowl":9,"minecraft:acacia_log":87,"minecraft:sand":22,"farmersdelight:tomato_seeds":1,"minecraft:white_bed":1,"minecraft:arrow":3,"create:crimsite":4,"minecraft:rotten_flesh":15,"minecraft:stone_axe":3,"minecraft:beetroot_seeds":20,"farmersdelight:onion":8,"mowziesmobs:umvuthana_mask_bliss":2,"farmersdelight:rope":25,"minecraft:oak_sapling":19,"minecraft:mutton":9,"minecraft:coal":22,"minecraft:white_wool":6,"minecraft:cobblestone":247},"minecraft:killed":{"minecraft:spider":2,"minecraft:wandering_trader":1,"mowziesmobs:umvuthana_follower_raptor":2,"minecraft:sheep":5,"minecraft:skeleton":2,"minecraft:zombie":5,"mowziesmobs:umvuthana_raptor":1}},"DataVersion":3465}