{"stats":{"minecraft:crafted":{"minecraft:wooden_sword":1,"minecraft:oak_planks":16,"minecraft:stone_shovel":1,"minecraft:furnace":2,"minecraft:acacia_fence_gate":2,"minecraft:bone_meal":3,"minecraft:glass":15,"minecraft:stone_pickaxe":2,"minecraft:chest":3,"minecraft:stone_hoe":1,"minecraft:glass_bottle":6,"minecraft:crafting_table":5,"minecraft:wooden_pickaxe":1,"minecraft:acacia_trapdoor":4,"minecraft:bucket":1,"minecraft:stone_axe":1,"minecraft:bread":9,"minecraft:acacia_boat":3,"minecraft:air":0,"minecraft:white_wool":1,"minecraft:wooden_hoe":1,"minecraft:charcoal":1,"toughasnails:water_purifier":1,"minecraft:white_dye":1,"minecraft:stick":44,"minecraft:iron_ingot":6,"minecraft:wooden_axe":1,"minecraft:stone_sword":1,"minecraft:white_bed":1,"minecraft:acacia_planks":212,"minecraft:torch":20},"minecraft:used":{"minecraft:beetroot":3,"minecraft:moss_carpet":1,"minecraft:stone_sword":22,"minecraft:acacia_log":2,"toughasnails:water_purifier":1,"minecraft:stone_shovel":115,"minecraft:chest":4,"minecraft:stone_hoe":97,"minecraft:rotten_flesh":1,"minecraft:torch":16,"mowziesmobs:umvuthana_mask_bliss":1,"minecraft:dirt":132,"minecraft:wooden_axe":41,"minecraft:furnace":5,"minecraft:cooked_beef":6,"minecraft:acacia_planks":12,"minecraft:wheat_seeds":15,"minecraft:acacia_boat":4,"minecraft:water_bucket":3,"minecraft:glass_bottle":32,"minecraft:acacia_trapdoor":4,"minecraft:stone_pickaxe":168,"minecraft:oak_planks":16,"minecraft:wooden_pickaxe":32,"minecraft:sand":4,"minecraft:crafting_table":9,"minecraft:white_bed":2,"minecraft:mud":1,"minecraft:wooden_hoe":19,"minecraft:bread":2,"minecraft:suspicious_stew":1,"minecraft:acacia_fence_gate":2,"minecraft:stone_axe":105,"minecraft:wooden_sword":4,"minecraft:cobblestone":40,"minecraft:potion":27,"mowziesmobs:umvuthana_mask_fury":2,"minecraft:bucket":4},"minecraft:broken":{"minecraft:stone_pickaxe":1,"minecraft:wooden_axe":1},"minecraft:killed_by":{"minecraft:player":1,"minecraft:spider":1,"sanitydim:rotting_stalker":1,"man:managgresive":1,"sanitydim:sneaking_terror":1,"minecraft:skeleton":1,"mowziesmobs:umvuthana_raptor":1},"minecraft:mined":{"minecraft:white_bed":1,"minecraft:acacia_log":55,"minecraft:grass_block":91,"farmersdelight:wild_cabbages":1,"minecraft:furnace":3,"minecraft:iron_ore":6,"minecraft:moss_carpet":1,"minecraft:azalea_leaves":1,"minecraft:stone":158,"minecraft:acacia_leaves":4,"minecraft:crafting_table":4,"minecraft:torch":5,"minecraft:chest":1,"minecraft:sugar_cane":4,"minecraft:wall_torch":1,"farmersdelight:wild_beetroots":3,"farmersdelight:sandy_shrub":3,"minecraft:mud":1,"minecraft:wheat":7,"minecraft:grass":70,"minecraft:oak_log":49,"minecraft:coal_ore":22,"minecraft:sand":31,"minecraft:dirt":39,"create:crimsite":2},"minecraft:dropped":{"minecraft:acacia_planks":12,"minecraft:moss_carpet":1},"minecraft:custom":{"minecraft:mob_kills":24,"minecraft:interact_with_crafting_table":38,"minecraft:damage_dealt_resisted":18,"minecraft:leave_game":1,"minecraft:time_since_death":4243,"minecraft:sprint_one_cm":365298,"minecraft:walk_one_cm":354445,"minecraft:drop":13,"minecraft:talked_to_villager":3,"minecraft:play_time":133252,"minecraft:deaths":9,"minecraft:sneak_time":8692,"minecraft:walk_under_water_one_cm":3832,"minecraft:boat_one_cm":447606,"minecraft:jump":2948,"minecraft:walk_on_water_one_cm":32101,"minecraft:total_world_time":133252,"minecraft:interact_with_furnace":35,"minecraft:sleep_in_bed":8,"minecraft:time_since_rest":4265,"minecraft:damage_taken":2733,"minecraft:damage_dealt":3473,"minecraft:swim_one_cm":58740,"minecraft:fly_one_cm":711798,"minecraft:open_chest":28,"minecraft:crouch_one_cm":21708,"minecraft:fall_one_cm":93115},"minecraft:picked_up":{"minecraft:mud":1,"minecraft:crafting_table":9,"minecraft:wheat":28,"minecraft:lead":2,"minecraft:wooden_pickaxe":2,"minecraft:potion":17,"minecraft:string":1,"minecraft:moss_carpet":2,"minecraft:beetroot":3,"minecraft:light_gray_wool":1,"minecraft:sugar_cane":20,"minecraft:chest":1,"farmersdelight:cabbage_seeds":2,"minecraft:furnace":3,"minecraft:stick":46,"minecraft:raw_iron":12,"minecraft:acacia_log":87,"minecraft:torch":25,"minecraft:bowl":9,"farmersdelight:tomato_seeds":1,"minecraft:stone_sword":2,"minecraft:arrow":6,"minecraft:rotten_flesh":19,"minecraft:stone_shovel":1,"minecraft:beetroot_seeds":20,"farmersdelight:onion":8,"farmersdelight:rope":25,"mowziesmobs:umvuthana_mask_bliss":2,"minecraft:mutton":9,"minecraft:white_wool":6,"minecraft:cobblestone":455,"mowziesmobs:umvuthana_mask_fury":3,"minecraft:feather":21,"minecraft:cooked_beef":6,"minecraft:water_bucket":1,"minecraft:potato":9,"minecraft:filled_map":2,"minecraft:oak_log":98,"minecraft:acacia_boat":5,"farmersdelight:flint_knife":2,"minecraft:wooden_hoe":1,"minecraft:paper":24,"minecraft:dirt":141,"man:cassette_1safetyinstructions":2,"minecraft:glass":5,"minecraft:bone":2,"minecraft:acacia_planks":228,"minecraft:apple":1,"minecraft:wheat_seeds":15,"minecraft:iron_ingot":3,"minecraft:stone_pickaxe":5,"minecraft:glass_bottle":5,"minecraft:moss_block":4,"minecraft:acacia_sapling":19,"minecraft:stone_hoe":1,"minecraft:sand":29,"minecraft:white_bed":1,"create:crimsite":4,"minecraft:stone_axe":5,"minecraft:oak_sapling":19,"minecraft:coal":23},"minecraft:killed":{"minecraft:spider":3,"minecraft:skeleton":3,"minecraft:wandering_trader":1,"mowziesmobs:umvuthana_follower_raptor":2,"minecraft:sheep":5,"minecraft:zombie":9,"mowziesmobs:umvuthana_raptor":1}},"DataVersion":3465}