{"stats":{"minecraft:crafted":{"minecraft:wooden_sword":1,"minecraft:oak_planks":252,"minecraft:stone_shovel":1,"minecraft:furnace":2,"minecraft:acacia_fence_gate":2,"minecraft:bone_meal":3,"minecraft:glass":15,"minecraft:stone_pickaxe":2,"minecraft:chest":5,"minecraft:stone_hoe":1,"minecraft:glass_bottle":6,"minecraft:crafting_table":6,"farmersdelight:iron_knife":1,"minecraft:wooden_pickaxe":1,"minecraft:acacia_trapdoor":4,"minecraft:bucket":1,"minecraft:stone_axe":2,"minecraft:bread":9,"minecraft:acacia_boat":3,"minecraft:air":0,"minecraft:white_wool":1,"minecraft:wooden_hoe":1,"minecraft:charcoal":1,"toughasnails:water_purifier":1,"minecraft:white_dye":1,"minecraft:stick":48,"minecraft:iron_ingot":6,"minecraft:wooden_axe":1,"minecraft:stone_sword":1,"minecraft:white_bed":1,"minecraft:acacia_planks":212,"minecraft:torch":20,"minecraft:shears":1},"minecraft:used":{"minecraft:beetroot":3,"minecraft:moss_carpet":1,"minecraft:stone_sword":30,"minecraft:acacia_log":2,"toughasnails:water_purifier":1,"minecraft:stone_shovel":132,"minecraft:chest":10,"toughasnails:leaf_boots":1,"minecraft:stone_hoe":99,"minecraft:rotten_flesh":2,"minecraft:torch":22,"mowziesmobs:umvuthana_mask_bliss":1,"minecraft:dirt":150,"minecraft:wooden_axe":41,"minecraft:furnace":5,"minecraft:cooked_beef":6,"minecraft:acacia_planks":12,"minecraft:wheat_seeds":16,"minecraft:acacia_boat":8,"minecraft:water_bucket":3,"toughasnails:leaf_leggings":1,"minecraft:glass_bottle":32,"minecraft:acacia_trapdoor":4,"minecraft:stone_pickaxe":179,"minecraft:oak_planks":149,"minecraft:wooden_pickaxe":32,"minecraft:sand":4,"minecraft:crafting_table":10,"minecraft:white_bed":2,"minecraft:mud":1,"minecraft:wooden_hoe":19,"minecraft:apple":1,"minecraft:bread":2,"minecraft:suspicious_stew":1,"toughasnails:leaf_chestplate":1,"minecraft:acacia_fence_gate":2,"minecraft:stone_axe":135,"minecraft:wooden_sword":4,"minecraft:cobblestone":88,"minecraft:potion":29,"toughasnails:purified_water_bottle":1,"mowziesmobs:umvuthana_mask_fury":2,"minecraft:bucket":4},"minecraft:broken":{"minecraft:stone_pickaxe":1,"minecraft:stone_axe":1,"minecraft:wooden_axe":1,"minecraft:stone_shovel":1},"minecraft:killed_by":{"minecraft:player":1,"minecraft:spider":1,"sanitydim:rotting_stalker":3,"man:managgresive":1,"sanitydim:sneaking_terror":2,"minecraft:skeleton":1,"mowziesmobs:umvuthana_raptor":1},"minecraft:mined":{"minecraft:white_bed":1,"minecraft:acacia_log":55,"minecraft:grass_block":109,"farmersdelight:wild_cabbages":1,"minecraft:furnace":3,"minecraft:iron_ore":6,"minecraft:moss_carpet":1,"minecraft:azalea_leaves":1,"minecraft:stone":158,"minecraft:acacia_leaves":4,"minecraft:crafting_table":4,"minecraft:torch":5,"minecraft:chest":5,"minecraft:oak_planks":11,"minecraft:sugar_cane":4,"minecraft:wall_torch":1,"farmersdelight:wild_beetroots":3,"farmersdelight:sandy_shrub":3,"minecraft:mud":1,"minecraft:wheat":7,"minecraft:grass":71,"minecraft:oak_log":64,"minecraft:coal_ore":33,"minecraft:sand":57,"minecraft:dirt":39,"create:crimsite":2},"minecraft:dropped":{"minecraft:acacia_planks":12,"minecraft:moss_carpet":1,"minecraft:shears":1},"minecraft:custom":{"minecraft:mob_kills":28,"minecraft:interact_with_crafting_table":50,"minecraft:damage_dealt_resisted":18,"minecraft:leave_game":3,"minecraft:time_since_death":9961,"minecraft:climb_one_cm":71,"minecraft:sprint_one_cm":477689,"minecraft:walk_one_cm":465412,"minecraft:drop":14,"minecraft:talked_to_villager":3,"minecraft:play_time":169224,"minecraft:deaths":12,"minecraft:sneak_time":10024,"minecraft:walk_under_water_one_cm":5254,"minecraft:boat_one_cm":510156,"minecraft:jump":3903,"minecraft:walk_on_water_one_cm":41000,"minecraft:total_world_time":169224,"minecraft:interact_with_furnace":35,"minecraft:sleep_in_bed":8,"minecraft:time_since_rest":9983,"minecraft:damage_taken":3521,"minecraft:damage_dealt":3828,"minecraft:swim_one_cm":58740,"minecraft:fly_one_cm":945485,"minecraft:open_chest":41,"minecraft:crouch_one_cm":27694,"minecraft:fall_one_cm":121689},"minecraft:picked_up":{"toughasnails:leaf_leggings":3,"minecraft:mud":1,"minecraft:crafting_table":9,"minecraft:wheat":28,"minecraft:chicken":3,"minecraft:lead":4,"minecraft:wooden_pickaxe":3,"minecraft:potion":27,"minecraft:string":2,"minecraft:moss_carpet":2,"minecraft:beetroot":3,"toughasnails:leaf_boots":3,"minecraft:light_gray_wool":1,"minecraft:sugar_cane":20,"minecraft:chest":5,"farmersdelight:cabbage_seeds":2,"minecraft:egg":1,"minecraft:furnace":3,"minecraft:stick":85,"minecraft:raw_iron":12,"minecraft:acacia_log":87,"minecraft:torch":54,"minecraft:bowl":9,"farmersdelight:tomato_seeds":1,"toughasnails:empty_canteen":1,"minecraft:stone_sword":5,"minecraft:arrow":8,"minecraft:rotten_flesh":26,"minecraft:stone_shovel":2,"minecraft:beetroot_seeds":20,"farmersdelight:onion":8,"farmersdelight:rope":25,"mowziesmobs:umvuthana_mask_bliss":3,"minecraft:mangrove_door":2,"minecraft:mutton":9,"minecraft:white_wool":6,"minecraft:cobblestone":570,"mowziesmobs:umvuthana_mask_fury":6,"minecraft:feather":36,"minecraft:cooked_beef":6,"minecraft:water_bucket":3,"minecraft:potato":9,"minecraft:filled_map":2,"minecraft:oak_log":161,"toughasnails:purified_water_bottle":2,"minecraft:acacia_boat":12,"farmersdelight:flint_knife":2,"minecraft:wooden_hoe":1,"minecraft:paper":24,"minecraft:dirt":178,"man:cassette_1safetyinstructions":2,"farmersdelight:iron_knife":1,"minecraft:glass":14,"minecraft:bone":2,"minecraft:acacia_planks":320,"minecraft:apple":3,"minecraft:wheat_seeds":17,"minecraft:iron_ingot":7,"minecraft:stone_pickaxe":8,"minecraft:glass_bottle":6,"minecraft:oak_planks":51,"minecraft:moss_block":4,"minecraft:acacia_sapling":27,"minecraft:stone_hoe":4,"toughasnails:leaf_chestplate":3,"minecraft:sand":70,"minecraft:white_bed":1,"create:crimsite":6,"minecraft:stone_axe":8,"minecraft:bone_meal":2,"minecraft:oak_sapling":37,"minecraft:coal":56},"minecraft:killed":{"minecraft:spider":3,"minecraft:skeleton":3,"minecraft:chicken":3,"minecraft:wandering_trader":1,"mowziesmobs:umvuthana_follower_raptor":3,"minecraft:sheep":5,"minecraft:zombie":9,"mowziesmobs:umvuthana_raptor":1}},"DataVersion":3465}