{"stats":{"minecraft:dropped":{"minecraft:beef":1},"minecraft:custom":{"minecraft:jump":150,"minecraft:time_since_rest":2857,"minecraft:damage_dealt":96,"minecraft:sprint_one_cm":31421,"minecraft:play_time":2857,"minecraft:damage_taken":40,"minecraft:time_since_death":2857,"minecraft:walk_one_cm":8315,"minecraft:total_world_time":2857,"minecraft:mob_kills":1,"minecraft:drop":1,"minecraft:fall_one_cm":3876,"minecraft:fly_one_cm":41769},"minecraft:killed":{"minecraft:cow":1},"minecraft:picked_up":{"minecraft:beef":1},"minecraft:used":{"jujutsucraft:uniform_normal_boots":1,"jujutsucraft:uniform_normal_chestplate":1,"jujutsucraft:uniform_normal_leggings":1}},"DataVersion":3465}