{"stats":{"minecraft:killed":{"minecraft:sheep":2,"jujutsucraft:transfigured_human_3":1,"jujutsucraft:cursed_spirit_grade_39":1,"jujutsucraft:cursed_spirit_grade_33":1,"jujutsucraft:cursed_spirit_grade_312":1,"jujutsucraft:cursed_spirit_grade_314":1,"minecraft:pig":3,"minecraft:bee":3,"jujutsucraft:cursed_spirit_grade_310":2,"jujutsucraft:cursed_spirit_grade_36":2,"jujutsucraft:cursed_spirit_grade_316":1,"minecraft:cod":7,"minecraft:turtle":1,"jujutsucraft:cursed_spirit_grade_318":1,"jujutsucraft:cursed_spirit_grade_315":1,"jujutsucraft:cursed_spirit_grade_38":1,"jujutsucraft:cursed_spirit_grade_34":2,"jujutsucraft:cursed_spirit_grade_319":1,"jujutsucraft:cursed_spirit_grade_322":2,"minecraft:squid":2,"jujutsucraft:cursed_spirit_grade_321":1,"minecraft:cow":2},"minecraft:dropped":{"jujutsucraft:uniform_normal_leggings":1,"minecraft:seagrass":2,"minecraft:beef":1,"jujutsucraft:uniform_normal_boots":1,"jujutsucraft:uniform_normal_chestplate":1},"minecraft:mined":{"minecraft:bee_nest":1,"minecraft:oak_log":5},"minecraft:used":{"jujutsucraft:clothes_uraume_chestplate":1,"jujutsucraft:clothes_uraume_boots":1,"jujutsucraft:uniform_normal_boots":1,"jujutsucraft:clothes_uraume_helmet":1,"minecraft:crafting_table":1,"jujutsucraft:uniform_normal_leggings":1,"jujutsucraft:clothes_uraume_leggings":1,"jujutsucraft:uniform_normal_chestplate":1},"minecraft:custom":{"minecraft:time_since_rest":1966,"minecraft:sprint_one_cm":250496,"minecraft:damage_taken":1509,"minecraft:walk_one_cm":81750,"minecraft:mob_kills":41,"minecraft:drop":5,"minecraft:damage_dealt":157,"minecraft:swim_one_cm":2040,"minecraft:fly_one_cm":529274,"minecraft:crouch_one_cm":891,"minecraft:play_time":26811,"minecraft:deaths":3,"minecraft:sneak_time":78,"minecraft:walk_under_water_one_cm":578,"minecraft:jump":1085,"minecraft:damage_dealt_resisted":2885,"minecraft:leave_game":2,"minecraft:time_since_death":1943,"minecraft:walk_on_water_one_cm":4898,"minecraft:total_world_time":26811,"minecraft:damage_resisted":16,"minecraft:fall_one_cm":29407},"minecraft:crafted":{"minecraft:oak_planks":16,"minecraft:crafting_table":1,"minecraft:stick":4},"minecraft:picked_up":{"minecraft:seagrass":3,"minecraft:oak_log":4,"minecraft:beef":1,"minecraft:mutton":2,"minecraft:white_wool":1},"minecraft:killed_by":{"jujutsucraft:kechizu":1,"jujutsucraft:cursed_spirit_grade_314":1,"jujutsucraft:jujutsu_sorcerer":1}},"DataVersion":3465}