{"stats":{"minecraft:killed":{"jujutsucraft:cursed_spirit_grade_32":1,"jujutsucraft:transfigured_human_3":1,"jujutsucraft:cursed_spirit_grade_33":2,"minecraft:pig":3,"minecraft:salmon":5,"jujutsucraft:cursed_spirit_grade_318":3,"jujutsucraft:cursed_spirit_grade_316":1,"jujutsucraft:curse_user_1":1,"minecraft:cod":7,"minecraft:squid":5,"jujutsucraft:cursed_spirit_grade_321":5,"minecraft:sheep":2,"jujutsucraft:cursed_spirit_grade_39":1,"jujutsucraft:cursed_spirit_grade_312":2,"jujutsucraft:cursed_spirit_grade_314":3,"jujutsucraft:crow":1,"minecraft:bee":3,"jujutsucraft:cursed_spirit_grade_310":3,"minecraft:chicken":2,"jujutsucraft:cursed_spirit_grade_36":4,"jujutsucraft:cursed_spirit_grade_317":4,"jujutsucraft:cursed_spirit_grade_315":2,"minecraft:turtle":1,"jujutsucraft:cursed_spirit_grade_38":1,"jujutsucraft:cursed_spirit_grade_34":4,"jujutsucraft:cursed_spirit_grade_319":1,"jujutsucraft:cursed_spirit_grade_322":2,"minecraft:cow":6},"minecraft:dropped":{"jujutsucraft:uniform_normal_leggings":1,"minecraft:chicken":4,"minecraft:feather":4,"minecraft:leather":4,"minecraft:salmon":1,"jujutsucraft:uniform_normal_chestplate":1,"minecraft:mutton":4,"minecraft:seagrass":4,"minecraft:beef":7,"jujutsucraft:uniform_normal_boots":1,"minecraft:white_wool":1,"minecraft:egg":2},"minecraft:mined":{"minecraft:bee_nest":1,"minecraft:grass":1,"minecraft:oak_log":5},"minecraft:used":{"jujutsucraft:clothes_uraume_boots":1,"minecraft:oak_planks":2,"jujutsucraft:garuda_item":1,"jujutsucraft:uniform_normal_boots":1,"jujutsucraft:clothes_uraume_helmet":1,"minecraft:crafting_table":1,"jujutsucraft:uniform_normal_chestplate":1,"jujutsucraft:clothes_uraume_chestplate":1,"jujutsucraft:uniform_normal_leggings":1,"jujutsucraft:clothes_uraume_leggings":1},"minecraft:custom":{"minecraft:mob_kills":78,"minecraft:damage_dealt_resisted":7267,"minecraft:leave_game":2,"minecraft:time_since_death":182,"minecraft:damage_resisted":511,"minecraft:time_since_rest":219,"minecraft:sprint_one_cm":351912,"minecraft:damage_taken":3488,"minecraft:walk_one_cm":128201,"minecraft:drop":31,"minecraft:damage_dealt":432,"minecraft:damage_dealt_absorbed":126,"minecraft:swim_one_cm":4222,"minecraft:fly_one_cm":800475,"minecraft:crouch_one_cm":963,"minecraft:play_time":38811,"minecraft:deaths":8,"minecraft:sneak_time":114,"minecraft:walk_under_water_one_cm":2307,"minecraft:jump":1579,"minecraft:walk_on_water_one_cm":10550,"minecraft:total_world_time":38811,"minecraft:fall_one_cm":48085},"minecraft:crafted":{"minecraft:oak_planks":16,"minecraft:crafting_table":1,"minecraft:stick":4},"minecraft:picked_up":{"minecraft:seagrass":4,"minecraft:feather":4,"minecraft:chicken":4,"minecraft:salmon":1,"minecraft:leather":4,"minecraft:oak_log":4,"jujutsucraft:garuda_item":1,"minecraft:beef":7,"minecraft:egg":2,"minecraft:mutton":4,"minecraft:white_wool":2},"minecraft:killed_by":{"jujutsucraft:kechizu":1,"jujutsucraft:moon_dregs":1,"jujutsucraft:mimiko":1,"jujutsucraft:cursed_spirit_grade_110":1,"jujutsucraft:yoshino_junpei":1,"jujutsucraft:cursed_spirit_grade_314":1,"jujutsucraft:jujutsu_sorcerer":2}},"DataVersion":3465}