{"stats":{"minecraft:crafted":{"minecraft:wooden_sword":1,"minecraft:oak_door":3,"minecraft:oak_planks":252,"minecraft:stone_shovel":3,"minecraft:cooked_chicken":3,"minecraft:furnace":2,"minecraft:acacia_fence_gate":2,"minecraft:bone_meal":3,"minecraft:glass":15,"minecraft:stone_pickaxe":2,"minecraft:chest":5,"minecraft:stone_hoe":2,"minecraft:glass_bottle":6,"minecraft:crafting_table":6,"farmersdelight:iron_knife":1,"minecraft:wooden_pickaxe":1,"minecraft:acacia_trapdoor":4,"minecraft:bucket":1,"minecraft:stone_axe":2,"minecraft:bread":9,"minecraft:acacia_boat":3,"minecraft:air":0,"minecraft:white_wool":1,"minecraft:wooden_hoe":1,"minecraft:charcoal":1,"toughasnails:water_purifier":1,"minecraft:white_dye":1,"minecraft:stick":48,"minecraft:iron_ingot":6,"minecraft:wooden_axe":1,"minecraft:stone_sword":1,"minecraft:white_bed":1,"minecraft:acacia_planks":212,"minecraft:torch":20,"minecraft:shears":1},"minecraft:used":{"minecraft:beetroot":3,"minecraft:moss_carpet":1,"minecraft:stone_sword":33,"minecraft:acacia_log":2,"toughasnails:water_purifier":1,"minecraft:stone_shovel":394,"minecraft:chest":11,"toughasnails:leaf_boots":1,"minecraft:stone_hoe":262,"minecraft:rotten_flesh":2,"minecraft:oak_door":2,"minecraft:torch":22,"mowziesmobs:umvuthana_mask_bliss":1,"minecraft:dirt":343,"minecraft:wooden_axe":41,"minecraft:furnace":7,"minecraft:cooked_beef":6,"minecraft:acacia_planks":12,"minecraft:wheat_seeds":51,"minecraft:acacia_boat":8,"minecraft:water_bucket":16,"toughasnails:leaf_leggings":1,"minecraft:glass_bottle":32,"minecraft:acacia_trapdoor":4,"minecraft:stone_pickaxe":182,"minecraft:oak_planks":149,"minecraft:wooden_pickaxe":32,"minecraft:sand":4,"minecraft:crafting_table":11,"minecraft:white_bed":2,"minecraft:mud":1,"minecraft:wooden_hoe":19,"minecraft:apple":1,"minecraft:bread":2,"minecraft:suspicious_stew":1,"toughasnails:leaf_chestplate":1,"minecraft:acacia_fence_gate":2,"minecraft:stone_axe":137,"minecraft:wooden_sword":4,"minecraft:cobblestone":147,"minecraft:potion":29,"toughasnails:purified_water_bottle":1,"mowziesmobs:umvuthana_mask_fury":2,"minecraft:bucket":17,"minecraft:coarse_dirt":2},"minecraft:broken":{"minecraft:stone_hoe":2,"minecraft:stone_pickaxe":1,"minecraft:stone_axe":1,"minecraft:wooden_axe":1,"minecraft:stone_shovel":3},"minecraft:killed_by":{"minecraft:player":1,"minecraft:spider":1,"sanitydim:rotting_stalker":3,"man:managgresive":2,"sanitydim:sneaking_terror":3,"minecraft:skeleton":1,"mowziesmobs:umvuthana_raptor":1},"minecraft:mined":{"minecraft:white_bed":1,"minecraft:acacia_log":55,"minecraft:grass_block":167,"farmersdelight:wild_cabbages":1,"minecraft:furnace":5,"minecraft:iron_ore":6,"minecraft:moss_carpet":1,"minecraft:azalea_leaves":1,"minecraft:stone":158,"minecraft:acacia_leaves":4,"minecraft:crafting_table":5,"minecraft:torch":5,"minecraft:chest":6,"minecraft:cobblestone":1,"minecraft:sugar_cane":4,"minecraft:oak_planks":11,"minecraft:wall_torch":1,"farmersdelight:wild_beetroots":3,"farmersdelight:sandy_shrub":3,"minecraft:mud":1,"minecraft:wheat":7,"minecraft:grass":279,"minecraft:oak_log":64,"minecraft:coal_ore":33,"minecraft:sand":197,"minecraft:dirt":60,"create:crimsite":2},"minecraft:custom":{"minecraft:mob_kills":29,"minecraft:interact_with_crafting_table":56,"minecraft:damage_dealt_resisted":18,"minecraft:leave_game":4,"minecraft:time_since_death":10327,"minecraft:climb_one_cm":71,"minecraft:sprint_one_cm":562376,"minecraft:walk_one_cm":587127,"minecraft:drop":76,"minecraft:talked_to_villager":3,"minecraft:play_time":191792,"minecraft:deaths":14,"minecraft:sneak_time":11683,"minecraft:walk_under_water_one_cm":5254,"minecraft:boat_one_cm":510156,"minecraft:jump":4310,"minecraft:walk_on_water_one_cm":45083,"minecraft:total_world_time":191792,"minecraft:interact_with_furnace":39,"minecraft:sleep_in_bed":8,"minecraft:time_since_rest":10354,"minecraft:damage_taken":3979,"minecraft:damage_dealt":4039,"minecraft:swim_one_cm":58740,"minecraft:fly_one_cm":1045318,"minecraft:open_chest":50,"minecraft:crouch_one_cm":37390,"minecraft:fall_one_cm":131570},"minecraft:dropped":{"minecraft:stone_hoe":1,"farmersdelight:iron_knife":2,"minecraft:acacia_boat":2,"minecraft:feather":10,"minecraft:cobblestone":100,"minecraft:lead":2,"minecraft:apple":2,"create:crimsite":2,"minecraft:coal":33,"minecraft:stick":50,"minecraft:torch":10,"mowziesmobs:umvuthana_mask_bliss":1,"toughasnails:leaf_boots":2,"minecraft:bone_meal":2,"minecraft:sand":161,"toughasnails:leaf_leggings":2,"minecraft:string":1,"minecraft:acacia_planks":116,"minecraft:stone_axe":2,"minecraft:moss_carpet":1,"toughasnails:empty_canteen":2,"toughasnails:leaf_chestplate":2,"minecraft:cooked_chicken":3,"minecraft:stone_sword":2,"minecraft:chicken":3,"minecraft:rotten_flesh":6,"minecraft:oak_planks":258,"minecraft:mangrove_door":2,"minecraft:shears":1,"minecraft:oak_sapling":17,"minecraft:acacia_sapling":8,"minecraft:wooden_pickaxe":1,"minecraft:stone_pickaxe":2,"minecraft:arrow":2,"minecraft:glass":18,"mowziesmobs:umvuthana_mask_fury":2,"minecraft:egg":1,"minecraft:water_bucket":1},"minecraft:picked_up":{"toughasnails:leaf_leggings":5,"minecraft:coarse_dirt":4,"minecraft:mud":1,"minecraft:crafting_table":11,"minecraft:wheat":28,"minecraft:chicken":6,"minecraft:lead":6,"minecraft:wooden_pickaxe":4,"minecraft:potion":27,"minecraft:string":3,"minecraft:moss_carpet":2,"minecraft:beetroot":3,"toughasnails:leaf_boots":5,"minecraft:light_gray_wool":1,"minecraft:sugar_cane":20,"minecraft:chest":7,"farmersdelight:cabbage_seeds":2,"minecraft:furnace":7,"minecraft:egg":2,"minecraft:stick":139,"minecraft:raw_iron":12,"minecraft:torch":64,"minecraft:bowl":9,"minecraft:acacia_log":87,"farmersdelight:tomato_seeds":1,"toughasnails:empty_canteen":3,"minecraft:stone_sword":7,"minecraft:arrow":10,"minecraft:stone_shovel":4,"minecraft:rotten_flesh":32,"minecraft:beetroot_seeds":20,"farmersdelight:onion":8,"mowziesmobs:umvuthana_mask_bliss":4,"farmersdelight:rope":25,"minecraft:mangrove_door":4,"minecraft:mutton":9,"minecraft:white_wool":6,"minecraft:cobblestone":821,"mowziesmobs:umvuthana_mask_fury":8,"minecraft:feather":46,"minecraft:cooked_beef":6,"minecraft:water_bucket":4,"minecraft:potato":9,"minecraft:filled_map":2,"minecraft:oak_log":161,"toughasnails:purified_water_bottle":2,"minecraft:acacia_boat":14,"minecraft:wooden_hoe":1,"farmersdelight:flint_knife":2,"minecraft:paper":24,"minecraft:dirt":403,"man:cassette_1safetyinstructions":2,"minecraft:acacia_planks":424,"minecraft:glass":32,"minecraft:bone":2,"farmersdelight:iron_knife":3,"minecraft:apple":5,"minecraft:wheat_seeds":52,"minecraft:iron_ingot":7,"minecraft:stone_pickaxe":10,"minecraft:cooked_chicken":3,"minecraft:glass_bottle":6,"minecraft:moss_block":4,"minecraft:acacia_sapling":35,"minecraft:stone_hoe":6,"minecraft:oak_planks":357,"toughasnails:leaf_chestplate":5,"minecraft:sand":286,"minecraft:white_bed":1,"create:crimsite":8,"minecraft:stone_axe":10,"minecraft:bone_meal":4,"minecraft:oak_sapling":57,"minecraft:coal":100},"minecraft:killed":{"minecraft:spider":3,"minecraft:skeleton":3,"minecraft:chicken":3,"minecraft:wandering_trader":1,"mowziesmobs:umvuthana_follower_raptor":3,"minecraft:sheep":5,"minecraft:zombie":10,"mowziesmobs:umvuthana_raptor":1}},"DataVersion":3465}