{"stats":{"minecraft:used":{"jujutsucraft:uniform_higuruma_leggings":1,"minecraft:spruce_slab":1,"minecraft:torch":1,"minecraft:dirt":4,"jujutsucraft:sukuna_finger":1,"minecraft:spruce_stairs":1,"jujutsucraft:uniform_higuruma_chestplate":2,"epicfight:skillbook":8,"jujutsucraft:uniform_normal_boots":1,"jujutsucraft:nyoi_staff":3,"jujutsucraft:cursed_spirit_armoury_chestplate":1,"jujutsucraft:uniform_gojo_boots":1,"jujutsucraft:uniform_normal_chestplate":1,"minecraft:oak_pressure_plate":1,"minecraft:gravel":1,"jujutsucraft:uniform_normal_leggings":1},"minecraft:dropped":{"jujutsucraft:clothes_kashimo_hajime_helmet":1,"minecraft:porkchop":3,"minecraft:wheat_seeds":1,"minecraft:oak_pressure_plate":5,"minecraft:crossbow":6,"minecraft:mangrove_propagule":4,"minecraft:feather":2,"jujutsucraft:sword_black":2,"minecraft:leather":3,"minecraft:spruce_door":6,"minecraft:grass_block":2,"minecraft:dirt":3,"minecraft:gray_wool":1,"jujutsucraft:executioners_sword":1,"minecraft:stone_button":1,"minecraft:ink_sac":2,"minecraft:torch":3,"minecraft:bone_meal":1,"minecraft:white_banner":5,"minecraft:sand":1,"minecraft:acacia_door":1,"minecraft:string":4,"minecraft:tripwire_hook":1,"minecraft:white_wool":1,"minecraft:dark_oak_door":2,"minecraft:moss_carpet":8,"jujutsucraft:uniform_gojo_boots":1,"minecraft:lever":7,"jujutsucraft:uniform_normal_leggings":1,"jujutsucraft:domain":1,"minecraft:chicken":1,"minecraft:birch_pressure_plate":1,"jujutsucraft:sword_okkotsu_yuta":1,"minecraft:fern":1,"minecraft:green_banner":6,"minecraft:salmon":3,"jujutsucraft:uniform_normal_chestplate":1,"jujutsucraft:clothes_fushiguro_toji_leggings":1,"minecraft:stone":2,"minecraft:peony":6,"minecraft:birch_door":6,"jujutsucraft:hammer":1,"minecraft:beef":1,"jujutsucraft:uniform_normal_boots":1,"minecraft:scaffolding":2},"minecraft:picked_up":{"minecraft:birch_door":6,"minecraft:chicken":1,"minecraft:string":4,"minecraft:moss_carpet":8,"minecraft:acacia_door":1,"jujutsucraft:sword_black":2,"minecraft:beef":1,"jujutsucraft:supreme_martial_solution":1,"minecraft:spruce_slab":1,"jujutsucraft:domain":1,"minecraft:dark_oak_door":2,"minecraft:stone":2,"jujutsucraft:executioners_sword":1,"minecraft:torch":4,"minecraft:spruce_stairs":1,"epicfight:skillbook":6,"minecraft:porkchop":3,"minecraft:stone_button":1,"minecraft:green_banner":6,"jujutsucraft:clothes_fushiguro_toji_leggings":1,"jujutsucraft:clothes_kashimo_hajime_helmet":1,"minecraft:peony":6,"jujutsucraft:hammer":1,"minecraft:white_wool":1,"minecraft:feather":2,"jujutsucraft:uniform_gojo_boots":1,"minecraft:tripwire_hook":1,"minecraft:salmon":3,"minecraft:leather":3,"minecraft:fern":1,"jujutsucraft:sukuna_finger":1,"minecraft:dirt":7,"minecraft:white_banner":5,"minecraft:birch_pressure_plate":1,"minecraft:wheat_seeds":2,"jujutsucraft:sword_miwa_kasumi":1,"minecraft:scaffolding":2,"jujutsucraft:nyoi_staff":1,"minecraft:oak_pressure_plate":6,"minecraft:gravel":1,"minecraft:sand":1,"minecraft:ink_sac":2,"minecraft:grass_block":2,"minecraft:spruce_door":6,"minecraft:lever":7,"minecraft:crossbow":6,"minecraft:bone_meal":1,"minecraft:gray_wool":1,"minecraft:mangrove_propagule":4},"minecraft:killed":{"jujutsucraft:cursed_spirit_grade_32":6,"jujutsucraft:transfigured_human_3":1,"jujutsucraft:cursed_spirit_grade_31":3,"jujutsucraft:cursed_spirit_grade_33":4,"jujutsucraft:cursed_spirit_grade_35":1,"jujutsucraft:cursed_spirit_grade_318":5,"jujutsucraft:cursed_spirit_grade_316":3,"jujutsucraft:transfigured_human_2":1,"jujutsucraft:miwa_kasumi":1,"jujutsucraft:cursed_spirit_grade_39":3,"jujutsucraft:shigemo_haruta":1,"jujutsucraft:cursed_spirit_grade_312":3,"minecraft:chicken":1,"jujutsucraft:cursed_spirit_grade_317":4,"jujutsucraft:cockroach_larva":3,"jujutsucraft:cursed_spirit_grade_38":2,"jujutsucraft:cursed_spirit_grade_34":2,"minecraft:tropical_fish":10,"jujutsucraft:kukuru":1,"jujutsucraft:jujutsu_sorcerer":2,"jujutsucraft:curse_user_1":1,"jujutsucraft:curse_user":1,"jujutsucraft:cursed_spirit_grade_321":9,"jujutsucraft:cursed_spirit_grade_29":1,"minecraft:pillager":32,"jujutsucraft:cursed_spirit_grade_314":3,"jujutsucraft:cursed_spirit_grade_311":2,"jujutsucraft:cursed_spirit_grade_36":13,"jujutsucraft:cursed_spirit_grade_315":4,"jujutsucraft:cursed_spirit_grade_319":5,"jujutsucraft:cursed_spirit_grade_322":6,"minecraft:villager":4},"minecraft:mined":{"minecraft:grass_block":2,"minecraft:tall_grass":1,"minecraft:grass":2,"minecraft:gravel":1,"minecraft:dirt":2},"minecraft:custom":{"minecraft:mob_kills":152,"minecraft:open_barrel":40,"minecraft:damage_dealt_resisted":22090,"minecraft:leave_game":1,"minecraft:time_since_death":927,"minecraft:climb_one_cm":607,"minecraft:damage_resisted":26558,"minecraft:sprint_one_cm":1039625,"minecraft:walk_one_cm":391163,"minecraft:drop":104,"minecraft:damage_dealt_absorbed":1656,"minecraft:talked_to_villager":1,"minecraft:play_time":107302,"minecraft:deaths":54,"minecraft:sneak_time":1190,"minecraft:walk_under_water_one_cm":10433,"minecraft:jump":3127,"minecraft:walk_on_water_one_cm":35245,"minecraft:total_world_time":107302,"minecraft:sleep_in_bed":1,"minecraft:time_since_rest":948,"minecraft:damage_taken":25877,"minecraft:trigger_trapped_chest":1,"minecraft:damage_dealt":10,"minecraft:swim_one_cm":46963,"minecraft:fly_one_cm":2897942,"minecraft:open_chest":73,"minecraft:crouch_one_cm":1573,"minecraft:fall_one_cm":155788},"minecraft:killed_by":{"jujutsucraft:cursed_spirit_grade_25":1,"jujutsucraft:cursed_spirit_grade_24":1,"jujutsucraft:cursed_spirit_grade_36":2,"jujutsucraft:itadori_yuji":1,"minecraft:player":1,"jujutsucraft:cursed_spirit_grade_14":1,"jujutsucraft:cursed_spirit_grade_310":1,"jujutsucraft:cursed_spirit_grade_05":2,"jujutsucraft:cursed_spirit_grade_03":3,"jujutsucraft:cursed_spirit_grade_22":1,"minecraft:pillager":8,"jujutsucraft:nanami_kento":1,"jujutsucraft:cursed_spirit_grade_19":2,"jujutsucraft:fushiguro_megumi":2,"jujutsucraft:sukuna":1,"jujutsucraft:cursed_spirit_grade_314":2,"jujutsucraft:itadori_yuji_shinjuku":1,"jujutsucraft:zenin_maki_culling_game":2,"jujutsucraft:daido_hagane":1,"jujutsucraft:sukuna_fushiguro":1,"jujutsucraft:negi_toshihisa":1,"jujutsucraft:uraume":3,"jujutsucraft:moon_dregs":2,"jujutsucraft:dhruv_lakdawalla":1,"jujutsucraft:panda_gorilla":1,"jujutsucraft:cursed_spirit_grade_18":2,"jujutsucraft:cursed_spirit_grade_317":1,"jujutsucraft:cursed_spirit_grade_29":1,"jujutsucraft:cursed_spirit_grade_21":1,"jujutsucraft:yaga_masamichi":1,"jujutsucraft:jujutsu_sorcerer":1}},"DataVersion":3465}