{"stats":{"minecraft:used":{"epicfight:skillbook":7,"jujutsucraft:uniform_higuruma_leggings":1,"jujutsucraft:uniform_normal_boots":1,"minecraft:torch":1,"jujutsucraft:nyoi_staff":3,"jujutsucraft:cursed_spirit_armoury_chestplate":1,"minecraft:dirt":4,"jujutsucraft:sukuna_finger":1,"jujutsucraft:uniform_gojo_boots":1,"jujutsucraft:uniform_normal_chestplate":1,"minecraft:oak_pressure_plate":1,"minecraft:gravel":1,"jujutsucraft:uniform_higuruma_chestplate":2,"jujutsucraft:uniform_normal_leggings":1},"minecraft:dropped":{"minecraft:porkchop":3,"minecraft:moss_carpet":8,"jujutsucraft:uniform_gojo_boots":1,"minecraft:wheat_seeds":1,"minecraft:lever":7,"minecraft:oak_pressure_plate":5,"jujutsucraft:uniform_normal_leggings":1,"minecraft:mangrove_propagule":4,"minecraft:crossbow":6,"minecraft:chicken":1,"minecraft:feather":2,"minecraft:birch_pressure_plate":1,"jujutsucraft:sword_black":2,"jujutsucraft:sword_okkotsu_yuta":1,"minecraft:fern":1,"minecraft:leather":3,"minecraft:green_banner":6,"minecraft:spruce_door":6,"minecraft:grass_block":2,"jujutsucraft:uniform_normal_chestplate":1,"minecraft:dirt":1,"minecraft:gray_wool":1,"minecraft:torch":2,"minecraft:stone_button":1,"minecraft:peony":6,"jujutsucraft:hammer":1,"minecraft:beef":1,"minecraft:white_banner":3,"minecraft:sand":1,"jujutsucraft:uniform_normal_boots":1,"minecraft:scaffolding":2,"minecraft:string":4,"minecraft:tripwire_hook":1,"minecraft:white_wool":1},"minecraft:picked_up":{"minecraft:salmon":1,"minecraft:feather":2,"minecraft:chicken":1,"jujutsucraft:uniform_gojo_boots":1,"minecraft:leather":3,"minecraft:tripwire_hook":1,"minecraft:fern":1,"jujutsucraft:sukuna_finger":1,"minecraft:string":4,"minecraft:moss_carpet":8,"minecraft:dirt":5,"minecraft:white_banner":3,"minecraft:birch_pressure_plate":1,"minecraft:wheat_seeds":1,"jujutsucraft:sword_black":2,"minecraft:beef":1,"jujutsucraft:supreme_martial_solution":1,"jujutsucraft:sword_miwa_kasumi":1,"minecraft:scaffolding":2,"minecraft:torch":3,"minecraft:oak_pressure_plate":6,"minecraft:gravel":1,"epicfight:skillbook":5,"minecraft:porkchop":3,"minecraft:sand":1,"minecraft:stone_button":1,"minecraft:grass_block":2,"minecraft:spruce_door":6,"minecraft:green_banner":6,"minecraft:bone_meal":1,"minecraft:peony":6,"minecraft:lever":7,"minecraft:crossbow":6,"jujutsucraft:hammer":1,"minecraft:gray_wool":1,"minecraft:mangrove_propagule":4,"minecraft:white_wool":1},"minecraft:killed":{"jujutsucraft:cursed_spirit_grade_32":6,"jujutsucraft:cursed_spirit_grade_31":2,"jujutsucraft:cursed_spirit_grade_33":4,"jujutsucraft:kukuru":1,"jujutsucraft:jujutsu_sorcerer":1,"jujutsucraft:cursed_spirit_grade_318":5,"jujutsucraft:curse_user_1":1,"jujutsucraft:cursed_spirit_grade_316":3,"jujutsucraft:curse_user":1,"jujutsucraft:transfigured_human_2":1,"jujutsucraft:cursed_spirit_grade_321":9,"jujutsucraft:miwa_kasumi":1,"jujutsucraft:cursed_spirit_grade_39":3,"minecraft:pillager":29,"jujutsucraft:cursed_spirit_grade_312":2,"jujutsucraft:cursed_spirit_grade_314":3,"jujutsucraft:cursed_spirit_grade_311":2,"minecraft:chicken":1,"jujutsucraft:cursed_spirit_grade_36":13,"jujutsucraft:cursed_spirit_grade_317":4,"jujutsucraft:cursed_spirit_grade_315":3,"jujutsucraft:cockroach_larva":3,"jujutsucraft:cursed_spirit_grade_38":2,"jujutsucraft:cursed_spirit_grade_34":2,"jujutsucraft:cursed_spirit_grade_319":5,"jujutsucraft:cursed_spirit_grade_322":6,"minecraft:tropical_fish":10,"minecraft:villager":4},"minecraft:mined":{"minecraft:grass_block":2,"minecraft:tall_grass":1,"minecraft:grass":1,"minecraft:dirt":2,"minecraft:gravel":1},"minecraft:custom":{"minecraft:mob_kills":133,"minecraft:open_barrel":40,"minecraft:damage_dealt_resisted":14915,"minecraft:time_since_death":2940,"minecraft:sleep_in_bed":1,"minecraft:climb_one_cm":607,"minecraft:damage_resisted":11031,"minecraft:time_since_rest":2966,"minecraft:sprint_one_cm":743952,"minecraft:damage_taken":18472,"minecraft:walk_one_cm":292622,"minecraft:trigger_trapped_chest":1,"minecraft:drop":85,"minecraft:damage_dealt":10,"minecraft:fly_one_cm":1553031,"minecraft:swim_one_cm":40588,"minecraft:damage_dealt_absorbed":920,"minecraft:talked_to_villager":1,"minecraft:open_chest":68,"minecraft:crouch_one_cm":717,"minecraft:play_time":77477,"minecraft:deaths":41,"minecraft:sneak_time":284,"minecraft:walk_under_water_one_cm":9977,"minecraft:jump":2490,"minecraft:walk_on_water_one_cm":26420,"minecraft:total_world_time":77477,"minecraft:fall_one_cm":117335},"minecraft:killed_by":{"jujutsucraft:cursed_spirit_grade_25":1,"jujutsucraft:daido_hagane":1,"jujutsucraft:cursed_spirit_grade_24":1,"jujutsucraft:cursed_spirit_grade_36":2,"minecraft:player":1,"jujutsucraft:cursed_spirit_grade_14":1,"jujutsucraft:cursed_spirit_grade_310":1,"jujutsucraft:negi_toshihisa":1,"jujutsucraft:cursed_spirit_grade_05":2,"jujutsucraft:uraume":3,"jujutsucraft:moon_dregs":2,"jujutsucraft:cursed_spirit_grade_03":3,"jujutsucraft:cursed_spirit_grade_22":1,"minecraft:pillager":8,"jujutsucraft:panda_gorilla":1,"jujutsucraft:cursed_spirit_grade_19":1,"jujutsucraft:cursed_spirit_grade_18":1,"jujutsucraft:cursed_spirit_grade_314":2,"jujutsucraft:fushiguro_megumi":1,"jujutsucraft:cursed_spirit_grade_317":1,"jujutsucraft:cursed_spirit_grade_29":1,"jujutsucraft:cursed_spirit_grade_21":1,"jujutsucraft:jujutsu_sorcerer":1}},"DataVersion":3465}