{"stats":{"minecraft:killed_by":{"minecraft:pillager":1,"sanitydim:rotting_stalker":4,"man:managgresive":7,"sanitydim:sneaking_terror":5,"minecraft:player":1,"minecraft:spider":1,"minecraft:skeleton":2,"mowziesmobs:umvuthana_raptor":1},"minecraft:mined":{"create:deepslate_zinc_ore":5,"minecraft:white_bed":13,"minecraft:farmland":12,"minecraft:cobblestone_stairs":9,"minecraft:granite":2,"minecraft:acacia_log":55,"minecraft:grass_block":204,"minecraft:composter":1,"farmersdelight:rice":3,"minecraft:iron_ore":76,"minecraft:pumpkin":8,"minecraft:moss_carpet":1,"create:asurine":20,"minecraft:pointed_dripstone":33,"minecraft:flowering_azalea_leaves":3,"minecraft:dirt_path":4,"farmersdelight:rice_panicles":23,"minecraft:azalea_leaves":17,"minecraft:blue_orchid":1,"minecraft:deepslate_redstone_ore":2,"minecraft:melon_stem":2,"minecraft:torch":8,"minecraft:melon":44,"minecraft:chest":10,"minecraft:dead_bush":1,"farmersdelight:cabbages":6,"minecraft:cobblestone":71,"minecraft:sugar_cane":40,"minecraft:oak_planks":39,"minecraft:wall_torch":3,"minecraft:cauldron":1,"farmersdelight:sandy_shrub":3,"minecraft:mud":2,"minecraft:wheat":227,"minecraft:pumpkin_stem":5,"minecraft:grass":294,"minecraft:oak_log":95,"minecraft:beetroots":2,"minecraft:sand":217,"minecraft:dirt":86,"create:crimsite":2,"minecraft:oak_leaves":88,"create:zinc_ore":62,"minecraft:tuff":2,"farmersdelight:onions":31,"minecraft:glow_lichen":3,"farmersdelight:tomatoes":7,"farmersdelight:wild_cabbages":1,"minecraft:spruce_leaves":6,"minecraft:hay_block":14,"minecraft:redstone_ore":4,"minecraft:oak_trapdoor":1,"minecraft:furnace":7,"minecraft:carrots":4,"minecraft:andesite":76,"minecraft:stripped_spruce_log":57,"minecraft:potatoes":3,"minecraft:vine":1,"minecraft:stone":274,"minecraft:acacia_leaves":26,"minecraft:dandelion":2,"minecraft:crafting_table":14,"minecraft:emerald_ore":3,"minecraft:copper_ore":1,"farmersdelight:wild_beetroots":3,"minecraft:cobblestone_wall":19,"minecraft:jungle_fence":18,"minecraft:coal_ore":185,"minecraft:dripstone_block":10},"minecraft:crafted":{"minecraft:oak_planks":376,"minecraft:cobblestone_slab":6,"minecraft:cooked_chicken":3,"minecraft:cobblestone_stairs":20,"toughasnails:leaf_leggings":4,"minecraft:glass":31,"minecraft:hopper":1,"minecraft:melon_seeds":70,"minecraft:chest":14,"toughasnails:leaf_helmet":2,"minecraft:stone_hoe":5,"minecraft:glass_bottle":6,"farmersdelight:tomato_seeds":234,"minecraft:oak_slab":12,"toughasnails:leaf_boots":3,"minecraft:cooked_porkchop":21,"minecraft:crafting_table":12,"minecraft:spruce_planks":64,"farmersdelight:iron_knife":1,"minecraft:wooden_pickaxe":1,"minecraft:pumpkin_seeds":4,"minecraft:iron_chestplate":1,"minecraft:wooden_hoe":1,"minecraft:charcoal":2,"toughasnails:water_purifier":1,"minecraft:shield":2,"minecraft:stick":160,"minecraft:iron_ingot":49,"minecraft:iron_pickaxe":5,"minecraft:stone_sword":1,"minecraft:composter":1,"minecraft:shears":2,"minecraft:wooden_sword":1,"minecraft:oak_door":3,"minecraft:stone_shovel":4,"minecraft:furnace":4,"minecraft:acacia_fence_gate":2,"minecraft:bone_meal":3,"minecraft:oak_trapdoor":2,"minecraft:iron_axe":1,"minecraft:spruce_slab":18,"minecraft:stone_pickaxe":2,"minecraft:cobblestone_wall":144,"farmersdelight:rice":19,"minecraft:wheat":126,"toughasnails:leaf_chestplate":4,"minecraft:iron_sword":1,"minecraft:acacia_trapdoor":4,"minecraft:bucket":1,"minecraft:stone_axe":3,"minecraft:acacia_boat":3,"minecraft:bread":75,"minecraft:air":0,"minecraft:oak_fence_gate":17,"minecraft:white_wool":1,"minecraft:white_dye":1,"minecraft:wooden_axe":1,"minecraft:iron_shovel":1,"minecraft:iron_leggings":1,"minecraft:white_bed":6,"minecraft:acacia_planks":212,"minecraft:torch":164},"minecraft:dropped":{"farmersdelight:iron_knife":3,"minecraft:acacia_boat":4,"minecraft:porkchop":1,"minecraft:crafting_table":1,"minecraft:cooked_porkchop":14,"create:crimsite":2,"minecraft:cobblestone_stairs":3,"minecraft:dirt":61,"mowziesmobs:umvuthana_mask_bliss":1,"minecraft:cornflower":1,"minecraft:mutton":2,"minecraft:bone_meal":2,"minecraft:sand":225,"minecraft:sugar":1,"minecraft:iron_pickaxe":3,"minecraft:white_wool":1,"minecraft:stone_axe":6,"minecraft:cooked_chicken":3,"minecraft:wheat":2,"minecraft:rotten_flesh":16,"minecraft:oak_planks":416,"minecraft:white_bed":1,"minecraft:melon_seeds":1,"minecraft:acacia_sapling":8,"minecraft:arrow":2,"minecraft:glass":18,"mowziesmobs:umvuthana_mask_fury":4,"minecraft:egg":1,"farmersdelight:tomato_seeds":4,"minecraft:water_bucket":3,"minecraft:stone_hoe":4,"minecraft:iron_ingot":13,"minecraft:bread":27,"toughasnails:water_canteen":3,"minecraft:oak_slab":5,"minecraft:wheat_seeds":60,"minecraft:feather":19,"minecraft:cobblestone":111,"minecraft:lead":2,"minecraft:apple":3,"minecraft:granite":1,"create:zinc_nugget":1,"minecraft:coal":117,"minecraft:stick":78,"minecraft:pufferfish":2,"minecraft:torch":42,"toughasnails:leaf_boots":5,"minecraft:pumpkin":8,"toughasnails:leaf_leggings":5,"minecraft:string":1,"minecraft:lily_pad":6,"minecraft:acacia_planks":116,"minecraft:furnace":4,"minecraft:moss_carpet":1,"toughasnails:empty_canteen":2,"toughasnails:leaf_chestplate":6,"minecraft:stone_sword":5,"minecraft:cobblestone_wall":16,"farmersdelight:cabbage_seeds":4,"minecraft:stone_shovel":5,"minecraft:chicken":3,"minecraft:mangrove_door":2,"minecraft:shears":4,"minecraft:acacia_leaves":7,"minecraft:hay_block":6,"minecraft:shield":1,"minecraft:allium":2,"minecraft:golden_leggings":1,"minecraft:oak_boat":1,"minecraft:oak_sapling":17,"minecraft:spider_eye":1,"minecraft:stone_pickaxe":3,"minecraft:wooden_pickaxe":1},"minecraft:broken":{"toughasnails:leaf_boots":3,"toughasnails:leaf_chestplate":3,"minecraft:stone_pickaxe":2,"minecraft:stone_axe":2,"minecraft:wooden_axe":1,"minecraft:stone_shovel":3,"toughasnails:leaf_leggings":3,"toughasnails:water_canteen":17,"minecraft:stone_hoe":2,"minecraft:iron_pickaxe":2,"toughasnails:purified_water_canteen":1},"minecraft:killed":{"minecraft:witch":1,"minecraft:spider":8,"minecraft:skeleton":5,"minecraft:chicken":4,"minecraft:pig":8,"minecraft:creeper":3,"minecraft:sheep":6,"minecraft:pillager":1,"minecraft:zombie":15,"mowziesmobs:umvuthana_raptor":2,"minecraft:cow":1,"minecraft:slime":8,"minecraft:wandering_trader":1,"mowziesmobs:umvuthana_follower_raptor":4},"minecraft:used":{"minecraft:beetroot":3,"minecraft:moss_carpet":1,"minecraft:iron_shovel":4,"mowziesmobs:umvuthana_mask_fear":1,"minecraft:spruce_slab":16,"farmersdelight:cabbage_seeds":9,"minecraft:oak_sign":1,"minecraft:chest":23,"minecraft:shield":23,"minecraft:iron_sword":39,"minecraft:rotten_flesh":2,"minecraft:iron_chestplate":1,"mowziesmobs:umvuthana_mask_bliss":1,"farmersdelight:cooked_cod_slice":5,"minecraft:stripped_spruce_log":14,"minecraft:glass":8,"farmersdelight:tomato":3,"minecraft:blue_orchid":1,"farmersdelight:rotten_tomato":8,"minecraft:furnace":11,"minecraft:egg":43,"minecraft:acacia_trapdoor":4,"minecraft:stone_pickaxe":263,"minecraft:oak_planks":191,"minecraft:wooden_pickaxe":32,"minecraft:composter":2,"minecraft:sugar_cane":16,"toughasnails:water_canteen":233,"minecraft:sand":7,"farmersdelight:rice":22,"minecraft:shears":122,"minecraft:melon_slice":64,"minecraft:bread":32,"minecraft:wooden_sword":4,"minecraft:andesite":1,"minecraft:coarse_dirt":2,"minecraft:bone_meal":15,"minecraft:oak_trapdoor":2,"minecraft:stone_sword":91,"minecraft:acacia_log":2,"toughasnails:water_purifier":1,"minecraft:stone_shovel":524,"minecraft:spruce_planks":12,"toughasnails:leaf_boots":3,"minecraft:cooked_chicken":3,"minecraft:stone_hoe":444,"minecraft:oak_door":2,"minecraft:torch":151,"minecraft:dirt":472,"minecraft:wheat":2,"minecraft:hopper":1,"toughasnails:empty_canteen":19,"minecraft:cobblestone_wall":135,"minecraft:granite":1,"minecraft:oak_fence_gate":21,"farmersdelight:beef_patty":2,"minecraft:wooden_axe":41,"minecraft:iron_axe":26,"minecraft:melon_seeds":9,"farmersdelight:tomato_seeds":60,"minecraft:cooked_beef":8,"minecraft:acacia_planks":12,"farmersdelight:fried_egg":43,"minecraft:wheat_seeds":231,"minecraft:acacia_boat":24,"minecraft:water_bucket":64,"toughasnails:leaf_leggings":4,"minecraft:cobblestone_stairs":24,"minecraft:glass_bottle":32,"minecraft:cobblestone_slab":1,"farmersdelight:onion":49,"minecraft:crafting_table":25,"minecraft:white_bed":19,"minecraft:mud":1,"minecraft:wooden_hoe":19,"minecraft:apple":1,"minecraft:iron_pickaxe":584,"minecraft:suspicious_stew":1,"toughasnails:leaf_chestplate":3,"minecraft:acacia_fence_gate":2,"minecraft:stone_axe":333,"farmersdelight:cooked_bacon":2,"minecraft:cobblestone":221,"minecraft:potion":29,"toughasnails:purified_water_bottle":1,"mowziesmobs:umvuthana_mask_fury":2,"minecraft:cooked_porkchop":10,"toughasnails:purified_water_canteen":5,"minecraft:bucket":65},"minecraft:custom":{"minecraft:interact_with_crafting_table":156,"minecraft:leave_game":10,"minecraft:time_since_death":44745,"minecraft:sprint_one_cm":2001000,"minecraft:damage_blocked_by_shield":1245,"minecraft:drop":186,"minecraft:talked_to_villager":5,"minecraft:play_time":552685,"minecraft:deaths":25,"minecraft:jump":12607,"minecraft:walk_on_water_one_cm":126921,"minecraft:interact_with_furnace":93,"minecraft:sleep_in_bed":33,"minecraft:damage_dealt":9673,"minecraft:crouch_one_cm":101450,"minecraft:mob_kills":68,"minecraft:inspect_hopper":1,"minecraft:damage_dealt_resisted":18,"minecraft:climb_one_cm":4206,"minecraft:walk_one_cm":1456506,"minecraft:sneak_time":32489,"minecraft:walk_under_water_one_cm":23206,"minecraft:boat_one_cm":804235,"minecraft:total_world_time":552685,"minecraft:time_since_rest":44781,"minecraft:damage_taken":8790,"minecraft:swim_one_cm":108402,"minecraft:fly_one_cm":2904529,"minecraft:open_chest":356,"minecraft:fall_one_cm":364508},"minecraft:picked_up":{"toughasnails:leaf_leggings":15,"sereneseasons:calendar":2,"minecraft:black_carpet":4,"minecraft:iron_chestplate":1,"minecraft:wheat":168,"minecraft:lead":6,"farmersdelight:rice_panicle":19,"minecraft:potion":27,"minecraft:string":5,"minecraft:raw_copper":6,"minecraft:pufferfish":2,"minecraft:beetroot":3,"farmersdelight:cabbage":2,"toughasnails:leaf_boots":17,"minecraft:azalea_leaves":16,"minecraft:iron_pickaxe":6,"minecraft:melon_slice":233,"farmersdelight:cabbage_seeds":16,"minecraft:furnace":27,"minecraft:stick":222,"farmersdelight:rotten_tomato":8,"minecraft:composter":1,"minecraft:torch":155,"minecraft:acacia_log":87,"minecraft:porkchop":19,"minecraft:pointed_dripstone":64,"farmersdelight:chicken_cuts":8,"minecraft:cauldron":1,"minecraft:stone_sword":16,"farmersdelight:fried_egg":114,"minecraft:rotten_flesh":50,"farmersdelight:onion":121,"create:asurine":16,"farmersdelight:rope":25,"minecraft:mangrove_door":4,"minecraft:cobblestone":1176,"minecraft:feather":61,"minecraft:cooked_beef":8,"farmersdelight:rice":3,"minecraft:water_bucket":14,"minecraft:andesite":79,"minecraft:brown_wool":3,"minecraft:acacia_leaves":29,"minecraft:golden_leggings":1,"minecraft:potato":15,"farmersdelight:bacon":2,"toughasnails:leaf_helmet":4,"create:raw_zinc":98,"farmersdelight:cooked_bacon":2,"minecraft:acacia_boat":40,"farmersdelight:tomato":282,"minecraft:dirt":822,"minecraft:bone":5,"minecraft:glass":50,"minecraft:acacia_planks":528,"farmersdelight:iron_knife":9,"minecraft:wheat_seeds":611,"minecraft:bamboo":18,"minecraft:moss_block":4,"minecraft:stone_hoe":14,"minecraft:oak_planks":854,"minecraft:cooked_porkchop":12,"minecraft:sand":515,"minecraft:stripped_spruce_log":115,"toughasnails:water_canteen":9,"create:crimsite":8,"minecraft:sugar":2,"minecraft:granite":2,"minecraft:bone_meal":19,"minecraft:emerald":4,"minecraft:bread":39,"minecraft:oak_sapling":63,"minecraft:oak_leaves":118,"minecraft:coarse_dirt":4,"minecraft:mud":3,"minecraft:crafting_table":26,"minecraft:allium":4,"minecraft:chicken":6,"minecraft:wooden_pickaxe":4,"minecraft:shield":1,"minecraft:oak_trapdoor":1,"minecraft:moss_carpet":2,"minecraft:iron_axe":1,"minecraft:iron_shovel":1,"minecraft:blue_orchid":1,"farmersdelight:beef_patty":2,"minecraft:beef":3,"farmersdelight:straw":4,"minecraft:oak_boat":1,"minecraft:light_gray_wool":1,"minecraft:sugar_cane":86,"minecraft:chest":11,"minecraft:egg":50,"minecraft:raw_iron":111,"farmersdelight:minced_beef":2,"minecraft:bowl":9,"minecraft:flowering_azalea_leaves":3,"farmersdelight:tomato_seeds":12,"minecraft:carrot":8,"minecraft:redstone":29,"toughasnails:empty_canteen":5,"farmersdelight:cooked_cod_slice":10,"minecraft:arrow":12,"minecraft:stone_shovel":14,"farmersdelight:cooked_chicken_cuts":8,"minecraft:beetroot_seeds":24,"minecraft:shears":9,"minecraft:hay_block":20,"mowziesmobs:umvuthana_mask_bliss":4,"minecraft:mutton":12,"minecraft:white_wool":43,"mowziesmobs:umvuthana_mask_fury":16,"minecraft:leather":2,"minecraft:jungle_fence":36,"minecraft:filled_map":2,"minecraft:oak_log":192,"minecraft:lily_pad":21,"toughasnails:purified_water_bottle":2,"minecraft:cobblestone_wall":73,"minecraft:gunpowder":4,"minecraft:cobblestone_stairs":14,"farmersdelight:flint_knife":2,"minecraft:wooden_hoe":1,"minecraft:paper":24,"man:cassette_1safetyinstructions":2,"minecraft:apple":8,"mowziesmobs:umvuthana_mask_rage":2,"minecraft:oak_fence_gate":8,"minecraft:iron_ingot":40,"minecraft:stone_pickaxe":14,"minecraft:cooked_chicken":8,"minecraft:glass_bottle":6,"minecraft:iron_sword":1,"minecraft:acacia_sapling":36,"toughasnails:leaf_chestplate":16,"minecraft:oak_slab":10,"minecraft:pumpkin":24,"minecraft:dripstone_block":24,"minecraft:spruce_sapling":2,"minecraft:white_bed":17,"minecraft:spider_eye":2,"minecraft:pumpkin_seeds":3,"minecraft:slime_ball":6,"minecraft:stone_axe":20,"create:zinc_nugget":1,"mowziesmobs:umvuthana_mask_fear":5,"minecraft:melon_seeds":6,"minecraft:black_wool":2,"minecraft:coal":539}},"DataVersion":3465}