{
  "jujutsucraft:jujutsu_craft_skills": {
    "criteria": {
      "jujutsu_craft_skills_0": "2024-09-01 15:27:51 +0000"
    },
    "done": true
  },
  "jujutsucraft:skill_divine_dog_totality": {
    "criteria": {
      "skill_divine_dog_totality_0": "2024-09-01 15:27:51 +0000"
    },
    "done": true
  },
  "minecraft:recipes/decorations/crafting_table": {
    "criteria": {
      "unlock_right_away": "2024-09-01 15:27:51 +0000"
    },
    "done": true
  },
  "jujutsucraft:skill_merged_beast_agito": {
    "criteria": {
      "skill_merged_beast_agito_0": "2024-09-01 15:27:51 +0000"
    },
    "done": true
  },
  "jujutsucraft:battle_advancements": {
    "criteria": {
      "battle_advancements_0": "2024-09-01 15:27:51 +0000"
    },
    "done": true
  },
  "jujutsucraft:start_jujutsu_craft": {
    "criteria": {
      "start_jujutsu_craft_0": "2024-09-01 15:27:51 +0000"
    },
    "done": true
  },
  "minecraft:adventure/adventuring_time": {
    "criteria": {
      "minecraft:snowy_slopes": "2024-09-01 16:48:14 +0000",
      "minecraft:deep_ocean": "2024-09-01 16:42:46 +0000",
      "minecraft:cherry_grove": "2024-09-01 16:56:28 +0000",
      "minecraft:sunflower_plains": "2024-09-01 20:52:56 +0000",
      "minecraft:birch_forest": "2024-09-01 16:24:16 +0000",
      "minecraft:beach": "2024-09-01 16:05:40 +0000",
      "minecraft:dark_forest": "2024-09-01 16:26:49 +0000",
      "minecraft:mangrove_swamp": "2024-09-01 16:06:22 +0000",
      "minecraft:sparse_jungle": "2024-09-01 15:41:39 +0000",
      "minecraft:lukewarm_ocean": "2024-09-01 16:05:36 +0000",
      "minecraft:river": "2024-09-01 15:35:22 +0000",
      "minecraft:stony_shore": "2024-09-01 16:08:28 +0000",
      "minecraft:dripstone_caves": "2024-09-01 16:26:16 +0000",
      "minecraft:grove": "2024-09-01 16:44:42 +0000",
      "minecraft:jagged_peaks": "2024-09-01 16:53:23 +0000",
      "minecraft:forest": "2024-09-01 15:56:07 +0000",
      "minecraft:jungle": "2024-09-01 15:59:12 +0000",
      "minecraft:ocean": "2024-09-01 16:08:23 +0000",
      "minecraft:windswept_savanna": "2024-09-01 15:36:01 +0000",
      "minecraft:deep_lukewarm_ocean": "2024-09-01 16:42:44 +0000",
      "minecraft:flower_forest": "2024-09-01 16:41:59 +0000",
      "minecraft:old_growth_birch_forest": "2024-09-01 16:24:03 +0000",
      "minecraft:deep_dark": "2024-09-01 16:46:24 +0000",
      "minecraft:meadow": "2024-09-01 16:25:03 +0000",
      "minecraft:savanna": "2024-09-01 15:27:52 +0000",
      "minecraft:plains": "2024-09-01 15:39:11 +0000"
    },
    "done": false
  },
  "minecraft:adventure/root": {
    "criteria": {
      "killed_by_something": "2024-09-01 15:28:00 +0000"
    },
    "done": true
  },
  "minecraft:recipes/transportation/mangrove_boat": {
    "criteria": {
      "in_water": "2024-09-01 15:28:05 +0000"
    },
    "done": true
  },
  "minecraft:recipes/transportation/acacia_boat": {
    "criteria": {
      "in_water": "2024-09-01 15:28:05 +0000"
    },
    "done": true
  },
  "minecraft:recipes/transportation/cherry_boat": {
    "criteria": {
      "in_water": "2024-09-01 15:28:05 +0000"
    },
    "done": true
  },
  "minecraft:recipes/transportation/bamboo_raft": {
    "criteria": {
      "in_water": "2024-09-01 15:28:05 +0000"
    },
    "done": true
  },
  "minecraft:recipes/transportation/spruce_boat": {
    "criteria": {
      "in_water": "2024-09-01 15:28:05 +0000"
    },
    "done": true
  },
  "minecraft:recipes/transportation/birch_boat": {
    "criteria": {
      "in_water": "2024-09-01 15:28:05 +0000"
    },
    "done": true
  },
  "minecraft:recipes/transportation/oak_boat": {
    "criteria": {
      "in_water": "2024-09-01 15:28:05 +0000"
    },
    "done": true
  },
  "minecraft:recipes/transportation/jungle_boat": {
    "criteria": {
      "in_water": "2024-09-01 15:28:05 +0000"
    },
    "done": true
  },
  "minecraft:recipes/transportation/dark_oak_boat": {
    "criteria": {
      "in_water": "2024-09-01 15:28:05 +0000"
    },
    "done": true
  },
  "jujutsucraft:advancement_insect": {
    "criteria": {
      "advancement_insect_0": "2024-09-01 15:28:41 +0000"
    },
    "done": true
  },
  "jujutsucraft:reward_weapons": {
    "criteria": {
      "reward_weapons_0": "2024-09-01 15:28:50 +0000"
    },
    "done": true
  },
  "minecraft:recipes/decorations/chest": {
    "criteria": {
      "has_lots_of_items": "2024-09-01 15:29:48 +0000"
    },
    "done": true
  },
  "jujutsucraft:observation_of_the_soul": {
    "criteria": {
      "observation_of_the_soul_0": "2024-09-01 15:30:03 +0000"
    },
    "done": true
  },
  "jujutsucraft:completely_physically_gifted": {
    "criteria": {
      "completely_physically_gifted_0": "2024-09-01 15:30:03 +0000"
    },
    "done": true
  },
  "minecraft:adventure/kill_all_mobs": {
    "criteria": {
      "minecraft:pillager": "2024-09-01 15:30:15 +0000"
    },
    "done": false
  },
  "minecraft:adventure/kill_a_mob": {
    "criteria": {
      "minecraft:pillager": "2024-09-01 15:30:15 +0000"
    },
    "done": true
  },
  "minecraft:adventure/voluntary_exile": {
    "criteria": {
      "voluntary_exile": "2024-09-01 15:30:17 +0000"
    },
    "done": true
  },
  "jujutsucraft:mastery_domain_expansion": {
    "criteria": {
      "mastery_domain_expansion_0": "2024-09-01 15:33:56 +0000"
    },
    "done": true
  },
  "jujutsucraft:reverse_cursed_technique_1": {
    "criteria": {
      "reverse_cursed_technique_1_0": "2024-09-01 15:33:58 +0000"
    },
    "done": true
  },
  "jujutsucraft:fame_3": {
    "criteria": {
      "fame_3_0": "2024-09-01 15:35:33 +0000"
    },
    "done": true
  },
  "jujutsucraft:fame_4": {
    "criteria": {
      "fame_4_0": "2024-09-01 15:35:33 +0000"
    },
    "done": true
  },
  "jujutsucraft:fame_2": {
    "criteria": {
      "fame_2_0": "2024-09-01 15:36:23 +0000"
    },
    "done": true
  },
  "jujutsucraft:mastery_simple_domain": {
    "criteria": {
      "mastery_simple_domain_0": "2024-09-01 15:38:57 +0000"
    },
    "done": true
  },
  "minecraft:recipes/food/cooked_chicken_from_campfire_cooking": {
    "criteria": {
      "has_chicken": "2024-09-01 15:39:36 +0000"
    },
    "done": true
  },
  "minecraft:recipes/food/cooked_chicken": {
    "criteria": {
      "has_chicken": "2024-09-01 15:39:36 +0000"
    },
    "done": true
  },
  "minecraft:recipes/food/cooked_chicken_from_smoking": {
    "criteria": {
      "has_chicken": "2024-09-01 15:39:36 +0000"
    },
    "done": true
  },
  "minecraft:recipes/combat/arrow": {
    "criteria": {
      "has_feather": "2024-09-01 15:39:36 +0000"
    },
    "done": true
  },
  "jujutsucraft:sorcerer_grade_4": {
    "criteria": {
      "sorcerer_grade_4_0": "2024-09-01 15:39:37 +0000"
    },
    "done": true
  },
  "jujutsucraft:sorcerer_grade_3": {
    "criteria": {
      "sorcerer_grade_3_0": "2024-09-01 15:43:29 +0000"
    },
    "done": true
  },
  "jujutsucraft:fame_1": {
    "criteria": {
      "fame_1_0": "2024-09-01 15:48:02 +0000"
    },
    "done": true
  },
  "jujutsucraft:battle_haruta_shigemo": {
    "criteria": {
      "battle_haruta_shigemo_0": "2024-09-01 15:48:18 +0000"
    },
    "done": true
  },
  "minecraft:adventure/ol_betsy": {
    "criteria": {
      "shot_crossbow": "2024-09-01 15:52:33 +0000"
    },
    "done": true
  },
  "jujutsucraft:battle_mimiko_nanako": {
    "criteria": {
      "battle_mimiko_nanako_0": "2024-09-01 15:54:16 +0000"
    },
    "done": true
  },
  "minecraft:recipes/redstone/trapped_chest": {
    "criteria": {
      "has_tripwire_hook": "2024-09-01 15:58:01 +0000"
    },
    "done": true
  },
  "minecraft:recipes/combat/crossbow": {
    "criteria": {
      "has_tripwire_hook": "2024-09-01 15:58:01 +0000"
    },
    "done": true
  },
  "minecraft:recipes/redstone/warped_pressure_plate": {
    "criteria": {
      "has_planks": "2024-09-01 15:59:17 +0000"
    },
    "done": true
  },
  "minecraft:recipes/building_blocks/warped_slab": {
    "criteria": {
      "has_planks": "2024-09-01 15:59:17 +0000"
    },
    "done": true
  },
  "minecraft:recipes/misc/stick": {
    "criteria": {
      "has_planks": "2024-09-01 15:59:17 +0000"
    },
    "done": true
  },
  "minecraft:recipes/redstone/warped_fence_gate": {
    "criteria": {
      "has_planks": "2024-09-01 15:59:17 +0000"
    },
    "done": true
  },
  "minecraft:recipes/decorations/warped_fence": {
    "criteria": {
      "has_planks": "2024-09-01 15:59:17 +0000"
    },
    "done": true
  },
  "minecraft:recipes/decorations/barrel": {
    "criteria": {
      "has_planks": "2024-09-01 15:59:17 +0000"
    },
    "done": true
  },
  "minecraft:recipes/redstone/warped_button": {
    "criteria": {
      "has_planks": "2024-09-01 15:59:17 +0000"
    },
    "done": true
  },
  "minecraft:recipes/building_blocks/warped_stairs": {
    "criteria": {
      "has_planks": "2024-09-01 15:59:17 +0000"
    },
    "done": true
  },
  "minecraft:recipes/redstone/warped_trapdoor": {
    "criteria": {
      "has_planks": "2024-09-01 15:59:17 +0000"
    },
    "done": true
  },
  "minecraft:recipes/decorations/warped_sign": {
    "criteria": {
      "has_planks": "2024-09-01 15:59:17 +0000"
    },
    "done": true
  },
  "minecraft:recipes/redstone/warped_door": {
    "criteria": {
      "has_planks": "2024-09-01 15:59:17 +0000"
    },
    "done": true
  },
  "jujutsucraft:sorcerer_grade_2_semi": {
    "criteria": {
      "sorcerer_grade_2_semi_0": "2024-09-01 16:03:08 +0000"
    },
    "done": true
  },
  "jujutsucraft:battle_panda": {
    "criteria": {
      "battle_panda_0": "2024-09-01 16:06:15 +0000"
    },
    "done": true
  },
  "minecraft:recipes/building_blocks/packed_mud": {
    "criteria": {
      "has_mud": "2024-09-01 16:07:07 +0000"
    },
    "done": true
  },
  "jujutsucraft:battle_yuji_itadori": {
    "criteria": {
      "battle_yuji_itadori_0": "2024-09-01 16:08:58 +0000"
    },
    "done": true
  },
  "minecraft:recipes/misc/gold_nugget_from_smelting": {
    "criteria": {
      "has_golden_sword": "2024-09-01 16:10:07 +0000"
    },
    "done": true
  },
  "minecraft:recipes/misc/gold_nugget_from_blasting": {
    "criteria": {
      "has_golden_sword": "2024-09-01 16:10:07 +0000"
    },
    "done": true
  },
  "jujutsucraft:battle_kasumi_miwa": {
    "criteria": {
      "battle_kasumi_miwa_0": "2024-09-01 16:14:10 +0000"
    },
    "done": true
  },
  "minecraft:recipes/food/cooked_beef_from_smoking": {
    "criteria": {
      "has_beef": "2024-09-01 16:14:43 +0000"
    },
    "done": true
  },
  "minecraft:recipes/food/cooked_beef": {
    "criteria": {
      "has_beef": "2024-09-01 16:14:43 +0000"
    },
    "done": true
  },
  "minecraft:recipes/food/cooked_beef_from_campfire_cooking": {
    "criteria": {
      "has_beef": "2024-09-01 16:14:43 +0000"
    },
    "done": true
  },
  "jujutsucraft:sorcerer_grade_2": {
    "criteria": {
      "sorcerer_grade_2_0": "2024-09-01 16:17:12 +0000"
    },
    "done": true
  },
  "minecraft:recipes/decorations/white_banner": {
    "criteria": {
      "has_white_wool": "2024-09-01 16:17:20 +0000"
    },
    "done": true
  },
  "minecraft:recipes/decorations/painting": {
    "criteria": {
      "has_wool": "2024-09-01 16:17:20 +0000"
    },
    "done": true
  },
  "minecraft:recipes/decorations/white_bed": {
    "criteria": {
      "has_white_wool": "2024-09-01 16:17:20 +0000"
    },
    "done": true
  },
  "minecraft:recipes/decorations/white_carpet": {
    "criteria": {
      "has_white_wool": "2024-09-01 16:17:20 +0000"
    },
    "done": true
  },
  "jujutsucraft:battle_maki_zenin": {
    "criteria": {
      "battle_maki_zenin_0": "2024-09-01 16:18:06 +0000"
    },
    "done": true
  },
  "jujutsucraft:junpei_yoshino": {
    "criteria": {
      "junpei_yoshino_0": "2024-09-01 16:18:19 +0000"
    },
    "done": true
  },
  "jujutsucraft:battle_hana_kurusu": {
    "criteria": {
      "battle_hana_kurusu_0": "2024-09-01 16:18:46 +0000"
    },
    "done": true
  },
  "jujutsucraft:battle_toge_inumaki": {
    "criteria": {
      "battle_toge_inumaki_0": "2024-09-01 16:18:56 +0000"
    },
    "done": true
  },
  "jujutsucraft:battle_charles_bernard": {
    "criteria": {
      "battle_charles_bernard_0": "2024-09-01 16:19:03 +0000"
    },
    "done": true
  },
  "jujutsucraft:battle_cursed_spirit_grade_special_15": {
    "criteria": {
      "battle_cursed_spirit_grade_special_15_0": "2024-09-01 16:21:46 +0000"
    },
    "done": true
  },
  "jujutsucraft:fame_special": {
    "criteria": {
      "fame_special_0": "2024-09-01 16:21:46 +0000"
    },
    "done": true
  },
  "jujutsucraft:battle_uraume": {
    "criteria": {
      "battle_uraume_0": "2024-09-01 16:23:08 +0000"
    },
    "done": true
  },
  "jujutsucraft:sorcerer_grade_1_semi": {
    "criteria": {
      "sorcerer_grade_1_semi_0": "2024-09-01 16:29:41 +0000"
    },
    "done": true
  },
  "jujutsucraft:battle_choso": {
    "criteria": {
      "battle_choso_0": "2024-09-01 16:35:09 +0000"
    },
    "done": true
  },
  "jujutsucraft:battle_eso": {
    "criteria": {
      "battle_eso_0": "2024-09-01 16:35:47 +0000"
    },
    "done": true
  },
  "jujutsucraft:battle_ogami": {
    "criteria": {
      "battle_ogami_0": "2024-09-01 16:37:00 +0000"
    },
    "done": true
  },
  "minecraft:recipes/building_blocks/mossy_stone_bricks_from_vine": {
    "criteria": {
      "has_vine": "2024-09-01 16:38:40 +0000"
    },
    "done": true
  },
  "minecraft:recipes/building_blocks/mossy_cobblestone_from_vine": {
    "criteria": {
      "has_vine": "2024-09-01 16:38:40 +0000"
    },
    "done": true
  },
  "jujutsucraft:battle_masamichi_yaga": {
    "criteria": {
      "battle_masamichi_yaga_0": "2024-09-01 16:41:36 +0000"
    },
    "done": true
  },
  "minecraft:recipes/decorations/snow": {
    "criteria": {
      "has_snowball": "2024-09-01 16:45:53 +0000"
    },
    "done": true
  },
  "minecraft:recipes/building_blocks/snow_block": {
    "criteria": {
      "has_snowball": "2024-09-01 16:45:53 +0000"
    },
    "done": true
  },
  "jujutsucraft:battle_larue": {
    "criteria": {
      "battle_larue_0": "2024-09-01 16:48:55 +0000"
    },
    "done": true
  },
  "jujutsucraft:battle_megumi_fushiguro": {
    "criteria": {
      "battle_megumi_fushiguro_0": "2024-09-01 16:49:51 +0000"
    },
    "done": true
  },
  "jujutsucraft:battle_suguru_geto": {
    "criteria": {
      "battle_suguru_geto_0": "2024-09-01 16:51:30 +0000"
    },
    "done": true
  },
  "jujutsucraft:sorcerer_grade_1": {
    "criteria": {
      "sorcerer_grade_1_0": "2024-09-01 16:51:42 +0000"
    },
    "done": true
  },
  "jujutsucraft:battle_cursed_spirit_grade_special_10": {
    "criteria": {
      "battle_cursed_spirit_grade_special_10_0": "2024-09-01 16:52:35 +0000"
    },
    "done": true
  },
  "jujutsucraft:update": {
    "criteria": {
      "update_0": "2024-09-01 20:58:31 +0000"
    },
    "done": true
  },
  "jujutsucraft:battle_hajime_kashimo": {
    "criteria": {
      "battle_hajime_kashimo_0": "2024-09-01 16:59:41 +0000"
    },
    "done": true
  },
  "jujutsucraft:battle_aoi_todo": {
    "criteria": {
      "battle_aoi_todo_0": "2024-09-01 17:01:30 +0000"
    },
    "done": true
  },
  "jujutsucraft:battle_reggie_star": {
    "criteria": {
      "battle_reggie_star_0": "2024-09-01 17:01:53 +0000"
    },
    "done": true
  },
  "minecraft:recipes/decorations/glow_item_frame": {
    "criteria": {
      "has_item_frame": "2024-09-01 17:03:46 +0000"
    },
    "done": true
  },
  "minecraft:recipes/misc/bone_meal": {
    "criteria": {
      "has_bone": "2024-09-01 17:03:46 +0000"
    },
    "done": true
  },
  "jujutsucraft:battle_mahito": {
    "criteria": {
      "battle_mahito_0": "2024-09-01 20:58:00 +0000"
    },
    "done": true
  },
  "jujutsucraft:sorcerer_grade_special": {
    "criteria": {
      "sorcerer_grade_special_0": "2024-09-01 20:56:32 +0000"
    },
    "done": true
  },
  "DataVersion": 3465
}